Caption,Image,Video,Time Created,Post URL,Post ID
"Conhea as trilhas ao redor do Pico do Bon.

Marca seu amigo para ir fazer uma trilha com voc. ",https://scontent-lax3-1.cdninstagram.com/v/t51.29350-15/316748391_730717458388040_2909219114097608052_n.jpg?stp=dst-jpg_e35_tt6&efg=eyJ2ZW5jb2RlX3RhZyI6IkNBUk9VU0VMX0lURU0uaW1hZ2VfdXJsZ2VuLjE0NDB4MTc5NS5zZHIuZjI5MzUwLmRlZmF1bHRfaW1hZ2UuYzIifQ&_nc_ht=scontent-lax3-1.cdninstagram.com&_nc_cat=108&_nc_oc=Q6cZ2QGnGJMB1x6BcZdfyU9OkIGOER_UVTUhB72n8yHNt5ih-K9-A0KAnbkfKU8hcHVSSzA&_nc_ohc=oijyH44523YQ7kNvwHtoIys&_nc_gid=deDthdMQg1tTJZ5y_kVQYA&edm=APoiHPcBAAAA&ccb=7-5&ig_cache_key=Mjk3Nzc5OTg3NDEzODM3MDc4NA%3D%3D.3-ccb7-5&oh=00_AforQrNfxIHlzYU8lN2nzvizL3m2BRmvlkENT8Wxd33nIA&oe=69789424&_nc_sid=22de04,None,2022-11-23 06:03:50,https://www.instagram.com/p/ClTRTbkOPxm,ClTRTbkOPxm
"Sabe aqueles seus amigos enrolados?

Que vivem falando que vo vir no Pico do Bon e nunca vem?

Marquem esses enrolados aqui. ",https://scontent-lax3-2.cdninstagram.com/v/t51.29350-15/203412395_197203792306127_7731682355851793443_n.jpg?stp=dst-jpg_e35_tt6&efg=eyJ2ZW5jb2RlX3RhZyI6IkZFRUQuaW1hZ2VfdXJsZ2VuLjEwODB4MTA4MC5zZHIuZjI5MzUwLmRlZmF1bHRfaW1hZ2UuYzIifQ&_nc_ht=scontent-lax3-2.cdninstagram.com&_nc_cat=111&_nc_oc=Q6cZ2QGnGJMB1x6BcZdfyU9OkIGOER_UVTUhB72n8yHNt5ih-K9-A0KAnbkfKU8hcHVSSzA&_nc_ohc=GIhIOwQEp2EQ7kNvwEJ2Ggc&_nc_gid=deDthdMQg1tTJZ5y_kVQYA&edm=APoiHPcBAAAA&ccb=7-5&ig_cache_key=MjYwMDQ5MDI3NDg2MjIzMzk1Nw%3D%3D.3-ccb7-5&oh=00_AfoY_T6ORYEdZ3ExrOXbsG5H0Yn_F-4FZkXuDod1oLS4IA&oe=69789F1D&_nc_sid=22de04,None,2021-06-20 16:57:00,https://www.instagram.com/p/CQWzCCDBXll,CQWzCCDBXll
"Pico do Bon e Cachoeira do Bon

Localizados na Serra do Brigadeiro na regio de Araponga

Lugar de paz e contato com a natureza 

  @voealtoaudiovisual @feliciogodinho

Precisando de vdeos e fotos para redes sociais? Imagens de drone? cobertura de eventos?
Entre em contato com a gente! 

 whatsapp  31 996812072",https://scontent-lax3-1.cdninstagram.com/v/t15.5256-10/598816371_955214827675312_6995903880142731532_n.jpg?stp=dst-jpg_e15_tt6&_nc_cat=102&ig_cache_key=MzMxMTUwMTc5NDg2OTA4MTExNzk1NTIxNDY3NDM0MTk5NA%3D%3D.3-ccb7-5&ccb=7-5&_nc_sid=58cdad&efg=eyJ2ZW5jb2RlX3RhZyI6InhwaWRzLjM5MHg2OTMuc2RyLkMzIn0%3D&_nc_ohc=qspxb0QIbDIQ7kNvwEfLTO8&_nc_oc=AdkhtCat0oJtz_3wKVX7nD5jnwaVn3jacX5h5cUjW9dua1KQVsht9-FnKkw8RVfePNQ&_nc_ad=z-m&_nc_cid=0&_nc_zt=23&_nc_ht=scontent-lax3-1.cdninstagram.com&_nc_gid=deDthdMQg1tTJZ5y_kVQYA&oh=00_AfpN5voaseYmnHUjWWbOB8dZC0MN1Plw_pS_uPfL_VshXg&oe=6978A543,https://scontent-lax3-2.cdninstagram.com/o1/v/t2/f2/m82/AQOtO5sbZQgpYYNziUvLC47zsN4wVayktX4nJe8zTtm6MVETrK08CAZwHGMALqp8pE7a-WQBoh7-nJvJD6Fc7aVL6Tjv3GE2sFES8mY.mp4?_nc_cat=111&_nc_sid=5e9851&_nc_ht=scontent-lax3-2.cdninstagram.com&_nc_ohc=s88NPTkki0oQ7kNvwHGOHrf&efg=eyJ2ZW5jb2RlX3RhZyI6Inhwdl9wcm9ncmVzc2l2ZS5JTlNUQUdSQU0uQ0xJUFMuQzMuNzIwLmRhc2hfYmFzZWxpbmVfMV92MSIsInhwdl9hc3NldF9pZCI6MjQ1OTU3NjQ1MjY3NzA0LCJhc3NldF9hZ2VfZGF5cyI6Njk2LCJ2aV91c2VjYXNlX2lkIjoxMDA5OSwiZHVyYXRpb25fcyI6ODUsInVybGdlbl9zb3VyY2UiOiJ3d3cifQ%3D%3D&ccb=17-1&vs=352baa0efa2ef828&_nc_vs=HBksFQIYT2lnX3hwdl9yZWVsc19wZXJtYW5lbnRfcHJvZC85ODRGNkE4NkJDOTE1NzYzNDkwQTU2MkU3RUEwQjhBOF92aWRlb19kYXNoaW5pdC5tcDQVAALIARIAFQIYOnBhc3N0aHJvdWdoX2V2ZXJzdG9yZS9HSFFycGhsYVpMZ19mWEFCQU1TTEhrRXRlT29RYnFfRUFBQUYVAgLIARIAKAAYABsCiAd1c2Vfb2lsATEScHJvZ3Jlc3NpdmVfcmVjaXBlATEVAAAm8Muboc_sbxUCKAJDMywXQFVEOVgQYk4YEmRhc2hfYmFzZWxpbmVfMV92MREAdf4HZeadAQA&_nc_gid=deDthdMQg1tTJZ5y_kVQYA&_nc_zt=28&oh=00_AfoxK5K5tmp1jrql0aHmJMFc2tUoI8GPOQzYPIoPacZWfA&oe=6974A9B0,2025-02-02 17:07:36,https://www.instagram.com/p/C300VZcPXQd,C300VZcPXQd
" Aventura na Serra do Brigadeiro  Um dia inesquecvel!

No ltimo dia 26, vivemos momentos incrveis na Serra do Brigadeiro, cercados por paisagens de tirar o flego e muita energia boa! 
Foi um dia repleto de emoo, superao e conexo com a natureza, com direito a rapel e tirolesa em um cenrio simplesmente espetacular. Cada descida, cada grito de alegria e cada sorriso refletiam o verdadeiro esprito da aventura: vencer o medo e celebrar a vida! 

Se voc ainda no participou de uma experincia assim, vem com a gente nas prximas expedies! Prometemos mais natureza, adrenalina e boas histrias para contar. 

 Vertical Life  Viva o extraordinrio!
#serradobrogadeiro #picodobon #araponga #RapelProfissional #aventura",https://scontent-lax3-2.cdninstagram.com/v/t51.82787-15/572321919_18414955519117392_5671568900619188236_n.jpg?stp=dst-jpg_e15_tt6&_nc_cat=100&ig_cache_key=Mzc1MzM3OTM0ODkwMTM5NDQzNg%3D%3D.3-ccb7-5&ccb=7-5&_nc_sid=58cdad&efg=eyJ2ZW5jb2RlX3RhZyI6InhwaWRzLjU0MHg5NjAuc2RyLkMzIn0%3D&_nc_ohc=SbVMuUfvyKoQ7kNvwFcYMsF&_nc_oc=AdkPfKJH9frjOBhjEGodxmYAZrL2Al3MEgaEzRBjagTD3a1rgDY5u39LQ1CdgX_xg2w&_nc_ad=z-m&_nc_cid=0&_nc_zt=23&_nc_ht=scontent-lax3-2.cdninstagram.com&_nc_gid=deDthdMQg1tTJZ5y_kVQYA&oh=00_Afo7iyEpfw6gZi0rJ0YfINi2e62acQ_5_PW4rUVvgWiSDw&oe=6978AC33,https://scontent-lax3-2.cdninstagram.com/o1/v/t2/f2/m86/AQOkpEfvO1eMaVB4EBDU9M61ZbJa0KZkrxd85pELowTDyk6Es1U_Pt3PqcykDAEnmyfdkaJiHxNoT9EwgkH2oeFdvUtm2LVEOJboSBU.mp4?_nc_cat=106&_nc_sid=5e9851&_nc_ht=scontent-lax3-2.cdninstagram.com&_nc_ohc=wkiAIIqYkLAQ7kNvwFdeBwz&efg=eyJ2ZW5jb2RlX3RhZyI6Inhwdl9wcm9ncmVzc2l2ZS5JTlNUQUdSQU0uQ0xJUFMuQzMuNzIwLmRhc2hfYmFzZWxpbmVfMV92MSIsInhwdl9hc3NldF9pZCI6MjQ4NDUzOTkzNDUxMTA1NDIsImFzc2V0X2FnZV9kYXlzIjo4NiwidmlfdXNlY2FzZV9pZCI6MTAwOTksImR1cmF0aW9uX3MiOjY3LCJ1cmxnZW5fc291cmNlIjoid3d3In0%3D&ccb=17-1&_nc_gid=deDthdMQg1tTJZ5y_kVQYA&_nc_zt=28&vs=4e8ff130a68e01ac&_nc_vs=HBksFQIYUmlnX3hwdl9yZWVsc19wZXJtYW5lbnRfc3JfcHJvZC9DRTQ2NENGQkIzMDA4OEM4RDRCRERBNzE1QkM1OEI4Nl92aWRlb19kYXNoaW5pdC5tcDQVAALIARIAFQIYOnBhc3N0aHJvdWdoX2V2ZXJzdG9yZS9HTXpKTFNMQlZjQ3ZJVGNEQUFveElLd2NyTVZQYnN0VEFRQUYVAgLIARIAKAAYABsCiAd1c2Vfb2lsATEScHJvZ3Jlc3NpdmVfcmVjaXBlATEVAAAmnPikpMqwolgVAigCQzMsF0BQ1U_fO2RaGBJkYXNoX2Jhc2VsaW5lXzFfdjERAHX-B2XmnQEA&oh=00_AfrHjYc8jQIReqyEHChkFHFrMNY4tunKQFqxb-sO4d1vMA&oe=6974B533,2025-10-28 09:22:03,https://www.instagram.com/p/DQWrqGujfgE,DQWrqGujfgE
"Viver no se trata somente de respirar muitos respiram,andam,escutam,falam mas se esquecem de realmente aproveitar todos esses benefcios
De valor ao que voc tem e pode ter certeza que voc tem muito!
Viva!!!

#brasil #trilha #montanha #aventureiros #explorer",https://scontent-lax7-1.cdninstagram.com/v/t51.71878-15/547494568_1305136491263528_4281521744516153886_n.jpg?stp=dst-jpg_e15_tt6&_nc_cat=101&ig_cache_key=MzcyMDg0NjE0NDY3MjIwODE2Ng%3D%3D.3-ccb7-5&ccb=7-5&_nc_sid=58cdad&efg=eyJ2ZW5jb2RlX3RhZyI6InhwaWRzLjY0MHgxMTM2LnNkci5DMyJ9&_nc_ohc=x_6F2KezbykQ7kNvwGuTjkA&_nc_oc=Admn9gJkdA0nkMikSgNA97dyzEMVtdxD1q8CfqlQvbubX2pyXWQoeZhGkcVbP0mo-O4&_nc_ad=z-m&_nc_cid=0&_nc_zt=23&_nc_ht=scontent-lax7-1.cdninstagram.com&_nc_gid=deDthdMQg1tTJZ5y_kVQYA&oh=00_AfpozQSDoBlWYgRsvc_EikRRg_lrWYI8WaDB1HbfCuMKWQ&oe=69789DCE,https://scontent-lax7-1.cdninstagram.com/o1/v/t2/f2/m86/AQMPvvLK0R9jvIU1dweSXbULstj8pWft1Ir0t9Oo6PYQZkruw0CRtcSEQHvCrvZaM-2ncUUxNW8ZEwVcBXcg9er5zLoQ8kfF-UY49Tc.mp4?_nc_cat=101&_nc_sid=5e9851&_nc_ht=scontent-lax7-1.cdninstagram.com&_nc_ohc=JPiQ5eZeU4QQ7kNvwG2_AgN&efg=eyJ2ZW5jb2RlX3RhZyI6Inhwdl9wcm9ncmVzc2l2ZS5JTlNUQUdSQU0uQ0xJUFMuQzMuNzIwLmRhc2hfYmFzZWxpbmVfMV92MSIsInhwdl9hc3NldF9pZCI6MTA5NDMyNjM4Mjg4MTg0MiwiYXNzZXRfYWdlX2RheXMiOjEzMSwidmlfdXNlY2FzZV9pZCI6MTAwOTksImR1cmF0aW9uX3MiOjIzLCJ1cmxnZW5fc291cmNlIjoid3d3In0%3D&ccb=17-1&_nc_gid=deDthdMQg1tTJZ5y_kVQYA&_nc_zt=28&vs=f8738bc0ce6d306f&_nc_vs=HBksFQIYUmlnX3hwdl9yZWVsc19wZXJtYW5lbnRfc3JfcHJvZC9EQzRBRjhCNDIyMzVDQjQwQTM0NThFQUFFMDM3M0FBNF92aWRlb19kYXNoaW5pdC5tcDQVAALIARIAFQIYR2lnX3hwdl9yZWVsc19wZXJtYW5lbnRfc3JfcHJvZC8xMjA5MzE3MTQ3NjY5MDUzXzgxMDYyOTcxODU5MjIzMjE4OTcubXA0FQICyAESACgAGAAbAogHdXNlX29pbAExEnByb2dyZXNzaXZlX3JlY2lwZQExFQAAJuSwj_WW0vEDFQIoAkMzLBdAN4hysCDEnBgSZGFzaF9iYXNlbGluZV8xX3YxEQB1_gdl5p0BAA&oh=00_Afq4_TyMiycQ2jWEbHR_SdG3hNcJv8qdVoD9WW_t3AMVDQ&oe=6974A18E,2025-09-13 12:44:17,https://www.instagram.com/p/DOjGdrNEZUm,DOjGdrNEZUm
#brasil #picobon #trilhasdobrasil,https://scontent-lax3-2.cdninstagram.com/v/t51.71878-15/538321117_1503049871131097_141679033267550473_n.jpg?stp=dst-jpg_e15_tt6&_nc_cat=107&ig_cache_key=MzcwNjYzMjU1OTg1OTg3MzA1Ng%3D%3D.3-ccb7-5&ccb=7-5&_nc_sid=58cdad&efg=eyJ2ZW5jb2RlX3RhZyI6InhwaWRzLjY0MHgxMTM2LnNkci5DMyJ9&_nc_ohc=aVf3JXz6EwAQ7kNvwEgWOuM&_nc_oc=AdmTx1j2ISd-YoMsm3I7Jnn9i_mxxDUfhq_sWG0S5VUAH839mgAErLkJud0m5UNxRZU&_nc_ad=z-m&_nc_cid=0&_nc_zt=23&_nc_ht=scontent-lax3-2.cdninstagram.com&_nc_gid=deDthdMQg1tTJZ5y_kVQYA&oh=00_Afp5rQ9UHsN5gzVg9QooowUnAhlqBYZRHiyIOyPvaLnldw&oe=6978B6F4,https://scontent-lax3-2.cdninstagram.com/o1/v/t2/f2/m86/AQPXQj7C4JKbAvZyfITXV7BKGltGBkj7Lfsig80oC5OYc630zZBEZdQxI07s-dZyLRWanH-BnuJZda_FXNQscWjI-Agn-RgjT94IbIA.mp4?_nc_cat=100&_nc_sid=5e9851&_nc_ht=scontent-lax3-2.cdninstagram.com&_nc_ohc=5hrfcZppIycQ7kNvwGQfBUj&efg=eyJ2ZW5jb2RlX3RhZyI6Inhwdl9wcm9ncmVzc2l2ZS5JTlNUQUdSQU0uQ0xJUFMuQzMuNzIwLmRhc2hfYmFzZWxpbmVfMV92MSIsInhwdl9hc3NldF9pZCI6MjQ5NTYwMjY2NzQwNTYwNjAsImFzc2V0X2FnZV9kYXlzIjoxNTEsInZpX3VzZWNhc2VfaWQiOjEwMDk5LCJkdXJhdGlvbl9zIjoyMSwidXJsZ2VuX3NvdXJjZSI6Ind3dyJ9&ccb=17-1&_nc_gid=deDthdMQg1tTJZ5y_kVQYA&_nc_zt=28&vs=59eef771ccee3846&_nc_vs=HBksFQIYUmlnX3hwdl9yZWVsc19wZXJtYW5lbnRfc3JfcHJvZC9FMTQzNzQyN0IwMkQ3NDdGN0MzRjE0MDhCREQyQjU5Nl92aWRlb19kYXNoaW5pdC5tcDQVAALIARIAFQIYOnBhc3N0aHJvdWdoX2V2ZXJzdG9yZS9HRy1rZXlFb1hITExFeEFFQUdaNXk3bmlSdHdSYnN0VEFRQUYVAgLIARIAKAAYABsCiAd1c2Vfb2lsATEScHJvZ3Jlc3NpdmVfcmVjaXBlATEVAAAm-K3MjvjX1FgVAigCQzMsF0A1gAAAAAAAGBJkYXNoX2Jhc2VsaW5lXzFfdjERAHX-B2XmnQEA&oh=00_AfrNiMbmt3UqbgL_KqwxXoCljHRy0o3oZFeyuvykcOiDIw&oe=69749625,2025-08-24 21:27:10,https://www.instagram.com/p/DNwmqyzWDUg,DNwmqyzWDUg
Por uma vida rica de bons momentos ,https://scontent-lax3-2.cdninstagram.com/v/t51.82787-15/539042973_18058290941617200_9090164040595762448_n.jpg?stp=dst-jpegr_e35_tt6&_nc_cat=103&ig_cache_key=MzcwNjQzODgyMjgxOTY3MTk0MQ%3D%3D.3-ccb7-5&ccb=7-5&_nc_sid=58cdad&efg=eyJ2ZW5jb2RlX3RhZyI6InhwaWRzLjE0NDB4MTkxNC5oZHIuQzMifQ%3D%3D&_nc_ohc=MBhKVVxGZB8Q7kNvwF7DJNm&_nc_oc=AdkoEdrMsHHa1Jk6BzSrbykfaSaBzyTuoiTQeLuT_3FI-f29n5DqQhEUtjuWzYQBM0U&_nc_ad=z-m&_nc_cid=0&_nc_zt=23&_nc_ht=scontent-lax3-2.cdninstagram.com&_nc_gid=deDthdMQg1tTJZ5y_kVQYA&oh=00_AfrZ4H6m4fBCTPUNFQuOORN1UMlCy4g5i1VmCOhuU2GszA&oe=6978A41E,None,2025-08-24 14:59:23,https://www.instagram.com/p/DNv6nwy4tVa,DNv6nwy4tVa
,https://scontent-lax3-2.cdninstagram.com/v/t51.82787-15/529154071_17956607384986905_7791587649853886134_n.jpg?stp=dst-jpg_e35_tt6&_nc_cat=106&ig_cache_key=MzY5NTUzMjI0NzcxMDM0MDU4Ng%3D%3D.3-ccb7-5&ccb=7-5&_nc_sid=58cdad&efg=eyJ2ZW5jb2RlX3RhZyI6InhwaWRzLjE0NDB4MTkyMC5zZHIuQzMifQ%3D%3D&_nc_ohc=05XV5_UJuuAQ7kNvwEQU5ON&_nc_oc=AdlMJ7oOIL-ZGChHanYcMtjvIcbjyaBEeHk0Ztpnma9NELkSh7H4mqeMDhV5FUM8BTs&_nc_ad=z-m&_nc_cid=0&_nc_zt=23&_nc_ht=scontent-lax3-2.cdninstagram.com&_nc_gid=deDthdMQg1tTJZ5y_kVQYA&oh=00_Afp8GwTR0XxvSjzj0TNY8T4svPNH3U9DPzN7wmMtjTT9PQ&oe=6978ACC3,None,2025-08-09 13:49:59,https://www.instagram.com/p/DNJKwPYxvv7,DNJKwPYxvv7
"G A B I |  V I C T O R - 2025

Um pr casamento com tons diferentes! Ficou perfeito! Que destaque

@eigabi_vilela @vitaocarmos 

@picodobone.oficial @valedasluas 

#casamentolindo #noivos #querocasar #PrCasamento #melhoresamigos #noiva #prewidding #casamentosviosa #fotosufv #fotosdecasamento #prcamentonaufv #UFV #TeixeirasMg #arapongamg #casamento #noivos #guaraciabamg #vicosamg #casamentolindo #portofirme #mg #viosalinda #lespaviosa #vicosa #lovely #picodobon",https://scontent-lax3-1.cdninstagram.com/v/t51.82787-15/521531731_18135920677425255_4195851769765459559_n.jpg?stp=dst-jpg_e35_tt6&_nc_cat=102&ig_cache_key=MzY4MjY5OTY4NjgzNDc1MDU5Nw%3D%3D.3-ccb7-5&ccb=7-5&_nc_sid=58cdad&efg=eyJ2ZW5jb2RlX3RhZyI6InhwaWRzLjE0NDB4MTgwMC5zZHIuQzMifQ%3D%3D&_nc_ohc=-EpPKq9TZmAQ7kNvwF6zRbL&_nc_oc=AdlsvzS1LLEu8Bs5TAEPSzb-dlGQ04cii7xzpi9PeT90fYE6pQzZTh9wpHqn-hVzL8Y&_nc_ad=z-m&_nc_cid=0&_nc_zt=23&_nc_ht=scontent-lax3-1.cdninstagram.com&_nc_gid=deDthdMQg1tTJZ5y_kVQYA&oh=00_AfrLiLWQRkkOS7sBHG7NlmwnXpItDHSDBQ6rkm4K8BlWbg&oe=69789A82,None,2025-07-23 10:30:06,https://www.instagram.com/p/DMdCdxKOa75,DMdCdxKOa75
: @ribasvander,https://scontent-lax3-2.cdninstagram.com/v/t51.82787-15/523130403_18072148052501309_5786881747331428895_n.jpg?stp=dst-jpg_e35_tt6&_nc_cat=100&ig_cache_key=MzY4MTg5MTA5NTAxMDUxNjQ5OA%3D%3D.3-ccb7-5&ccb=7-5&_nc_sid=58cdad&efg=eyJ2ZW5jb2RlX3RhZyI6InhwaWRzLjYwMHg3OTcuc2RyLkMzIn0%3D&_nc_ohc=IoKfjKi3gfQQ7kNvwEl45Q0&_nc_oc=AdmQJimHDY2USbfx6BWcLxeC5hSaVO8LXrjT5SiAs2SM_VfISnotVJhS5lfgl_QPaME&_nc_ad=z-m&_nc_cid=0&_nc_zt=23&_nc_ht=scontent-lax3-2.cdninstagram.com&_nc_gid=deDthdMQg1tTJZ5y_kVQYA&oh=00_AfrLG0XbirHlv8qDmm7vj-o2f9GuVRwl9WOC-rs9-tSOqw&oe=6978B2AF,None,2025-07-21 18:07:24,https://www.instagram.com/p/DMYtHJ7RmAz,DMYtHJ7RmAz
: @lucasluiz010,https://scontent-lax3-1.cdninstagram.com/v/t51.82787-15/521543842_18072113324501309_5030355892219886967_n.jpg?stp=dst-jpg_e35_tt6&_nc_cat=102&ig_cache_key=MzY4MTY2ODg0NjQxNjM5NDQ4MQ%3D%3D.3-ccb7-5&ccb=7-5&_nc_sid=58cdad&efg=eyJ2ZW5jb2RlX3RhZyI6InhwaWRzLjk3MXgxMjk0LnNkci5DMyJ9&_nc_ohc=4LRDQHRQmgUQ7kNvwF-7mSx&_nc_oc=AdnDPM4SNWA_Z3azMCoiWuELoC3ss0cTlgOkFmQptHDE1k8e4AINF__HMVmkoAt6iT4&_nc_ad=z-m&_nc_cid=0&_nc_zt=23&_nc_ht=scontent-lax3-1.cdninstagram.com&_nc_gid=Rh0j6wL34b6cYWdzAeb_wA&oh=00_Afo4Ag9SKhDFbgEnj46LVkMYuj99iIz4CT6Wd2UlCVMhrw&oe=6978926D,None,2025-07-21 10:45:50,https://www.instagram.com/p/DMX6k87RXjx,DMX6k87RXjx
: @eu.vinicius_ls,https://scontent-lax3-1.cdninstagram.com/v/t51.82787-15/522044600_18072113270501309_7061918274782812010_n.jpg?stp=dst-jpg_e35_tt6&_nc_cat=110&ig_cache_key=MzY4MTY2ODUyOTg4MDU3NjMxNA%3D%3D.3-ccb7-5&ccb=7-5&_nc_sid=58cdad&efg=eyJ2ZW5jb2RlX3RhZyI6InhwaWRzLjU0Mng0MDguc2RyLkMzIn0%3D&_nc_ohc=8Yw5WJU_xZEQ7kNvwExJIgY&_nc_oc=AdkqEUXQM63JBBGytGhwm-3mNBoD_dWNtTgjNkLNYnypeXRgmqcvCEtk7Ma-woF2t-0&_nc_ad=z-m&_nc_cid=0&_nc_zt=23&_nc_ht=scontent-lax3-1.cdninstagram.com&_nc_gid=Rh0j6wL34b6cYWdzAeb_wA&oh=00_AfogljcsyCeJF9ZoDtq3BPtz-6xh8_vfLvagT0e3Qn5dIg&oe=6978B061,None,2025-07-21 10:45:13,https://www.instagram.com/p/DMX6gfRRfi7,DMX6gfRRfi7
"G A B I |  V I C T O R - 2025

Cada clique desse ensaio  uma pausa no tempo, capturando o amor que cresce a cada passo dessa nova jornada. 
Mais que fotos, so lembranas do incio de um sim para sempre, vivido a dois.

@eigabi_vilela @vitaocarmos 

@picodobone.oficial @valedasluas @pousada_fazenda_do_remanso 

#casamentolindo #noivos #querocasar #PrCasamento #melhoresamigos #noiva #prewidding #casamentosviosa #fotosufv #fotosdecasamento #prcamentonaufv #UFV #TeixeirasMg #arapongamg #casamento #noivos #guaraciabamg #vicosamg #casamentolindo #portofirme #mg #viosalinda #lespaviosa #vicosa #lovely #picodobon",https://scontent-lax3-2.cdninstagram.com/v/t51.82787-15/522346279_18135778195425255_4156167648403129795_n.jpg?stp=dst-jpg_e35_tt6&_nc_cat=107&ig_cache_key=MzY4MTU4NTc4NzMxODA4MDUwNQ%3D%3D.3-ccb7-5&ccb=7-5&_nc_sid=58cdad&efg=eyJ2ZW5jb2RlX3RhZyI6InhwaWRzLjE0NDB4MTgwMC5zZHIuQzMifQ%3D%3D&_nc_ohc=XLCnOh136QkQ7kNvwHYrv2_&_nc_oc=AdkDg8yEiMqejjZcepC5gN-POjRS7LMqrcIS5cN5Vi7HYQetGh9awxsG4ZCo1x4RAI0&_nc_ad=z-m&_nc_cid=0&_nc_zt=23&_nc_ht=scontent-lax3-2.cdninstagram.com&_nc_gid=Rh0j6wL34b6cYWdzAeb_wA&oh=00_AfpaaXpGETSDuq_BqskM-h2jXK9OiucEuzDElX1ZMrJ7Sg&oe=69789226,None,2025-07-21 08:00:50,https://www.instagram.com/p/DMXnscvOie4,DMXnscvOie4
: @nanda_lima_fontes,https://scontent-lax7-1.cdninstagram.com/v/t51.82787-15/523246981_18072010010501309_9031734334163214506_n.jpg?stp=dst-jpg_e35_tt6&_nc_cat=101&ig_cache_key=MzY4MDk3MDY0NTc0NDk5OTA5NQ%3D%3D.3-ccb7-5&ccb=7-5&_nc_sid=58cdad&efg=eyJ2ZW5jb2RlX3RhZyI6InhwaWRzLjk2MHgxMjgwLnNkci5DMyJ9&_nc_ohc=AmsusWmes58Q7kNvwF6HzFv&_nc_oc=AdnutXUe5rkw9Sfk63rkAgFhrLXGDvOSkmqW9bRoRG5tLZ-LSHtrHLekHw6b_pEsDCg&_nc_ad=z-m&_nc_cid=0&_nc_zt=23&_nc_ht=scontent-lax7-1.cdninstagram.com&_nc_gid=Rh0j6wL34b6cYWdzAeb_wA&oh=00_AfqNFn1yacTWV7pfDriDeDKOJ7Yxb6zp-uTrQU7HssPysQ&oe=6978968F,None,2025-07-20 11:38:38,https://www.instagram.com/p/DMVb0y4RVq3,DMVb0y4RVq3
: @marcos__vinicius39,https://scontent-lax3-2.cdninstagram.com/v/t51.82787-15/522195928_18072009947501309_8468163980395599277_n.jpg?stp=dst-jpg_e35_tt6&_nc_cat=103&ig_cache_key=MzY4MDk3MDMyOTcyMTAyMTE2Nw%3D%3D.3-ccb7-5&ccb=7-5&_nc_sid=58cdad&efg=eyJ2ZW5jb2RlX3RhZyI6InhwaWRzLjYyMng4MjYuc2RyLkMzIn0%3D&_nc_ohc=9IG0tJrwY_cQ7kNvwFVojlC&_nc_oc=Adk3T062pSRcgleTAzF90ACv_Pc2Sv4TLKEGVmgxC2LGsiaH81BgtTV901n6zGBDLPs&_nc_ad=z-m&_nc_cid=0&_nc_zt=23&_nc_ht=scontent-lax3-2.cdninstagram.com&_nc_gid=Rh0j6wL34b6cYWdzAeb_wA&oh=00_Afr8NsTCBdjcXZxi2FNyDQZsAZ3y30f0vDsMGs2NEDQN1g&oe=6978B653,None,2025-07-20 11:38:01,https://www.instagram.com/p/DMVbwRax16v,DMVbwRax16v
: @fabrivieira,https://scontent-lax3-1.cdninstagram.com/v/t51.82787-15/520808414_18072008636501309_2694126202428180522_n.jpg?stp=dst-jpg_e35_tt6&_nc_cat=109&ig_cache_key=MzY4MDk2MzYwNDUzMjA0Nzk0MQ%3D%3D.3-ccb7-5&ccb=7-5&_nc_sid=58cdad&efg=eyJ2ZW5jb2RlX3RhZyI6InhwaWRzLjc1MHg3Mzguc2RyLkMzIn0%3D&_nc_ohc=sXCCtY9QJmgQ7kNvwGzIsfV&_nc_oc=AdkyRZ4OpapTBvBS_ShvBFgvK2xfyXT-5kL6YFFyqMATkLECaWVhLsn2nV3nSWVnIJ4&_nc_ad=z-m&_nc_cid=0&_nc_zt=23&_nc_ht=scontent-lax3-1.cdninstagram.com&_nc_gid=Rh0j6wL34b6cYWdzAeb_wA&oh=00_Afp8JvMG46Wv-IEMh1Z6tfoaQIkaWWSMkojqaTD188BQeg&oe=6978A941,None,2025-07-20 11:24:38,https://www.instagram.com/p/DMVaOVPRjBF,DMVaOVPRjBF
: @leorusso79,https://scontent-lax7-1.cdninstagram.com/v/t51.82787-15/521640550_18072008570501309_5306159797074043115_n.jpg?stp=dst-jpg_e35_tt6&_nc_cat=105&ig_cache_key=MzY4MDk2MzIzMzA0MjUwNDUxMw%3D%3D.3-ccb7-5&ccb=7-5&_nc_sid=58cdad&efg=eyJ2ZW5jb2RlX3RhZyI6InhwaWRzLjUwMHgzMzMuc2RyLkMzIn0%3D&_nc_ohc=W-U6NXrNLe0Q7kNvwGzicti&_nc_oc=AdkfoZ2vZO6w7QRc-2q0IHVIGjAYALtxWGXmjUHlWPE3mza00k6ifPgVV8BC0qpVa1g&_nc_ad=z-m&_nc_cid=0&_nc_zt=23&_nc_ht=scontent-lax7-1.cdninstagram.com&_nc_gid=Rh0j6wL34b6cYWdzAeb_wA&oh=00_AfoZERGokM_rGXEOU0pKKYj79M7a46x-XM0QX272d_oreQ&oe=697888CC,None,2025-07-20 11:23:55,https://www.instagram.com/p/DMVaJBdRYLS,DMVaJBdRYLS
: @angelinam_malta,https://scontent-lax3-2.cdninstagram.com/v/t51.82787-15/522395647_18072004403501309_7569172787804432432_n.jpg?stp=dst-jpg_e35_tt6&_nc_cat=103&ig_cache_key=MzY4MDkzODYxMDA5NTczNjA3MQ%3D%3D.3-ccb7-5&ccb=7-5&_nc_sid=58cdad&efg=eyJ2ZW5jb2RlX3RhZyI6InhwaWRzLjg0M3g5MzQuc2RyLkMzIn0%3D&_nc_ohc=Nr2gdZf4hMMQ7kNvwGK32Hs&_nc_oc=AdkUM-88mBIAeVx77RXMGshwMJWG97LEzPfT04LCuyxKPTKYz_n4eOsqckbsBA2VBy8&_nc_ad=z-m&_nc_cid=0&_nc_zt=23&_nc_ht=scontent-lax3-2.cdninstagram.com&_nc_gid=Rh0j6wL34b6cYWdzAeb_wA&oh=00_Afq2hS7pzxbTiJdbh0h6sCCfhMgiWXMtpdmctCSHH23LQw&oe=697896B7,None,2025-07-20 10:34:59,https://www.instagram.com/p/DMVUisnRAfG,DMVUisnRAfG
: @aenderviana1,https://scontent-lax3-1.cdninstagram.com/v/t51.82787-15/521122795_18072000935501309_1505533362606985951_n.jpg?stp=dst-jpg_e35_tt6&_nc_cat=110&ig_cache_key=MzY4MDkyMzM1OTUxMzk0Njg1MQ%3D%3D.3-ccb7-5&ccb=7-5&_nc_sid=58cdad&efg=eyJ2ZW5jb2RlX3RhZyI6InhwaWRzLjExMDR4MTQ3Mi5zZHIuQzMifQ%3D%3D&_nc_ohc=Q4SYmx6PaDMQ7kNvwFdoKtN&_nc_oc=Admunnya9lqTkCEpLHcrj-k7ExerdNl_NJjPO-kKePBTRlKDcww2MpibHtofsjscyPA&_nc_ad=z-m&_nc_cid=0&_nc_zt=23&_nc_ht=scontent-lax3-1.cdninstagram.com&_nc_gid=Rh0j6wL34b6cYWdzAeb_wA&oh=00_AfpS7BTpy9AtNrhRh4Vz7hmYLZ8-4iCvn44-9vsZohdZIw&oe=6978A4B0,None,2025-07-20 10:04:41,https://www.instagram.com/p/DMVREsJRCrj,DMVREsJRCrj
: @tamarabhering,https://scontent-lax3-2.cdninstagram.com/v/t51.82787-15/521461160_18072000848501309_822190398357120543_n.jpg?stp=dst-jpg_e35_tt6&_nc_cat=111&ig_cache_key=MzY4MDkyMjk0NzAxMjUzNTAwNQ%3D%3D.3-ccb7-5&ccb=7-5&_nc_sid=58cdad&efg=eyJ2ZW5jb2RlX3RhZyI6InhwaWRzLjEwMDR4MTMzNC5zZHIuQzMifQ%3D%3D&_nc_ohc=YHYMPYF4cqEQ7kNvwG4xdx5&_nc_oc=AdnAJho3SJYtTwvzyumcFRxK9JN10OrTGrP6J2lwBvWQTOjTQWxn9JF68zIGSDQEV6k&_nc_ad=z-m&_nc_cid=0&_nc_zt=23&_nc_ht=scontent-lax3-2.cdninstagram.com&_nc_gid=Rh0j6wL34b6cYWdzAeb_wA&oh=00_Afqotg1TK9xATaPibXA-Rm0EDY3-LD6kBEOHYAbAk4XWBQ&oe=69789FE5,None,2025-07-20 10:03:52,https://www.instagram.com/p/DMVQ-r-RCLd,DMVQ-r-RCLd
: @ro_assafrao,https://scontent-atl3-2.cdninstagram.com/v/t51.82787-15/521660894_18072000779501309_7940864678879939549_n.jpg?stp=dst-jpg_e35_tt6&_nc_cat=105&ig_cache_key=MzY4MDkyMjU5MDE0NDM3MTYwMw%3D%3D.3-ccb7-5&ccb=7-5&_nc_sid=58cdad&efg=eyJ2ZW5jb2RlX3RhZyI6InhwaWRzLjU4Nng3ODIuc2RyLkMzIn0%3D&_nc_ohc=vAhrrTZQhO4Q7kNvwF9o_XT&_nc_oc=AdlXywP-8PSN7A50_W6-WOjJGZVxe8xTOyVOQesN716B7d3UI-USyxT3z86d2fUoOn0&_nc_ad=z-m&_nc_cid=0&_nc_zt=23&_nc_ht=scontent-atl3-2.cdninstagram.com&_nc_gid=Pwh2x06hSw9O3b6F6ETJWw&oh=00_AfrcVZsBjTP7NgEgdm5h9otnhSjwj0gBmP0GMCG6QBijPQ&oe=6978AA57,None,2025-07-20 10:03:10,https://www.instagram.com/p/DMVQ5ndxdLK,DMVQ5ndxdLK
: @thales.sfs,https://scontent-atl3-3.cdninstagram.com/v/t51.82787-15/521913639_18071998703501309_8114888180180578013_n.jpg?stp=dst-jpg_e35_tt6&_nc_cat=111&ig_cache_key=MzY4MDkxMzA0OTUwMzY2NTc1NQ%3D%3D.3-ccb7-5&ccb=7-5&_nc_sid=58cdad&efg=eyJ2ZW5jb2RlX3RhZyI6InhwaWRzLjg1MHg4NTcuc2RyLkMzIn0%3D&_nc_ohc=DwybjZvez3QQ7kNvwE_lfIs&_nc_oc=AdnJtKF4NCt3oibxsuaktDmUjrU0gi9QwBXp33IS5Ae7vUWWOQKw7I0-ouaOuErFIfg&_nc_ad=z-m&_nc_cid=0&_nc_zt=23&_nc_ht=scontent-atl3-3.cdninstagram.com&_nc_gid=Pwh2x06hSw9O3b6F6ETJWw&oh=00_Afotvw_ckRcrxm0-6MEO4JbnD2F5gU6kneTEON161udDxA&oe=69789A50,None,2025-07-20 09:44:13,https://www.instagram.com/p/DMVOuqMxA5b,DMVOuqMxA5b
: @s_nn1960,https://scontent-atl3-2.cdninstagram.com/v/t51.82787-15/521190713_18071998655501309_7853392603548672816_n.jpg?stp=dst-jpg_e35_tt6&_nc_cat=105&ig_cache_key=MzY4MDkxMjc3MzA4MjUxMjQwOA%3D%3D.3-ccb7-5&ccb=7-5&_nc_sid=58cdad&efg=eyJ2ZW5jb2RlX3RhZyI6InhwaWRzLjExMDR4MTQ3Mi5zZHIuQzMifQ%3D%3D&_nc_ohc=IBIiXbqSft4Q7kNvwFANIHw&_nc_oc=Adnqj-HmryVu1t6wUZTu0CCc146PgB2xM_WcY-i3iIUQpv2NQDZArPFt-MX6TE-kelQ&_nc_ad=z-m&_nc_cid=0&_nc_zt=23&_nc_ht=scontent-atl3-2.cdninstagram.com&_nc_gid=Pwh2x06hSw9O3b6F6ETJWw&oh=00_Afr94qjLEbzuGmZKj7RVP7NWrh1KTQqvaCKnOenjWgX3iQ&oe=69789996,None,2025-07-20 09:43:39,https://www.instagram.com/p/DMVOqowx_wY,DMVOqowx_wY
: @ma_rcelo3781,https://scontent-atl3-3.cdninstagram.com/v/t51.82787-15/522693152_18071996798501309_5506095616522080691_n.jpg?stp=dst-jpg_e35_tt6&_nc_cat=108&ig_cache_key=MzY4MDkwMjU2NzEzMjcwMzI3Mw%3D%3D.3-ccb7-5&ccb=7-5&_nc_sid=58cdad&efg=eyJ2ZW5jb2RlX3RhZyI6InhwaWRzLjc2OHgxMDIwLnNkci5DMyJ9&_nc_ohc=ut4z_3hUp_4Q7kNvwHMk1Xg&_nc_oc=AdmfQRzVDIX072TUkDFVYfTvstO4g4CIioYAq8Sg8RhHTkv268ZgY7SLSRyHuxxXqy8&_nc_ad=z-m&_nc_cid=0&_nc_zt=23&_nc_ht=scontent-atl3-3.cdninstagram.com&_nc_gid=Pwh2x06hSw9O3b6F6ETJWw&oh=00_AfoLynPHuxEonaOnpYLBvx3s6y-pGpfN9ddfK66NCf5v6g&oe=6978BB19,None,2025-07-20 09:23:23,https://www.instagram.com/p/DMVMWOnxsNs,DMVMWOnxsNs
: @victor_vieira31,https://scontent-atl3-3.cdninstagram.com/v/t51.82787-15/521541940_18071996399501309_3879599158179371621_n.jpg?stp=dst-jpg_e35_tt6&_nc_cat=109&ig_cache_key=MzY4MDkwMDM2NDA0OTM2ODQ1Ng%3D%3D.3-ccb7-5&ccb=7-5&_nc_sid=58cdad&efg=eyJ2ZW5jb2RlX3RhZyI6InhwaWRzLjU1MHg3MzEuc2RyLkMzIn0%3D&_nc_ohc=XjRI6uqS0AwQ7kNvwE1fa43&_nc_oc=Adk7X1wMSrSiCcq6bo2ExV67jPQRgegrPDs1WRIh8s7lriwHZVJerGS8qqh5NP4cGKA&_nc_ad=z-m&_nc_cid=0&_nc_zt=23&_nc_ht=scontent-atl3-3.cdninstagram.com&_nc_gid=Pwh2x06hSw9O3b6F6ETJWw&oh=00_Afox8es9sWRD-FuEhM61jo5p82gPtwBu6tugBAJJcIVBTw&oe=6978B54B,None,2025-07-20 09:19:00,https://www.instagram.com/p/DMVL2D8xMWI,DMVL2D8xMWI
: @leorusso79,https://scontent-atl3-2.cdninstagram.com/v/t51.82787-15/520539120_18071996171501309_4790703447278310517_n.jpg?stp=dst-jpg_e35_tt6&_nc_cat=101&ig_cache_key=MzY4MDg5OTI2OTIyNjk3ODIzMA%3D%3D.3-ccb7-5&ccb=7-5&_nc_sid=58cdad&efg=eyJ2ZW5jb2RlX3RhZyI6InhwaWRzLjQyNngyODQuc2RyLkMzIn0%3D&_nc_ohc=SlmMwaglqtsQ7kNvwGcxF7c&_nc_oc=AdmRsqZZNNrkSqQ8IBNOkmAhYI3C6FkH8Dky2N8MfHLpl4K5jhli0FAyPzLqOsxyE3I&_nc_ad=z-m&_nc_cid=0&_nc_zt=23&_nc_ht=scontent-atl3-2.cdninstagram.com&_nc_gid=Pwh2x06hSw9O3b6F6ETJWw&oh=00_AfopfeUVF-p9E66lroQ41duLC9VAn0HlNXzd_9-sK1Zu8Q&oe=6978AC0D,None,2025-07-20 09:16:50,https://www.instagram.com/p/DMVLmNoxajH,DMVLmNoxajH
: @junemarcelo3,https://scontent-atl3-3.cdninstagram.com/v/t51.82787-15/522626663_18071996129501309_3283184889004859509_n.jpg?stp=dst-jpg_e35_tt6&_nc_cat=107&ig_cache_key=MzY4MDg5ODkyMDIxMDUzNTIxMg%3D%3D.3-ccb7-5&ccb=7-5&_nc_sid=58cdad&efg=eyJ2ZW5jb2RlX3RhZyI6InhwaWRzLjUxMngzODQuc2RyLkMzIn0%3D&_nc_ohc=JyDX1nL5nXEQ7kNvwH4F6dd&_nc_oc=AdlLtxQZlHY-Vv6pC_2VuhzDVfJmOvAimxGvD3wsdnsDgrg9-Pm_qdFwiClay_rABfo&_nc_ad=z-m&_nc_cid=0&_nc_zt=23&_nc_ht=scontent-atl3-3.cdninstagram.com&_nc_gid=Pwh2x06hSw9O3b6F6ETJWw&oh=00_AfrVGtWeqPo3LzxZJyxElUQe9F82X3OzUkVvz6oqsfKq7A&oe=69788D6F,None,2025-07-20 09:16:08,https://www.instagram.com/p/DMVLhDRRJMs,DMVLhDRRJMs
: @jessicacruz20,https://scontent-atl3-2.cdninstagram.com/v/t51.82787-15/522508901_18071987495501309_2656615568291725971_n.jpg?stp=dst-jpg_e35_tt6&_nc_cat=102&ig_cache_key=MzY4MDg0OTc3OTcyODMxNTE5Mg%3D%3D.3-ccb7-5&ccb=7-5&_nc_sid=58cdad&efg=eyJ2ZW5jb2RlX3RhZyI6InhwaWRzLjcyMHg5NjEuc2RyLkMzIn0%3D&_nc_ohc=8MAf_dq-QSYQ7kNvwF-bCe3&_nc_oc=Adn6XypiyVZtNyOlACcmwKDSXWm-09L4augP_5SFOo81GxCdqTmFopE-cPVioEKBo0I&_nc_ad=z-m&_nc_cid=0&_nc_zt=23&_nc_ht=scontent-atl3-2.cdninstagram.com&_nc_gid=Pwh2x06hSw9O3b6F6ETJWw&oh=00_AfqCerjfRJqmoIKYpKclaX8rxJCv_ngM8Hrdxm7RWQWVDg&oe=6978A4F3,None,2025-07-20 07:38:30,https://www.instagram.com/p/DMVAWDJRWw7,DMVAWDJRWw7
: @ventura_tulio,https://scontent-atl3-2.cdninstagram.com/v/t51.82787-15/521344549_18071986733501309_7677512516271023786_n.jpg?stp=dst-jpg_e35_tt6&_nc_cat=102&ig_cache_key=MzY4MDg0NTYzMTI5MzE1MTQxOQ%3D%3D.3-ccb7-5&ccb=7-5&_nc_sid=58cdad&efg=eyJ2ZW5jb2RlX3RhZyI6InhwaWRzLjc2NXgxMDIwLnNkci5DMyJ9&_nc_ohc=AU0WVdXlBDsQ7kNvwEuHkVg&_nc_oc=AdlxsHjBzP7wVGl9Wm-wVZEsiHiKiLOHvIDrc2mfL1LUkp2-hgOyHD5Pp2viA04RL5s&_nc_ad=z-m&_nc_cid=0&_nc_zt=23&_nc_ht=scontent-atl3-2.cdninstagram.com&_nc_gid=Pwh2x06hSw9O3b6F6ETJWw&oh=00_AfpA_SIf9H3V21td8ytq79LJ3CTLtLTltOoL-HZADx8shw&oe=6978A3FF,None,2025-07-20 07:30:15,https://www.instagram.com/p/DMU_ZmGRti7,DMU_ZmGRti7
: @fernando.floriano_,https://scontent-atl3-3.cdninstagram.com/v/t51.82787-15/521585780_18071986664501309_4744767563325405629_n.jpg?stp=dst-jpg_e35_tt6&_nc_cat=108&ig_cache_key=MzY4MDg0NTE4NDA5NjQxMzM2Nw%3D%3D.3-ccb7-5&ccb=7-5&_nc_sid=58cdad&efg=eyJ2ZW5jb2RlX3RhZyI6InhwaWRzLjE0NDB4MTA4MC5zZHIuQzMifQ%3D%3D&_nc_ohc=JhP77gdS0eoQ7kNvwE4KjJb&_nc_oc=Adlg434W1sgOO1gmjYS_pYR8vS0ZEIJ0eypTIF6xBKx1UWmBdHqjWjFXx2dNJQa8KjU&_nc_ad=z-m&_nc_cid=0&_nc_zt=23&_nc_ht=scontent-atl3-3.cdninstagram.com&_nc_gid=Pwh2x06hSw9O3b6F6ETJWw&oh=00_AfpWcea8s4pgpFKbGWFsOyOHuIO4bfsfyZrZO0hkdpdhMg&oe=6978AA97,None,2025-07-20 07:29:22,https://www.instagram.com/p/DMU_TK1RNV6,DMU_TK1RNV6
: @carol_duartedd,https://scontent-atl3-2.cdninstagram.com/v/t51.75761-15/502973170_18066929873501309_4412979961700056494_n.jpg?stp=dst-jpg_e35_tt6&_nc_cat=104&ig_cache_key=MzY0NjQzODgyNjQ2NzIxMzQ4MA%3D%3D.3-ccb7-5&ccb=7-5&_nc_sid=58cdad&efg=eyJ2ZW5jb2RlX3RhZyI6InhwaWRzLjgyOHg5NDcuc2RyLkMzIn0%3D&_nc_ohc=81UsLe4IOmAQ7kNvwG8S8xH&_nc_oc=Admerj65sFVs2CJNmvMudjsm1p4LEx7sdhaLjuhYcKE1Q_J7pMnX7-3nYFlVkGuaLYI&_nc_ad=z-m&_nc_cid=0&_nc_zt=23&_nc_ht=scontent-atl3-2.cdninstagram.com&_nc_gid=WQM3mrXVbX5DO2uS-XU-WQ&oh=00_AfrS6bXBTi524f1qF26mSTNRr-pOf8KBgO_RYYh8-ynIPA&oe=697895DE,None,2025-06-02 20:10:05,https://www.instagram.com/p/DKawMzkxHc8,DKawMzkxHc8
,https://scontent-atl3-1.cdninstagram.com/v/t51.75761-15/499661054_18404658007102753_2810737016828416363_n.jpg?stp=dst-jpg_e35_tt6&_nc_cat=100&ig_cache_key=MzYzNTI4NTk3NzM1NTEyNTAzOQ%3D%3D.3-ccb7-5&ccb=7-5&_nc_sid=58cdad&efg=eyJ2ZW5jb2RlX3RhZyI6InhwaWRzLjE0NDB4MTE0Ny5zZHIuQzMifQ%3D%3D&_nc_ohc=WbYiMAps3AcQ7kNvwH0bFrP&_nc_oc=AdlxfeuOkd1JaMIVOG-m6-zxAjvfGLxF_MUBRa-94Q9jVrVrIehuxnN_Kr2b43IY7fg&_nc_ad=z-m&_nc_cid=0&_nc_zt=23&_nc_ht=scontent-atl3-1.cdninstagram.com&_nc_gid=WQM3mrXVbX5DO2uS-XU-WQ&oh=00_AfoSwS6PmyQ1zhrYd3oMIHfuhfswvkWpUl0yPlDKk-ZJpw&oe=69789FD0,None,2025-05-18 19:47:57,https://www.instagram.com/p/DJzIVceNEad,DJzIVceNEad
"Araponga - MG vista de cima!  

 Siga a @samuelvelasco_r

 Gravao e edio por @samuelvelasco_r 

#araponga #mg #vilhavelha #drone #dji #fotografia #lightroom #cidademineira",https://scontent-atl3-3.cdninstagram.com/v/t51.75761-15/486110360_18490947892009198_7955846031892928646_n.jpg?stp=dst-jpg_e15_tt6&_nc_cat=107&ig_cache_key=MzU5NjkxNjkyODg0OTIxNTA4Ng%3D%3D.3-ccb7-5&ccb=7-5&_nc_sid=58cdad&efg=eyJ2ZW5jb2RlX3RhZyI6InhwaWRzLjcyMHgxMjgwLnNkci5DMyJ9&_nc_ohc=LbcWQEzspM8Q7kNvwEue_F7&_nc_oc=Adl85NCqziRDwOsT7_WfKd6XyQjHDdGDj16byxixqNdSIuwIrHVJhJnOb1JPNG0bgzo&_nc_ad=z-m&_nc_cid=0&_nc_zt=23&_nc_ht=scontent-atl3-3.cdninstagram.com&_nc_gid=WQM3mrXVbX5DO2uS-XU-WQ&oh=00_AfpzslfjQWyPwhm3joSk57xGwkpEDgb0ytlth3FqbFisxA&oe=6978A5D8,https://scontent-atl3-3.cdninstagram.com/o1/v/t2/f2/m367/AQM8CpNL4svgWF4riBMmXCeb-i0vAUk4WYzZ--ixptGKB8Y4HVHyzhi1olZuoNj4dHl-NOfcxHPddFDkZHoMyScQPS0KWtqq7Yb6-qE.mp4?_nc_cat=110&_nc_sid=5e9851&_nc_ht=scontent-atl3-3.cdninstagram.com&_nc_ohc=XNyKIkOUmn8Q7kNvwFRk79Z&efg=eyJ2ZW5jb2RlX3RhZyI6Inhwdl9wcm9ncmVzc2l2ZS5JTlNUQUdSQU0uQ0xJUFMuQzMuNzIwLmRhc2hfYmFzZWxpbmVfMV92MSIsInhwdl9hc3NldF9pZCI6OTU2MjY4MDQ2NDk2NzAzLCJhc3NldF9hZ2VfZGF5cyI6MzAyLCJ2aV91c2VjYXNlX2lkIjoxMDA5OSwiZHVyYXRpb25fcyI6NzcsInVybGdlbl9zb3VyY2UiOiJ3d3cifQ%3D%3D&ccb=17-1&vs=5a7e541ba174585c&_nc_vs=HBksFQIYQGlnX2VwaGVtZXJhbC9DOTQ2QkNFRTU5NDE4MDkwRkYyNzI2NkM5NEU2RTFCOV92aWRlb19kYXNoaW5pdC5tcDQVAALIARIAFQIYR2lnX3hwdl9yZWVsc19wZXJtYW5lbnRfc3JfcHJvZC8yMjY3NDQ5ODcwMzE3ODk4XzI1NTM0ODk5ODE4MTE3OTIzMzIubXA0FQICyAESACgAGAAbAogHdXNlX29pbAExEnByb2dyZXNzaXZlX3JlY2lwZQExFQAAJv7OxZOQ7rIDFQIoAkMzLBdAU1EGJN0vGxgSZGFzaF9iYXNlbGluZV8xX3YxEQB1_gdl5p0BAA&_nc_gid=WQM3mrXVbX5DO2uS-XU-WQ&_nc_zt=28&oh=00_AfrZT8p7a3DAF00VmuBRhAyP8uhVrTzHQN_xpRXelYdGVw&oe=6978B627,2025-03-26 12:28:10,https://www.instagram.com/p/DHq0OO2pX5u,DHq0OO2pX5u
" Araponga, uma terra do caf em Minas Gerais,  um convite para quem busca aventura, natureza e tradio! 

Entre montanhas imponentes, cachoeiras cristalinas e um povo acolhedor, cada canto dessa cidade encanta e surpreende. Seja para explorar trilhas incrveis, aproveitar o melhor da cultura mineira ou simplesmente saborear um caf especial, Araponga te espera!

 DESCUBRA VIVA essa experincia.
 SINTA a energia da natureza.
DESCUBRA o melhor de Minas!

Imagens: @samuelvelasco_r 

Marque quem precisa conhecer esse paraso!
 Siga @LespaRegional para mais contedos sobre Araponga. #ArapongaMG #TerraDoCaf #MinasGerais #TurismoMG",https://scontent-atl3-1.cdninstagram.com/v/t51.75761-15/486571172_18071609260847901_5996326875194586084_n.jpg?stp=dst-jpg_e15_tt6&_nc_cat=100&ig_cache_key=MzU5NjM2NzQ2NDEzNDc1OTA3OQ%3D%3D.3-ccb7-5&ccb=7-5&_nc_sid=58cdad&efg=eyJ2ZW5jb2RlX3RhZyI6InhwaWRzLjgyOHgxNDcyLnNkci5DMyJ9&_nc_ohc=CIAGI1tWYNYQ7kNvwE8eHt3&_nc_oc=Adk0r55N7hnrWyEhWzXWOGV2VCesTMHF2kPDDPWQAwLqSuBEx4K2waPt-2fCAwG0Mw4&_nc_ad=z-m&_nc_cid=0&_nc_zt=23&_nc_ht=scontent-atl3-1.cdninstagram.com&_nc_gid=WQM3mrXVbX5DO2uS-XU-WQ&oh=00_AfrYHRcbDMoQd6bqJoidQyz0qSbNeEIstXNWUY6aO_VsNw&oe=6978934C,https://scontent-atl3-2.cdninstagram.com/o1/v/t2/f2/m367/AQMCz_HOgcnjLdJj-clvalfcCgt2fqF4EihPHsLN9SsCTg96cHRS0WwptN7N5EOqSJDDxV6xmAKkPVK0X3SdnN3MXAR_ByTsg36oDXw.mp4?_nc_cat=105&_nc_sid=5e9851&_nc_ht=scontent-atl3-2.cdninstagram.com&_nc_ohc=hClLyLqadPUQ7kNvwG7i26o&efg=eyJ2ZW5jb2RlX3RhZyI6Inhwdl9wcm9ncmVzc2l2ZS5JTlNUQUdSQU0uQ0xJUFMuQzMuNzIwLmRhc2hfYmFzZWxpbmVfMV92MSIsInhwdl9hc3NldF9pZCI6NjUyNTg1OTE3NTM3OTY2LCJhc3NldF9hZ2VfZGF5cyI6MzAzLCJ2aV91c2VjYXNlX2lkIjoxMDA5OSwiZHVyYXRpb25fcyI6NDgsInVybGdlbl9zb3VyY2UiOiJ3d3cifQ%3D%3D&ccb=17-1&_nc_gid=WQM3mrXVbX5DO2uS-XU-WQ&_nc_zt=28&vs=bd0bf90be0b91e44&_nc_vs=HBksFQIYQGlnX2VwaGVtZXJhbC8zQjQ3OTEwQjMyOTg1QjU2MUREMkIyMEMyNjI2RjNBMF92aWRlb19kYXNoaW5pdC5tcDQVAALIARIAFQIYR2lnX3hwdl9yZWVsc19wZXJtYW5lbnRfc3JfcHJvZC8xODEyMjk5MjY2MjMwMTE0XzgxNTE5Mjk3ODAxNDAyOTIwMDIubXA0FQICyAESACgAGAAbAogHdXNlX29pbAExEnByb2dyZXNzaXZlX3JlY2lwZQExFQAAJtz65vy_4agCFQIoAkMzLBdASHMzMzMzMxgSZGFzaF9iYXNlbGluZV8xX3YxEQB1_gdl5p0BAA&oh=00_AfoWoQGEcAqsgr2kFwhVIXTqLwCobbqhKp0cJfFV7P0PeQ&oe=6978B1CA,2025-03-25 18:08:25,https://www.instagram.com/p/DHo3Sd9hlKn,DHo3Sd9hlKn
,https://scontent-atl3-2.cdninstagram.com/v/t51.75761-15/485115653_18058692659501309_1923402121626869301_n.jpg?stp=dst-jpg_e35_tt6&_nc_cat=105&ig_cache_key=MzU4OTY4MDcyMDkxNjA3MDcyMw%3D%3D.3-ccb7-5&ccb=7-5&_nc_sid=58cdad&efg=eyJ2ZW5jb2RlX3RhZyI6InhwaWRzLjEyMDB4MTUwMC5zZHIuQzIifQ%3D%3D&_nc_ohc=kMI4V2HEqiYQ7kNvwHwu_I8&_nc_oc=AdlIuk1sXUUdAGLdDC1KZ-CzPOVLrfayQvAA92tYC3E9TLX8w71dZdbGSIIx6r71j6g&_nc_ad=z-m&_nc_cid=0&_nc_zt=23&_nc_ht=scontent-atl3-2.cdninstagram.com&_nc_gid=WQM3mrXVbX5DO2uS-XU-WQ&oh=00_AfoUMEjJZpEB8x6ezeneYmytKfwcoUMxzJ45EbqBDFlQNw&oe=6978A741,None,2025-03-16 12:41:51,https://www.instagram.com/p/DHRG5jDRUFD,DHRG5jDRUFD
: @carol_duartedd,https://scontent-atl3-1.cdninstagram.com/v/t51.75761-15/483253775_18057990656501309_3167917913734092381_n.jpg?stp=dst-jpg_e35_tt6&_nc_cat=100&ig_cache_key=MzU4NTE1MzA1Nzk5NjE4MDgxOA%3D%3D.3-ccb7-5&ccb=7-5&_nc_sid=58cdad&efg=eyJ2ZW5jb2RlX3RhZyI6InhwaWRzLjkyOHgxMDQxLnNkci5DMyJ9&_nc_ohc=mwH4b--9nLoQ7kNvwEY7cD9&_nc_oc=AdkQjXRzAQ0YExcAYS4lnrbMezlGZM_0Ts4DmQZu1xzBwhDGylZGG8gJ8sbeY3aCF6E&_nc_ad=z-m&_nc_cid=0&_nc_zt=23&_nc_ht=scontent-atl3-1.cdninstagram.com&_nc_gid=WQM3mrXVbX5DO2uS-XU-WQ&oh=00_AfpY7XUx8QGSbtXzSJcVnkN5hwXJPcf4LWfnBSqmOdXHiw&oe=69788E8B,None,2025-03-10 06:46:12,https://www.instagram.com/p/DHBBbYXRI1S,DHBBbYXRI1S
"#tbt Eita, j comecei a escrever a legenda, apaguei, pensei, e t sem palavras ou destreinada em descrever o quo eu amo e o quo explorar a Natureza, a Serra do Brigadeiro me faz bem, me conta uma coisa, qual foi a ltima vez que c tomou um banho de cachoeira? Me conta aqui embaixo nos comentrios? Eu tenho um convite para voc, venha passar um dia ou se hospedar para voc poder tomar caf na fonte, almoar bem e saudvel, caminhar entre as rvores, tomar um banho de cachoeira e lavar todas as inhacas, s sei que ce vai amar! 

#cachoeira #cafepicodobone #turismorural #serradobrigadeiro",https://scontent-atl3-1.cdninstagram.com/v/t51.71878-15/474779194_585029424310718_7947969169211414304_n.jpg?stp=dst-jpg_e15_tt6&_nc_cat=100&ig_cache_key=MzU1MjE2ODI3MTM1ODQxMjg3Ng%3D%3D.3-ccb7-5&ccb=7-5&_nc_sid=58cdad&efg=eyJ2ZW5jb2RlX3RhZyI6InhwaWRzLjY0MHgxMTM2LnNkci5DMyJ9&_nc_ohc=E_6BFx0kTSoQ7kNvwG2qLK-&_nc_oc=Adlz0ZSzAdO1HDZwXe5qlXTEnpvs3qF85q5dz5Oub0n_CFgahSakenEU28QD88hc23g&_nc_ad=z-m&_nc_cid=0&_nc_zt=23&_nc_ht=scontent-atl3-1.cdninstagram.com&_nc_gid=WQM3mrXVbX5DO2uS-XU-WQ&oh=00_AfoLO9h4BrZYOwOZaOKy7CXlijO9PElwLBmhZVNfyvym_g&oe=6978A4BA,https://scontent-atl3-3.cdninstagram.com/o1/v/t2/f2/m367/AQNE-v7QjjoYNmNsxQIfChBgemsvHI77QFgbmxc9x-y1Ega-Bwv6Ro5jwchuvWx6d6loaCVAKlagsNpE4oemHE1Yczdv-ibrfCJkfNA.mp4?_nc_cat=111&_nc_sid=5e9851&_nc_ht=scontent-atl3-3.cdninstagram.com&_nc_ohc=tZZFCkSsxOEQ7kNvwHg-yPw&efg=eyJ2ZW5jb2RlX3RhZyI6Inhwdl9wcm9ncmVzc2l2ZS5JTlNUQUdSQU0uQ0xJUFMuQzIuNzIwLmRhc2hfYmFzZWxpbmVfMV92MSIsInhwdl9hc3NldF9pZCI6MTMyNjAwOTk4ODQxNDk1NSwiYXNzZXRfYWdlX2RheXMiOjM2NCwidmlfdXNlY2FzZV9pZCI6MTAwOTksImR1cmF0aW9uX3MiOjUzLCJ1cmxnZW5fc291cmNlIjoid3d3In0%3D&ccb=17-1&vs=b25666f2775161fe&_nc_vs=HBksFQIYQGlnX2VwaGVtZXJhbC82NjQ5RTE2RDU5NEQ4RENBREMwQkZFNEM4QzczNjI5RV92aWRlb19kYXNoaW5pdC5tcDQVAALIARIAFQIYR2lnX3hwdl9yZWVsc19wZXJtYW5lbnRfc3JfcHJvZC8xNTE1Nzc0NzU1Njg3NTcwXzYzNTA4NDM3NDIzNDU4NTcyMTAubXA0FQICyAESACgAGAAbAogHdXNlX29pbAExEnByb2dyZXNzaXZlX3JlY2lwZQExFQAAJtb3n6X4_9oEFQIoAkMyLBdASqqfvnbItBgSZGFzaF9iYXNlbGluZV8xX3YxEQB1_gdl5p0BAA&_nc_gid=WQM3mrXVbX5DO2uS-XU-WQ&_nc_zt=28&oh=00_AfpohhFjgz13hKrssKejnh8vr5kloa_A4Bu0W9fBY9k_8g&oe=69789768,2025-01-23 17:41:08,https://www.instagram.com/p/DFL1jj8u0hM,DFL1jj8u0hM
"Uma das mil e uma cachoeiras de gua cristalina da Serra do Brigadeiro, Araponga Mg.

#araponga #serradobrigadeiro #cachoeiras",https://scontent-atl3-1.cdninstagram.com/v/t51.75761-15/474528182_18388687561099073_6456860515213263595_n.jpg?stp=dst-jpg_e15_tt6&_nc_cat=100&ig_cache_key=MzU0OTMxMTYwMTgzNzY2MTcwNg%3D%3D.3-ccb7-5&ccb=7-5&_nc_sid=58cdad&efg=eyJ2ZW5jb2RlX3RhZyI6InhwaWRzLjExNzB4MjA4MC5zZHIuQzMifQ%3D%3D&_nc_ohc=vPDX0GbsRdcQ7kNvwHb8_Rs&_nc_oc=AdltTSPtS9kF6wzDBQHYhgwUHZMquz2lNlFvoEvl-IpSaVwUZTFwrSNLyvPMWV5rEJo&_nc_ad=z-m&_nc_cid=0&_nc_zt=23&_nc_ht=scontent-atl3-1.cdninstagram.com&_nc_gid=WQM3mrXVbX5DO2uS-XU-WQ&oh=00_AfpFUKbClbGMx3e-o8gIVAzA6ENlZGtQ8KGJQoBOZ3ZUcw&oe=6978B568,https://scontent-atl3-3.cdninstagram.com/o1/v/t2/f2/m367/AQM_ruCLcmYEDnW7uNc4n-kqgBv1n4CEzD7ZVzUfAEIceDXANI7RBqhUvyLMU8299QTnLgxpn-Zh56EpYIISqbfiawV0LW6fxC8hxWA.mp4?_nc_cat=107&_nc_sid=5e9851&_nc_ht=scontent-atl3-3.cdninstagram.com&_nc_ohc=T_Zo4pgdECcQ7kNvwEoE_aS&efg=eyJ2ZW5jb2RlX3RhZyI6Inhwdl9wcm9ncmVzc2l2ZS5JTlNUQUdSQU0uQ0xJUFMuQzMuNzIwLmRhc2hfYmFzZWxpbmVfMV92MSIsInhwdl9hc3NldF9pZCI6NjI0NTg0NjYzMzcwMzA3LCJhc3NldF9hZ2VfZGF5cyI6MzY4LCJ2aV91c2VjYXNlX2lkIjoxMDA5OSwiZHVyYXRpb25fcyI6MTgsInVybGdlbl9zb3VyY2UiOiJ3d3cifQ%3D%3D&ccb=17-1&_nc_gid=WQM3mrXVbX5DO2uS-XU-WQ&_nc_zt=28&vs=76374cc86cb4c1eb&_nc_vs=HBksFQIYQGlnX2VwaGVtZXJhbC9FRDQxNTMyNDk5RTEyRUI3NUE0RUVFQzVFMUVGMUFCQ192aWRlb19kYXNoaW5pdC5tcDQVAALIARIAFQIYR2lnX3hwdl9yZWVsc19wZXJtYW5lbnRfc3JfcHJvZC8xNTg3NDE5MTg1NDczNDg1XzEzNTU0NDYxNzg0MTg0NzYxNDcubXA0FQICyAESACgAGAAbAogHdXNlX29pbAExEnByb2dyZXNzaXZlX3JlY2lwZQExFQAAJoap8K_Og5wCFQIoAkMzLBdAMszMzMzMzRgSZGFzaF9iYXNlbGluZV8xX3YxEQB1_gdl5p0BAA&oh=00_AfrY18LiJzSW_k_GhSaK5h8CntX9MP71538fk28XOLaqwQ&oe=69789708,2025-01-19 18:57:23,https://www.instagram.com/p/DFBsBjItN4K,DFBsBjItN4K
"Caminhos da Serra

Estrada para o Pico do Bon em Araponga - MG

Serra do Brigadeiro 

 @feliciogodinho",https://scontent-atl3-2.cdninstagram.com/v/t51.29350-15/472001784_568363286083624_7353774703820014208_n.heic?stp=dst-jpg_e35_tt6&efg=eyJ2ZW5jb2RlX3RhZyI6IkZFRUQuaW1hZ2VfdXJsZ2VuLjE0NDB4MTgwMC5zZHIuZjI5MzUwLmRlZmF1bHRfaW1hZ2UuYzIifQ&_nc_ht=scontent-atl3-2.cdninstagram.com&_nc_cat=104&_nc_oc=Q6cZ2QFLS9RFLICGNk9MOhvDAI9sd738se5R3WTdJzaL4vlmuBXs2MUlBKGS9lBC90Q_014&_nc_ohc=XfmmKgfudVoQ7kNvwEVDxY6&_nc_gid=WQM3mrXVbX5DO2uS-XU-WQ&edm=APoiHPcBAAAA&ccb=7-5&ig_cache_key=MzUzNTk1ODMwMTE3NjU3NzgxOQ%3D%3D.3-ccb7-5&oh=00_AfriY8zA6SP1CFDg5SOusaiFjK3GXfmbgwgS93rQIgOStw&oe=6978A3E8&_nc_sid=22de04,None,2025-01-01 08:44:59,https://www.instagram.com/p/DESP1cyOT8b,DESP1cyOT8b
: @brisa_oliveiraa,https://scontent-atl3-3.cdninstagram.com/v/t51.29350-15/471645540_612020684738182_3011434768989009261_n.jpg?stp=dst-jpg_e35_tt6&efg=eyJ2ZW5jb2RlX3RhZyI6IkZFRUQuaW1hZ2VfdXJsZ2VuLjkwN3g5OTUuc2RyLmYyOTM1MC5kZWZhdWx0X2ltYWdlLmMyIn0&_nc_ht=scontent-atl3-3.cdninstagram.com&_nc_cat=110&_nc_oc=Q6cZ2QFLS9RFLICGNk9MOhvDAI9sd738se5R3WTdJzaL4vlmuBXs2MUlBKGS9lBC90Q_014&_nc_ohc=IgYYL8Vub5EQ7kNvwEMsfcs&_nc_gid=WQM3mrXVbX5DO2uS-XU-WQ&edm=APoiHPcBAAAA&ccb=7-5&ig_cache_key=MzUzMjI2MDE3MTUwNDM3NjEyMg%3D%3D.3-ccb7-5&oh=00_Afq1tq2cQCQ2i4mUSOnK-NOkbyP3RTD7yCXdrNTn1AjY2Q&oe=6978AF63&_nc_sid=22de04,None,2024-12-27 06:17:28,https://www.instagram.com/p/DEFG-lIx1k6,DEFG-lIx1k6
: @indiosdamontanha,https://scontent-atl3-2.cdninstagram.com/v/t51.29350-15/465949142_1247564049626632_6181836328788455001_n.jpg?stp=dst-jpg_e35_tt6&efg=eyJ2ZW5jb2RlX3RhZyI6IkZFRUQuaW1hZ2VfdXJsZ2VuLjgwN3g4MDcuc2RyLmYyOTM1MC5kZWZhdWx0X2ltYWdlLmMyIn0&_nc_ht=scontent-atl3-2.cdninstagram.com&_nc_cat=104&_nc_oc=Q6cZ2QE1XSRj4GmCHD-MHMBMZCQn8lUZ7rXPL3KjaTxB3c0RPy8csbQWrCc5l8AyycTU87Q&_nc_ohc=UUQ_x7pk360Q7kNvwEB7_hO&_nc_gid=WRBHVv2VTZLST7nkXwlkMg&edm=APoiHPcBAAAA&ccb=7-5&ig_cache_key=MzQ5NjY3MDM4ODc1MzUxNjQ2Ng%3D%3D.3-ccb7-5&oh=00_AfqRLfsrG8tqf7wmhW5XCxNZye6GtxaryFG-dDoYzmd0LA&oe=6978A700&_nc_sid=22de04,None,2024-11-08 03:46:56,https://www.instagram.com/p/DCGqzFCR8ey,DCGqzFCR8ey
"As belezas de Araponga MG 
#araponga #arapongamg",https://scontent-atl3-3.cdninstagram.com/v/t51.71878-15/503178357_696652386416162_2145537514308432283_n.jpg?stp=dst-jpg_e15_tt6&_nc_cat=110&ig_cache_key=MzQ5Mzc3NjAyODU3OTY2MjE0OTY5NjY1MjM3OTc0OTQ5Ng%3D%3D.3-ccb7-5&ccb=7-5&_nc_sid=58cdad&efg=eyJ2ZW5jb2RlX3RhZyI6InhwaWRzLjcyMHgxMjgwLnNkci5DMyJ9&_nc_ohc=1AkR5EtHHZgQ7kNvwFfhrcJ&_nc_oc=Adl2PNNycTysW00D0T_pLvRQdNArLPrgGLJ9rucaVbNEEEBj_PPNhkkPwrpcNa9WiYI&_nc_ad=z-m&_nc_cid=0&_nc_zt=23&_nc_ht=scontent-atl3-3.cdninstagram.com&_nc_gid=WRBHVv2VTZLST7nkXwlkMg&oh=00_AfrYfAUukcONIV8PkFgd2PQfgMlrzqsYd5OdHYruWP_eJA&oe=6978BCBA,https://scontent-atl3-3.cdninstagram.com/o1/v/t2/f2/m367/AQMCsvU3eeKE1xYSU2eWCiSSyMYvVME_Fipe59TAoOSxcnwWc1-LfmzOmUQhYMSoGxWtgN1CcN6g4KRPeBBkb9FDd6NnsK_fwN_8hsk.mp4?_nc_cat=107&_nc_sid=5e9851&_nc_ht=scontent-atl3-3.cdninstagram.com&_nc_ohc=89xIZTk7ifMQ7kNvwFPpImB&efg=eyJ2ZW5jb2RlX3RhZyI6Inhwdl9wcm9ncmVzc2l2ZS5JTlNUQUdSQU0uQ0xJUFMuQzMuNzIwLmRhc2hfYmFzZWxpbmVfMV92MSIsInhwdl9hc3NldF9pZCI6NTQ2OTA0NDM0NzI0MjkyLCJhc3NldF9hZ2VfZGF5cyI6NDQ0LCJ2aV91c2VjYXNlX2lkIjoxMDA5OSwiZHVyYXRpb25fcyI6NTcsInVybGdlbl9zb3VyY2UiOiJ3d3cifQ%3D%3D&ccb=17-1&_nc_gid=WRBHVv2VTZLST7nkXwlkMg&_nc_zt=28&vs=80dc7cae0a3dce59&_nc_vs=HBksFQIYQGlnX2VwaGVtZXJhbC9BNzREMUJBMzhBOTBBNTVGNDYzNzg5MTQ5QkVGOUJBMF92aWRlb19kYXNoaW5pdC5tcDQVAALIARIAFQIYR2lnX3hwdl9yZWVsc19wZXJtYW5lbnRfc3JfcHJvZC8xMTA0Njg0NjQ0OTkzMzgzXzc5MzczMjQ5MDY2MDY2MDExMTQubXA0FQICyAESACgAGAAbAogHdXNlX29pbAExEnByb2dyZXNzaXZlX3JlY2lwZQExFQAAJoi39siD2vgBFQIoAkMzLBdATO7ZFocrAhgSZGFzaF9iYXNlbGluZV8xX3YxEQB1_gdl5p0BAA&oh=00_AfrAPf4HiYs0wyAin8gwKyiRf-jR1cG0OCPLZGthUNJmSQ&oe=69789910,2024-11-04 03:57:39,https://www.instagram.com/p/DB8YsmERAlF,DB8YsmERAlF
"Meu conceito de luxo  diferente 

Tomar uma gua que brota bem ao topo de um dos Picos mais majestosos do Parque Estadual da Serra do Brigadeiro no tem preo: Trilha Pico do Bon.

#quechua #trilha #picodobone #araponga #serradobrigadeiro",https://scontent-atl3-3.cdninstagram.com/v/t51.71878-15/506015300_1046373370802528_3904430289599032023_n.jpg?stp=dst-jpg_e15_tt6&_nc_cat=110&ig_cache_key=MzQ3OTAxMjUwNDAxMTg5NzY1ODEwNDYzNzMzNTQxMzU4NjM%3D.3-ccb7-5&ccb=7-5&_nc_sid=58cdad&efg=eyJ2ZW5jb2RlX3RhZyI6InhwaWRzLjEwODB4MTkyMC5zZHIuQzMifQ%3D%3D&_nc_ohc=v9sunPpTmAMQ7kNvwF2PIwo&_nc_oc=AdlI3Ku9w5zXzfZoAHFWJDKAMiYk7SxnWww3wByuK_DpcI3IBNd1EfFA4GmB8-GJoYg&_nc_ad=z-m&_nc_cid=0&_nc_zt=23&_nc_ht=scontent-atl3-3.cdninstagram.com&_nc_gid=WRBHVv2VTZLST7nkXwlkMg&oh=00_AfqmkegvAOR7XCvsBTnfRH0nojx92gBMZmKD1LxMpAb9lw&oe=6978A5E5,https://scontent-atl3-2.cdninstagram.com/o1/v/t2/f2/m367/AQOG6IdV1MI3ZPtytKzqRhK0QjWg3Aq_xXllt9QxnPCl2xcR1PyY6A8Q6KJL6rJcP5ngm10eejImrdjU4x0VmdJ8SoX_rQgt7zGyZoI.mp4?_nc_cat=104&_nc_sid=5e9851&_nc_ht=scontent-atl3-2.cdninstagram.com&_nc_ohc=xwlAqVTqNn4Q7kNvwFhAjXJ&efg=eyJ2ZW5jb2RlX3RhZyI6Inhwdl9wcm9ncmVzc2l2ZS5JTlNUQUdSQU0uQ0xJUFMuQzMuNzIwLmRhc2hfYmFzZWxpbmVfMV92MSIsInhwdl9hc3NldF9pZCI6ODgwNTgwODMwNzE1MTE3LCJhc3NldF9hZ2VfZGF5cyI6NDY1LCJ2aV91c2VjYXNlX2lkIjoxMDA5OSwiZHVyYXRpb25fcyI6NjEsInVybGdlbl9zb3VyY2UiOiJ3d3cifQ%3D%3D&ccb=17-1&_nc_gid=WRBHVv2VTZLST7nkXwlkMg&_nc_zt=28&vs=cd0d893af977b1e7&_nc_vs=HBksFQIYQGlnX2VwaGVtZXJhbC8yOTQxRTQ2NjY5QkU3MDQ0RTIxOTA2RjZBODQ2RTE5Q192aWRlb19kYXNoaW5pdC5tcDQVAALIARIAFQIYR2lnX3hwdl9yZWVsc19wZXJtYW5lbnRfc3JfcHJvZC8xMDQxODQ2NDYwNzU0MDk2XzgyNDcyMDg0NjcwNDE5MzM0MzgubXA0FQICyAESACgAGAAbAogHdXNlX29pbAExEnByb2dyZXNzaXZlX3JlY2lwZQExFQAAJtrz4rnGuJADFQIoAkMzLBdATpU_fO2RaBgSZGFzaF9iYXNlbGluZV8xX3YxEQB1_gdl5p0BAA&oh=00_Afoni5QAnyVDrgGsjhcUyU3llf-s0Sl1HLyjlVqkB7Z6bg&oe=697890FD,2024-10-14 20:04:56,https://www.instagram.com/p/DBH73CWxXs6,DBH73CWxXs6
: @valedasluas @vanderli_godinho,https://scontent-atl3-3.cdninstagram.com/v/t51.29350-15/458773245_446748255056252_3494083833911624649_n.jpg?stp=dst-jpg_e35_tt6&efg=eyJ2ZW5jb2RlX3RhZyI6IkZFRUQuaW1hZ2VfdXJsZ2VuLjEyMjF4MTI0My5zZHIuZjI5MzUwLmRlZmF1bHRfaW1hZ2UuYzIifQ&_nc_ht=scontent-atl3-3.cdninstagram.com&_nc_cat=108&_nc_oc=Q6cZ2QE1XSRj4GmCHD-MHMBMZCQn8lUZ7rXPL3KjaTxB3c0RPy8csbQWrCc5l8AyycTU87Q&_nc_ohc=Ypdnwi_63ggQ7kNvwF_xXjq&_nc_gid=WRBHVv2VTZLST7nkXwlkMg&edm=APoiHPcBAAAA&ccb=7-5&ig_cache_key=MzQ1NTA2NTk4NjE5NjMwODU0OQ%3D%3D.3-ccb7-5&oh=00_AfphrfPyHMrTtKHNu-UXE9DXflYDawoXg8FiNtZYeqeP0A&oe=6978AC7C&_nc_sid=22de04,None,2024-09-11 19:06:24,https://www.instagram.com/p/C_y3DVuxAJF,C_y3DVuxAJF
: @daianetormen,https://scontent-atl3-1.cdninstagram.com/v/t51.29350-15/459080488_1213358179868034_4987203191724171205_n.jpg?stp=dst-jpg_e35_tt6&efg=eyJ2ZW5jb2RlX3RhZyI6IkZFRUQuaW1hZ2VfdXJsZ2VuLjc2NHg3NjQuc2RyLmYyOTM1MC5kZWZhdWx0X2ltYWdlLmMyIn0&_nc_ht=scontent-atl3-1.cdninstagram.com&_nc_cat=106&_nc_oc=Q6cZ2QE1XSRj4GmCHD-MHMBMZCQn8lUZ7rXPL3KjaTxB3c0RPy8csbQWrCc5l8AyycTU87Q&_nc_ohc=qGEEg8V7LmkQ7kNvwEr4sH3&_nc_gid=WRBHVv2VTZLST7nkXwlkMg&edm=APoiHPcBAAAA&ccb=7-5&ig_cache_key=MzQ1MzE4MTQ2MTU1MjExMjY3NQ%3D%3D.3-ccb7-5&oh=00_AfrA6ThJvxuMDyJtUY4huBAFDSJ6CzvJMFxBXnwdZkr9Lw&oe=6978BBB8&_nc_sid=22de04,None,2024-09-09 04:42:11,https://www.instagram.com/p/C_sKj5YxyQj,C_sKj5YxyQj
 @thais.paulaa,https://scontent-atl3-1.cdninstagram.com/v/t51.29350-15/457403214_501892592792559_8503745858258076062_n.jpg?stp=dst-jpg_e35_tt6&efg=eyJ2ZW5jb2RlX3RhZyI6IkZFRUQuaW1hZ2VfdXJsZ2VuLjkxOXgxMDE5LnNkci5mMjkzNTAuZGVmYXVsdF9pbWFnZS5jMiJ9&_nc_ht=scontent-atl3-1.cdninstagram.com&_nc_cat=103&_nc_oc=Q6cZ2QE1XSRj4GmCHD-MHMBMZCQn8lUZ7rXPL3KjaTxB3c0RPy8csbQWrCc5l8AyycTU87Q&_nc_ohc=VDiG3Cezg9cQ7kNvwEKjCL2&_nc_gid=WRBHVv2VTZLST7nkXwlkMg&edm=APoiHPcBAAAA&ccb=7-5&ig_cache_key=MzQ0NzQ1NTEwNTIyMDUyNDg3OQ%3D%3D.3-ccb7-5&oh=00_AfrBu2fFQZzmii6eAB0uoMWhzWqLTPF1vicP8Qb-PPN4fA&oe=6978AB2E&_nc_sid=22de04,None,2024-09-01 07:04:56,https://www.instagram.com/p/C_X0icdxrtP,C_X0icdxrtP
"Tudo sobre o Pico do Bon em Araponga/MG 

#euelaeomundao #viagem #picodobone #araponga #arapongamg",https://scontent-atl3-1.cdninstagram.com/v/t51.71878-15/505745636_9948122708569913_6787892116747439407_n.jpg?stp=dst-jpg_e15_tt6&_nc_cat=100&ig_cache_key=MzQzNDAzMzk4MjAwMDcxNTQ0OQ%3D%3D.3-ccb7-5&ccb=7-5&_nc_sid=58cdad&efg=eyJ2ZW5jb2RlX3RhZyI6InhwaWRzLjQ4MHg4NTQuc2RyLkMzIn0%3D&_nc_ohc=mcRq1qeLMnYQ7kNvwGWJPt6&_nc_oc=Adkjoz_E2WMrEIiW0rgAq7wMyGM0ziPwRTmXgZgzWJIaYHPFYNuT1NAgyXRg3uN958c&_nc_ad=z-m&_nc_cid=0&_nc_zt=23&_nc_ht=scontent-atl3-1.cdninstagram.com&_nc_gid=WRBHVv2VTZLST7nkXwlkMg&oh=00_Afo0GWJy9rGfRMde1UFzu2KOaGkevfNjtTbC4AiJfjYniw&oe=69788A96,https://scontent-atl3-3.cdninstagram.com/o1/v/t2/f2/m367/AQOmS4csLaW60R9ZlS-pUBb409X5fim0HLc_qGH_NugECdF2GDtHC8MRP-4GlfrTohGIl85IApRd96izmR_uPnfRJS1TizaVBuCOFIU.mp4?_nc_cat=111&_nc_sid=5e9851&_nc_ht=scontent-atl3-3.cdninstagram.com&_nc_ohc=jRN7ss5F1sEQ7kNvwGMRMEl&efg=eyJ2ZW5jb2RlX3RhZyI6Inhwdl9wcm9ncmVzc2l2ZS5JTlNUQUdSQU0uQ0xJUFMuQzMuNDgwLmRhc2hfYmFzZWxpbmVfMV92MSIsInhwdl9hc3NldF9pZCI6Nzk4MzA0OTY0ODQxMDU3MiwiYXNzZXRfYWdlX2RheXMiOjUyNywidmlfdXNlY2FzZV9pZCI6MTAwOTksImR1cmF0aW9uX3MiOjQ5LCJ1cmxnZW5fc291cmNlIjoid3d3In0%3D&ccb=17-1&_nc_gid=WRBHVv2VTZLST7nkXwlkMg&_nc_zt=28&vs=13ec2a51247982d0&_nc_vs=HBksFQIYQGlnX2VwaGVtZXJhbC9DQjQwMkQ3QjJBREQyOEJEODk3QTcyRDJBMkRENUFCRV92aWRlb19kYXNoaW5pdC5tcDQVAALIARIAFQIYR2lnX3hwdl9yZWVsc19wZXJtYW5lbnRfc3JfcHJvZC8xMDQ2ODgxMDk3MDU4NzExXzI2NTQyMjEyNTU4MTk1ODM5OTMubXA0FQICyAESACgAGAAbAogHdXNlX29pbAExEnByb2dyZXNzaXZlX3JlY2lwZQExFQAAJpi_pOjSoq4cFQIoAkMzLBdASMAAAAAAABgSZGFzaF9iYXNlbGluZV8xX3YxEQB1_gdl5p0BAA&oh=00_AfojlVN787LNk2ZyKM1V2bXwDu5sIONk5HDwM3uscQSeng&oe=6978B828,2024-08-13 18:41:14,https://www.instagram.com/p/C-oI7Zbxda5,C-oI7Zbxda5
Post: @euelaeomundao,https://scontent-atl3-2.cdninstagram.com/v/t51.29350-15/455114870_1188704232444604_4378109137749975125_n.jpg?stp=dst-jpg_e35_tt6&efg=eyJ2ZW5jb2RlX3RhZyI6IkZFRUQuaW1hZ2VfdXJsZ2VuLjk4N3gxMTc3LnNkci5mMjkzNTAuZGVmYXVsdF9pbWFnZS5jMiJ9&_nc_ht=scontent-atl3-2.cdninstagram.com&_nc_cat=104&_nc_oc=Q6cZ2QE1XSRj4GmCHD-MHMBMZCQn8lUZ7rXPL3KjaTxB3c0RPy8csbQWrCc5l8AyycTU87Q&_nc_ohc=bhaGbg6aUpkQ7kNvwFVUdNE&_nc_gid=WRBHVv2VTZLST7nkXwlkMg&edm=APoiHPcBAAAA&ccb=7-5&ig_cache_key=MzQzMjIwMDcwOTcxMjg2MDgxNw%3D%3D.3-ccb7-5&oh=00_AfoYoz9gm8t0A-eCKZJ9mjr2oFBbRJOLm9OEaELk-wTHjw&oe=6978B554&_nc_sid=22de04,None,2024-08-11 05:57:10,https://www.instagram.com/p/C-hoFxkR1aR,C-hoFxkR1aR
Post: @gabrielfreitas03,https://scontent-atl3-3.cdninstagram.com/v/t51.29350-15/452708232_1213286343014793_6855849345393174850_n.jpg?stp=dst-jpg_e35_tt6&efg=eyJ2ZW5jb2RlX3RhZyI6IkZFRUQuaW1hZ2VfdXJsZ2VuLjc2MHg3NjAuc2RyLmYyOTM1MC5kZWZhdWx0X2ltYWdlLmMyIn0&_nc_ht=scontent-atl3-3.cdninstagram.com&_nc_cat=109&_nc_oc=Q6cZ2QE1XSRj4GmCHD-MHMBMZCQn8lUZ7rXPL3KjaTxB3c0RPy8csbQWrCc5l8AyycTU87Q&_nc_ohc=98GLkITWG8EQ7kNvwE0SMlF&_nc_gid=WRBHVv2VTZLST7nkXwlkMg&edm=APoiHPcBAAAA&ccb=7-5&ig_cache_key=MzQxOTU1ODg0NzkxODc4ODY5Mw%3D%3D.3-ccb7-5&oh=00_AfpJ8AT-LGOO4pIaBc3uNqEramAaPG88SdckjJuP_VNONw&oe=69788F83&_nc_sid=22de04,None,2024-07-24 19:20:03,https://www.instagram.com/p/C90tqeSvlBV,C90tqeSvlBV
"Vale das Luas - uma verdadeira experincia nas montanhas do Pico do Bon. @valedasluas 

Posts: @brunosiqueirafisio @r.kerolayne",https://scontent-atl3-3.cdninstagram.com/v/t51.29350-15/451253961_510395441509558_5175978669175323880_n.jpg?stp=dst-jpg_e35_tt6&efg=eyJ2ZW5jb2RlX3RhZyI6IkNBUk9VU0VMX0lURU0uaW1hZ2VfdXJsZ2VuLjE0NDB4MTYyNy5zZHIuZjI5MzUwLmRlZmF1bHRfaW1hZ2UuYzIifQ&_nc_ht=scontent-atl3-3.cdninstagram.com&_nc_cat=110&_nc_oc=Q6cZ2QE1XSRj4GmCHD-MHMBMZCQn8lUZ7rXPL3KjaTxB3c0RPy8csbQWrCc5l8AyycTU87Q&_nc_ohc=UFXoVQR5_GEQ7kNvwEcKKNO&_nc_gid=WRBHVv2VTZLST7nkXwlkMg&edm=APoiHPcBAAAA&ccb=7-5&ig_cache_key=MzQxODEzNzM2MjI4MTUwMzcyNg%3D%3D.3-ccb7-5&oh=00_AfpwbHklWpz6tMmMSou-4L5D0j5iHYyDMDPKsW4gaIgI9w&oe=6978A0E3&_nc_sid=22de04,None,2024-07-22 20:17:12,https://www.instagram.com/p/C9vqdO9R2Si,C9vqdO9R2Si
,https://scontent-atl3-2.cdninstagram.com/v/t51.29350-15/452218607_4241341782856661_7618052209160321338_n.jpg?stp=dst-jpg_e35_tt6&efg=eyJ2ZW5jb2RlX3RhZyI6IkZFRUQuaW1hZ2VfdXJsZ2VuLjg0M3g4NTguc2RyLmYyOTM1MC5kZWZhdWx0X2ltYWdlLmMyIn0&_nc_ht=scontent-atl3-2.cdninstagram.com&_nc_cat=105&_nc_oc=Q6cZ2QH-6wMVtxAExDlsXWZC9ICzPqhbksDvD-ZyckPEW1_DYUvjvXaASbuWZJ3M3SFZSTM&_nc_ohc=q2Eawed1egQQ7kNvwEnGJSF&_nc_gid=YEqNxlyPo70xe03KdrS66w&edm=APoiHPcBAAAA&ccb=7-5&ig_cache_key=MzQxNzMzNTg0ODg4MDYwMDc5Nw%3D%3D.3-ccb7-5&oh=00_Afrvfx838HHmDljRP_1aNVrXG3lwCTQOIiZO8IEY4k53bg&oe=69788B05&_nc_sid=22de04,None,2024-07-21 17:43:21,https://www.instagram.com/p/C9s0NlGvHbd,C9s0NlGvHbd
@pico_do_bone_adventure,https://scontent-atl3-1.cdninstagram.com/v/t51.29350-15/451982074_1420412181980400_4799958823654463930_n.jpg?stp=dst-jpg_e35_tt6&efg=eyJ2ZW5jb2RlX3RhZyI6IkZFRUQuaW1hZ2VfdXJsZ2VuLjEwMjV4MTI2OS5zZHIuZjI5MzUwLmRlZmF1bHRfaW1hZ2UuYzIifQ&_nc_ht=scontent-atl3-1.cdninstagram.com&_nc_cat=100&_nc_oc=Q6cZ2QH-6wMVtxAExDlsXWZC9ICzPqhbksDvD-ZyckPEW1_DYUvjvXaASbuWZJ3M3SFZSTM&_nc_ohc=ga_S6zBkwVMQ7kNvwEYrrz_&_nc_gid=YEqNxlyPo70xe03KdrS66w&edm=APoiHPcBAAAA&ccb=7-5&ig_cache_key=MzQxNjY0NjA2NjAzNDg0NzM1Nw%3D%3D.3-ccb7-5&oh=00_Afo53ruU1Xlc4L0iMgQcwb31behfUTfV2tnaGDosebAX7A&oe=6978B644&_nc_sid=22de04,None,2024-07-20 18:52:52,https://www.instagram.com/p/C9qXX6xPi59,C9qXX6xPi59
"Terra do caf especial, a Serra do Brigadeiro  uma das maiores reservas naturais de Minas Gerais.

Fazenda do Remanso, Estouro, Araponga MG.

Pico do Bon.
.
.
.
.
.
#serradobrigadeiro #picodobon #arapongamg #visiteminasgerais #parqueestadualdaserradobrigadeiro #turismomg #cafepicodobone #terradocaf #visitefervedouro #pousadasmg #canaamg #montanhistasdobrasil #naturezamg",https://scontent-atl3-2.cdninstagram.com/v/t51.71878-15/503323277_1114988987327017_9181540387384256657_n.jpg?stp=dst-jpg_e15_tt6&_nc_cat=104&ig_cache_key=MzM4NTg2MDIxMzAzNzM0ODg5MA%3D%3D.3-ccb7-5&ccb=7-5&_nc_sid=58cdad&efg=eyJ2ZW5jb2RlX3RhZyI6InhwaWRzLjcyMHgxMjgwLnNkci5DMyJ9&_nc_ohc=UvkbB26yErsQ7kNvwHtVack&_nc_oc=AdmVDHfpGS8quaocOzXF9PgmcMLhTyCq0gyvnktOtSi-F1O69XxAYzNawInI0DQL4b0&_nc_ad=z-m&_nc_cid=0&_nc_zt=23&_nc_ht=scontent-atl3-2.cdninstagram.com&_nc_gid=YEqNxlyPo70xe03KdrS66w&oh=00_Afqk6Fkw62TRb1MO96fO9angprQ--bXWAVnoO3tKAMnYJg&oe=6978B828,https://scontent-atl3-2.cdninstagram.com/o1/v/t2/f2/m82/AQMBSuQ5MdjO7OfNZJ-WvvtKixD-63XEY3Ck4PuJLJJ9vvqfYQLd6vc_yzi0UrboamKfyMlA9mNG0zJPv2400MXDSeoXF97iojle2pg.mp4?_nc_cat=105&_nc_sid=5e9851&_nc_ht=scontent-atl3-2.cdninstagram.com&_nc_ohc=bH-z2j9nKBYQ7kNvwHCz7Uv&efg=eyJ2ZW5jb2RlX3RhZyI6Inhwdl9wcm9ncmVzc2l2ZS5JTlNUQUdSQU0uQ0xJUFMuQzMuNzIwLmRhc2hfYmFzZWxpbmVfMV92MSIsInhwdl9hc3NldF9pZCI6ODU0ODE5NzAzMzQzOTQ4LCJhc3NldF9hZ2VfZGF5cyI6NTkzLCJ2aV91c2VjYXNlX2lkIjoxMDA5OSwiZHVyYXRpb25fcyI6NDYsInVybGdlbl9zb3VyY2UiOiJ3d3cifQ%3D%3D&ccb=17-1&_nc_gid=YEqNxlyPo70xe03KdrS66w&_nc_zt=28&vs=526593879db2a408&_nc_vs=HBksFQIYT2lnX3hwdl9yZWVsc19wZXJtYW5lbnRfcHJvZC9CNDQ2Q0YwOEZFMThENEE5QzVCNDhFMjY1MDI1NEFCQV92aWRlb19kYXNoaW5pdC5tcDQVAALIARIAFQIYR2lnX3hwdl9yZWVsc19wZXJtYW5lbnRfc3JfcHJvZC8xMDUyNDQ1MTEyODg1NzE5XzMwMzA3ODUyOTUxMTYzNTA0ODYubXA0FQICyAESACgAGAAbAogHdXNlX29pbAExEnByb2dyZXNzaXZlX3JlY2lwZQExFQAAJpitnoyH3YQDFQIoAkMzLBdARwAAAAAAABgSZGFzaF9iYXNlbGluZV8xX3YxEQB1_gdl5p0BAA&oh=00_AfrY1pMSY6wqC6hrLmsLpAJCLpdk-B-jtXXd5RJWT8QjzA&oe=6974C56E,2024-06-14 13:28:49,https://www.instagram.com/p/C78_ey5ODga,C78_ey5ODga
"Araponga Mg,terra de gente simples e acolhedora, terra dos cafs especiais, aqui temos o privilgio de cultivar caf no alto das montanhas, nesse vdeo vemos o Pico do Bon, seu cume tem 1875 m de altitude e  um dos mais visitados do Parque Estadual da Serra do Brigadeiro, se fosse em linha reta nossa lavoura Sussurros da Floresta  estaria a menos de 1 km. S sei de uma coisa, eu KTIA, me sinto privilegiada por trabalhar e morar na roa de Araponga Mg, e voc, trabalharia ou moraria por aqui?

Imagens drones @joaoandres 

#montanhas #araponga #serradobrigadeiro #cafeespecial #unico #iguarias #cafepicodobone #dronestagram",https://scontent-atl3-3.cdninstagram.com/v/t51.71878-15/504177152_2524409774570118_4595577195162089894_n.jpg?stp=dst-jpg_e15_tt6&_nc_cat=108&ig_cache_key=MzM4NDAyMDA2NTQ4MDE1NTQzNw%3D%3D.3-ccb7-5&ccb=7-5&_nc_sid=58cdad&efg=eyJ2ZW5jb2RlX3RhZyI6InhwaWRzLjExNzB4MjA4MC5zZHIuQzMifQ%3D%3D&_nc_ohc=2hIS9JLJahUQ7kNvwFA3ie2&_nc_oc=Adm8VsyBLJdWHr0YBNQWxeFzD1lewhQLKOjAw3KkVLbmlJzJAR2Gl29w7Y_6s8uHC10&_nc_ad=z-m&_nc_cid=0&_nc_zt=23&_nc_ht=scontent-atl3-3.cdninstagram.com&_nc_gid=YEqNxlyPo70xe03KdrS66w&oh=00_AfqlvetlDFaawVNesQeYqOTMJqsLMRXbICqazA-xLNRcnw&oe=6978BC5C,https://scontent-atl3-3.cdninstagram.com/o1/v/t2/f2/m82/AQOD1y_jj3hkxs_fF8fIlh_xlGJ08GcZah65hYxT_bn6OEJtUM5ZC9y8vMXMHrfbHbegZe504hqVzKsKMCUO2ISTI3JwwaLxcfiMmiU.mp4?_nc_cat=111&_nc_sid=5e9851&_nc_ht=scontent-atl3-3.cdninstagram.com&_nc_ohc=ZDGI8bYd3I4Q7kNvwG1YTh7&efg=eyJ2ZW5jb2RlX3RhZyI6Inhwdl9wcm9ncmVzc2l2ZS5JTlNUQUdSQU0uQ0xJUFMuQzMuNzIwLmRhc2hfYmFzZWxpbmVfMV92MSIsInhwdl9hc3NldF9pZCI6MjIyMzA4ODY4ODAzNTU2MywiYXNzZXRfYWdlX2RheXMiOjU5NiwidmlfdXNlY2FzZV9pZCI6MTAwOTksImR1cmF0aW9uX3MiOjY1LCJ1cmxnZW5fc291cmNlIjoid3d3In0%3D&ccb=17-1&_nc_gid=YEqNxlyPo70xe03KdrS66w&_nc_zt=28&vs=25cb411d8bdb72b5&_nc_vs=HBksFQIYT2lnX3hwdl9yZWVsc19wZXJtYW5lbnRfcHJvZC8zQzQ4OTgxQkU1MzQ0N0I3QTE4NUE1MzQzRjRCNEE4Ql92aWRlb19kYXNoaW5pdC5tcDQVAALIARIAFQIYR2lnX3hwdl9yZWVsc19wZXJtYW5lbnRfc3JfcHJvZC8xNDU3NDc1MDU0ODc4NDc5XzY4OTg4NzYxNzcyNTA4OTk1MzIubXA0FQICyAESACgAGAAbAogHdXNlX29pbAExEnByb2dyZXNzaXZlX3JlY2lwZQExFQAAJtbb77jl-PIHFQIoAkMzLBdAUH3S8an75xgSZGFzaF9iYXNlbGluZV8xX3YxEQB1_gdl5p0BAA&oh=00_Afp9wX7t050Jrx6Tb7E23wEoV5Jb9fsi3p-e3tgiQLJByg&oe=6974A154,2024-06-05 18:31:46,https://www.instagram.com/p/C72dFH7vSEt,C72dFH7vSEt
,https://scontent-atl3-3.cdninstagram.com/v/t51.71878-15/503807025_3139738796190777_2548526757562682101_n.jpg?stp=dst-jpg_e15_tt6&_nc_cat=110&ig_cache_key=MzM3NDY4NjQ5MzEyMDcxNDg3Mg%3D%3D.3-ccb7-5&ccb=7-5&_nc_sid=58cdad&efg=eyJ2ZW5jb2RlX3RhZyI6InhwaWRzLjM5MHg2OTMuc2RyLkMzIn0%3D&_nc_ohc=OF5GxHJ1eHwQ7kNvwFFjeJD&_nc_oc=AdlcCvuXnz0wawFXratqr2QHIhNc5mr7R5YrjqelvhTn4RhweB4wlCDLerH-1GeskyU&_nc_ad=z-m&_nc_cid=0&_nc_zt=23&_nc_ht=scontent-atl3-3.cdninstagram.com&_nc_gid=YEqNxlyPo70xe03KdrS66w&oh=00_AfovSyuaBsej8GGTrRosqNvQqs7c6X-AkeyGQ3il5JCSxQ&oe=6978865F,https://scontent-atl3-2.cdninstagram.com/o1/v/t2/f2/m82/AQMDToNopA_d12LiUPr7A3ITj3RlUqAyPIs9pID0b0bvGaJMGXh51GIYs_YrWtKfTZSqr8yQ9WjWBn8RTt1Q-czCKDgBIA4uCoMndII.mp4?_nc_cat=105&_nc_sid=5e9851&_nc_ht=scontent-atl3-2.cdninstagram.com&_nc_ohc=QJ746O99hsAQ7kNvwG89n8N&efg=eyJ2ZW5jb2RlX3RhZyI6Inhwdl9wcm9ncmVzc2l2ZS5JTlNUQUdSQU0uQ0xJUFMuQzMuNzIwLmRhc2hfYmFzZWxpbmVfMV92MSIsInhwdl9hc3NldF9pZCI6Mjc3NTc3NTQzOTI1Mzc4MywiYXNzZXRfYWdlX2RheXMiOjYwOSwidmlfdXNlY2FzZV9pZCI6MTAwOTksImR1cmF0aW9uX3MiOjIwLCJ1cmxnZW5fc291cmNlIjoid3d3In0%3D&ccb=17-1&_nc_gid=YEqNxlyPo70xe03KdrS66w&_nc_zt=28&vs=ed1e2e759e372257&_nc_vs=HBksFQIYT2lnX3hwdl9yZWVsc19wZXJtYW5lbnRfcHJvZC84RjRCREI2RUZCNEFBNDhEMDJCOTUzQUMzNTQ3MDY4Nl92aWRlb19kYXNoaW5pdC5tcDQVAALIARIAFQIYR2lnX3hwdl9yZWVsc19wZXJtYW5lbnRfc3JfcHJvZC8xNjYwMzUyMjY3ODM2MTI2Xzc2NjA5MDczODQxNjYxNjk0NzUubXA0FQICyAESACgAGAAbAogHdXNlX29pbAExEnByb2dyZXNzaXZlX3JlY2lwZQExFQAAJq7Ew9Cyo-4JFQIoAkMzLBdANDMzMzMzMxgSZGFzaF9iYXNlbGluZV8xX3YxEQB1_gdl5p0BAA&oh=00_Afp6JIWFMdaVb_QUMyxVG03qw2NjFiuc3soYCVLr0tlP_Q&oe=697495CA,2024-05-23 21:29:10,https://www.instagram.com/p/C7VS3xSxNh4,C7VS3xSxNh4
Repost @esther_assis1,https://scontent-atl3-1.cdninstagram.com/v/t51.29350-15/445777041_1139432220619002_91082016446770411_n.jpg?stp=dst-jpg_e35_tt6&efg=eyJ2ZW5jb2RlX3RhZyI6IkZFRUQuaW1hZ2VfdXJsZ2VuLjcwNng3MDYuc2RyLmYyOTM1MC5kZWZhdWx0X2ltYWdlLmMyIn0&_nc_ht=scontent-atl3-1.cdninstagram.com&_nc_cat=106&_nc_oc=Q6cZ2QH-6wMVtxAExDlsXWZC9ICzPqhbksDvD-ZyckPEW1_DYUvjvXaASbuWZJ3M3SFZSTM&_nc_ohc=SEOkIbTNZ1IQ7kNvwHdF7rc&_nc_gid=YEqNxlyPo70xe03KdrS66w&edm=APoiHPcBAAAA&ccb=7-5&ig_cache_key=MzM3Mjc1NTEyODQ0Mjk4NzY4Ng%3D%3D.3-ccb7-5&oh=00_Afp4aA4rTPqRb-M_fL1PArJVkFUC1HagIcI1hZ11GaUS8Q&oe=69788624&_nc_sid=22de04,None,2024-05-21 05:29:25,https://www.instagram.com/p/C7ObutxOKSm,C7ObutxOKSm
"#Repost @dayvelevi

",https://scontent-atl3-1.cdninstagram.com/v/t51.29350-15/442242244_780710827492056_6437871693691963269_n.jpg?stp=dst-jpg_e35_tt6&efg=eyJ2ZW5jb2RlX3RhZyI6IkZFRUQuaW1hZ2VfdXJsZ2VuLjIxNjB4MjE2MC5zZHIuZjI5MzUwLmRlZmF1bHRfaW1hZ2UuYzIifQ&_nc_ht=scontent-atl3-1.cdninstagram.com&_nc_cat=100&_nc_oc=Q6cZ2QH-6wMVtxAExDlsXWZC9ICzPqhbksDvD-ZyckPEW1_DYUvjvXaASbuWZJ3M3SFZSTM&_nc_ohc=ZkQzrH_eC9MQ7kNvwFxq0_D&_nc_gid=YEqNxlyPo70xe03KdrS66w&edm=APoiHPcBAAAA&ccb=7-5&ig_cache_key=MzM2MTkyOTQyMjM4NTU4NDM0MQ%3D%3D.3-ccb7-5&oh=00_AfpwEx0oIO6GpfkOZox-oDY_AKmppoIj1CnQvXymEUZb4w&oe=69789545&_nc_sid=22de04,None,2024-05-06 07:00:40,https://www.instagram.com/p/C6n-P9VOhjV,C6n-P9VOhjV
Informaes pelo WatsApp 31/9 9999.7850,https://scontent-atl3-2.cdninstagram.com/v/t51.71878-15/500914152_1884472412350737_8116106235421435630_n.jpg?stp=dst-jpg_e15_tt6&_nc_cat=101&ig_cache_key=MzM2MDUzNDI2NzM4ODU2NjIxMg%3D%3D.3-ccb7-5&ccb=7-5&_nc_sid=58cdad&efg=eyJ2ZW5jb2RlX3RhZyI6InhwaWRzLjEwODB4MTkyMC5zZHIuQzMifQ%3D%3D&_nc_ohc=ce2pKCr_fv4Q7kNvwFqX8qr&_nc_oc=Adn6poiHW8c14-M-miN-LQhCWGGv9blzCOtHNtwx9GSqQmKThU0RWcPh6hSPTYVdxZg&_nc_ad=z-m&_nc_cid=0&_nc_zt=23&_nc_ht=scontent-atl3-2.cdninstagram.com&_nc_gid=YEqNxlyPo70xe03KdrS66w&oh=00_AfrfXi4eYk7U87wOBFKvgpvg-oErskPPbjlMuRIZE90QOg&oe=6978A76C,https://scontent-atl3-1.cdninstagram.com/o1/v/t2/f2/m82/AQM5WeXlf-l4Q_baLD3lihx3Fx0tKLhOessH5cTYBF9gxTvoxxZwm-4siwUxvYj9FLiGDUXEUgcDfznBunlALFkT1ejX4mpruRr3tzE.mp4?_nc_cat=106&_nc_sid=5e9851&_nc_ht=scontent-atl3-1.cdninstagram.com&_nc_ohc=mZQQfgcz-mIQ7kNvwHTJJAv&efg=eyJ2ZW5jb2RlX3RhZyI6Inhwdl9wcm9ncmVzc2l2ZS5JTlNUQUdSQU0uQ0xJUFMuQzMuNzIwLmRhc2hfYmFzZWxpbmVfMV92MSIsInhwdl9hc3NldF9pZCI6MTYxMTU5OTM3NjMwNDcxMCwiYXNzZXRfYWdlX2RheXMiOjYyOCwidmlfdXNlY2FzZV9pZCI6MTAwOTksImR1cmF0aW9uX3MiOjQ1LCJ1cmxnZW5fc291cmNlIjoid3d3In0%3D&ccb=17-1&_nc_gid=YEqNxlyPo70xe03KdrS66w&_nc_zt=28&vs=44b6819270191a09&_nc_vs=HBksFQIYT2lnX3hwdl9yZWVsc19wZXJtYW5lbnRfcHJvZC83MTQ1REQxRTJFNDZGRTQ2QjNDMTc2RkE0ODE5NkQ5Nl92aWRlb19kYXNoaW5pdC5tcDQVAALIARIAFQIYOnBhc3N0aHJvdWdoX2V2ZXJzdG9yZS9HT1RqU3hwZXpqcUpnR2NEQUNJWmdRZ0N2MVlLYnFfRUFBQUYVAgLIARIAKAAYABsCiAd1c2Vfb2lsATEScHJvZ3Jlc3NpdmVfcmVjaXBlATEVAAAmjKnChbfv3AUVAigCQzMsF0BGrtkWhysCGBJkYXNoX2Jhc2VsaW5lXzFfdjERAHX-B2XmnQEA&oh=00_Afqna6_1V4hEnSsWuqJChXwVBnoHB8hMr8jc4YX58AXO2w&oe=6974997F,2024-05-04 08:54:42,https://www.instagram.com/p/C6jBBx_ORrE,C6jBBx_ORrE
"#Repost @michelefernandarosadelfino with @use.repost

Muitos querem a brisa das alturas e a vista deslumbrante das paisagens, mas no querem escalar as montanhas. Augusto Cury

#natureza #montanhas #caminhadadodia",https://scontent-atl3-1.cdninstagram.com/v/t51.29350-15/441029852_953186799931716_8105029063370295570_n.jpg?stp=dst-jpg_e35_tt6&efg=eyJ2ZW5jb2RlX3RhZyI6IkZFRUQuaW1hZ2VfdXJsZ2VuLjE0NDB4MTgwMC5zZHIuZjI5MzUwLmRlZmF1bHRfaW1hZ2UuYzIifQ&_nc_ht=scontent-atl3-1.cdninstagram.com&_nc_cat=100&_nc_oc=Q6cZ2QH-6wMVtxAExDlsXWZC9ICzPqhbksDvD-ZyckPEW1_DYUvjvXaASbuWZJ3M3SFZSTM&_nc_ohc=aBy9vEGJS-UQ7kNvwEiC1yU&_nc_gid=YEqNxlyPo70xe03KdrS66w&edm=APoiHPcBAAAA&ccb=7-5&ig_cache_key=MzM1NjQ3ODIwNzQzODk5OTE5Nw%3D%3D.3-ccb7-5&oh=00_AfrY-OW_5PWhjE_l8EIkr5q1amM9h1NUVv4GtJpl3UE9_Q&oe=6978885E&_nc_sid=22de04,None,2024-04-28 18:30:04,https://www.instagram.com/p/C6UmyVyvc6d,C6UmyVyvc6d
 assim a? ,https://scontent-atl3-3.cdninstagram.com/v/t51.71878-15/503644023_1110923291071471_3228308070829647209_n.jpg?stp=dst-jpg_e15_tt6&_nc_cat=108&ig_cache_key=MzM1NDY0OTE5MDE3MTQyNDg2MA%3D%3D.3-ccb7-5&ccb=7-5&_nc_sid=58cdad&efg=eyJ2ZW5jb2RlX3RhZyI6InhwaWRzLjQ4MHg4NTQuc2RyLkMzIn0%3D&_nc_ohc=viEWr9D4cnEQ7kNvwFePOz1&_nc_oc=Adk4_w-3_PCXcE-PmJqOALbjrIScMngKHiTDw_d2eTHEe_F0lQu8vAPVLRAHSheupEo&_nc_ad=z-m&_nc_cid=0&_nc_zt=23&_nc_ht=scontent-atl3-3.cdninstagram.com&_nc_gid=YEqNxlyPo70xe03KdrS66w&oh=00_Afp826c4LKa8Jlc4JJu012HfgBjyKVmuSWgJtcC4Jme4EQ&oe=69789715,https://scontent-atl3-3.cdninstagram.com/o1/v/t2/f2/m82/AQMEOPrT21wm8fgnhq3uC_629iIvsNatPfqMTy89RFh550_CZOYNgCigzDgY-nwiR9QwgQaWWdy_UuxanIjssvv8Xvq9HnpymH_PFYI.mp4?_nc_cat=107&_nc_sid=5e9851&_nc_ht=scontent-atl3-3.cdninstagram.com&_nc_ohc=WLSKpQXywpEQ7kNvwEoayio&efg=eyJ2ZW5jb2RlX3RhZyI6Inhwdl9wcm9ncmVzc2l2ZS5JTlNUQUdSQU0uQ0xJUFMuQzMuNDgwLmRhc2hfYmFzZWxpbmVfMV92MSIsInhwdl9hc3NldF9pZCI6ODIzMTE1NTUzMTg1NTgxLCJhc3NldF9hZ2VfZGF5cyI6NjM2LCJ2aV91c2VjYXNlX2lkIjoxMDA5OSwiZHVyYXRpb25fcyI6MTMsInVybGdlbl9zb3VyY2UiOiJ3d3cifQ%3D%3D&ccb=17-1&vs=c92dfc16483cc0bf&_nc_vs=HBksFQIYT2lnX3hwdl9yZWVsc19wZXJtYW5lbnRfcHJvZC9GNDQwNDQwRkJFODc2ODdDNDVCRTYzNzdENjNDQ0ZCNV92aWRlb19kYXNoaW5pdC5tcDQVAALIARIAFQIYOnBhc3N0aHJvdWdoX2V2ZXJzdG9yZS9HUG14UVJwblJvbnNWRklFQURzV3FOcVlEYVZ1YnFfRUFBQUYVAgLIARIAKAAYABsCiAd1c2Vfb2lsATEScHJvZ3Jlc3NpdmVfcmVjaXBlATEVAAAm2vzA4tCn9gIVAigCQzMsF0ArVP3ztkWiGBJkYXNoX2Jhc2VsaW5lXzFfdjERAHX-B2XmnQEA&_nc_gid=YEqNxlyPo70xe03KdrS66w&_nc_zt=28&oh=00_AfoWdKlXB3QcI0RMd8NxQDoECTl8xghhOS2nX3FUCQNSlg&oe=6974BC78,2024-04-26 05:56:20,https://www.instagram.com/p/C6OG6ouODhc,C6OG6ouODhc
#Repost @_leticia__lopes,https://scontent-atl3-2.cdninstagram.com/v/t51.29350-15/439611733_1075676936853253_2359546690611952759_n.jpg?stp=dst-jpg_e35_tt6&efg=eyJ2ZW5jb2RlX3RhZyI6IkZFRUQuaW1hZ2VfdXJsZ2VuLjE0NDB4MTgwMC5zZHIuZjI5MzUwLmRlZmF1bHRfaW1hZ2UuYzIifQ&_nc_ht=scontent-atl3-2.cdninstagram.com&_nc_cat=101&_nc_oc=Q6cZ2QGGf-1EdHz_aQ3VAykYEnrdgUI_vGv55BS8f14KqXPPXU_AMHYH_tuerJ5tCdazaZQ&_nc_ohc=0xqIRWkHbKsQ7kNvwGANKOJ&_nc_gid=8v3uHBhSr-TPq7P7KzPPGw&edm=APoiHPcBAAAA&ccb=7-5&ig_cache_key=MzM1MjE4ODE0NDMzMzU2MjI4MQ%3D%3D.3-ccb7-5&oh=00_Afq_KWxkjItvF80Nsnau2BoVDMDPozN2nPzTiLNgUoq4LQ&oe=69789DB3&_nc_sid=22de04,None,2024-04-22 20:26:30,https://www.instagram.com/p/C6FXVtLRyGp,C6FXVtLRyGp
Bora?,https://scontent-atl3-3.cdninstagram.com/v/t51.71878-15/501206898_1248549663373269_5125726359113506115_n.jpg?stp=dst-jpg_e15_tt6&_nc_cat=110&ig_cache_key=MzM0OTcyNTc4ODY1NDYzOTIwNA%3D%3D.3-ccb7-5&ccb=7-5&_nc_sid=58cdad&efg=eyJ2ZW5jb2RlX3RhZyI6InhwaWRzLjQ4MHg4NTQuc2RyLkMzIn0%3D&_nc_ohc=MGLZ8RHJl9wQ7kNvwEeS2O3&_nc_oc=AdlTdrDDpmn00Zx6jxtrqWkDqZL2tHVIvePyeEIEvXz209__9b_GzEu7jz5aPp6F0cg&_nc_ad=z-m&_nc_cid=0&_nc_zt=23&_nc_ht=scontent-atl3-3.cdninstagram.com&_nc_gid=8v3uHBhSr-TPq7P7KzPPGw&oh=00_Afoqb5wYcSOqcEWA3-M56CiHtsPT63c_SOce2-5p-ujJEQ&oe=69788B88,https://scontent-atl3-2.cdninstagram.com/o1/v/t2/f2/m82/AQOhraCijHgV7mYPrDiORUmV5w4eTI1Ppw2gp1DADCUJY3Vl_raWjYWVcYcuNm340YDA2OCkdkDdkEjgyXwaCFp4-sHUvjsTB44_kYQ.mp4?_nc_cat=104&_nc_sid=5e9851&_nc_ht=scontent-atl3-2.cdninstagram.com&_nc_ohc=y99awugi48YQ7kNvwHmwl-B&efg=eyJ2ZW5jb2RlX3RhZyI6Inhwdl9wcm9ncmVzc2l2ZS5JTlNUQUdSQU0uQ0xJUFMuQzMuNDgwLmRhc2hfYmFzZWxpbmVfMV92MSIsInhwdl9hc3NldF9pZCI6OTc1OTAyMzczOTcxMzM0LCJhc3NldF9hZ2VfZGF5cyI6NjQzLCJ2aV91c2VjYXNlX2lkIjoxMDA5OSwiZHVyYXRpb25fcyI6NywidXJsZ2VuX3NvdXJjZSI6Ind3dyJ9&ccb=17-1&vs=89516c262b69b49f&_nc_vs=HBksFQIYT2lnX3hwdl9yZWVsc19wZXJtYW5lbnRfcHJvZC9FMDRBOTNBRDNEMjY5QjZDMEE3RUI0MkJBRkZCMEJCRV92aWRlb19kYXNoaW5pdC5tcDQVAALIARIAFQIYOnBhc3N0aHJvdWdoX2V2ZXJzdG9yZS9HS2poS2hxcE0yRXlzNDhGQU1wT2lycnZaZ1p2YnFfRUFBQUYVAgLIARIAKAAYABsCiAd1c2Vfb2lsATEScHJvZ3Jlc3NpdmVfcmVjaXBlATEVAAAmjJawpf_kuwMVAigCQzMsF0AciDEm6XjVGBJkYXNoX2Jhc2VsaW5lXzFfdjERAHX-B2XmnQEA&_nc_gid=8v3uHBhSr-TPq7P7KzPPGw&_nc_zt=28&oh=00_Afp05OEuwhLsAkQC3Ph6ibaV7qKnC9nzGCXaEPTN7oq2jA&oe=6974BB41,2024-04-19 10:54:26,https://www.instagram.com/p/C58ndtvuZhk,C58ndtvuZhk
"#Repost @analuizagomest

Terceira vez sendo desafiada pelo @picodobone.oficial ",https://scontent-atl3-2.cdninstagram.com/v/t51.29350-15/438902779_3848453052141302_5317631575848037240_n.jpg?stp=dst-jpg_e35_tt6&efg=eyJ2ZW5jb2RlX3RhZyI6IkZFRUQuaW1hZ2VfdXJsZ2VuLjE0NDB4MTgwMC5zZHIuZjI5MzUwLmRlZmF1bHRfaW1hZ2UuYzIifQ&_nc_ht=scontent-atl3-2.cdninstagram.com&_nc_cat=102&_nc_oc=Q6cZ2QGGf-1EdHz_aQ3VAykYEnrdgUI_vGv55BS8f14KqXPPXU_AMHYH_tuerJ5tCdazaZQ&_nc_ohc=3Q7WsvDfqL0Q7kNvwH2DMKK&_nc_gid=8v3uHBhSr-TPq7P7KzPPGw&edm=APoiHPcBAAAA&ccb=7-5&ig_cache_key=MzM0OTExMTQxODkwODg0ODQxNg%3D%3D.3-ccb7-5&oh=00_Afq6Au8Rg97DJRtuRQY7WWxbeMG34mse7HcPCXcPrIwa5w&oe=69789ED6&_nc_sid=22de04,None,2024-04-18 14:33:35,https://www.instagram.com/p/C56bxdVRDEg,C56bxdVRDEg
Quem tambm fica assim? ,https://scontent-atl3-2.cdninstagram.com/v/t51.71878-15/503286571_731935639265596_1951024371760478739_n.jpg?stp=dst-jpg_e15_tt6&_nc_cat=102&ig_cache_key=MzM0Mzk1Njc0MzYyODE3MDU1Ng%3D%3D.3-ccb7-5&ccb=7-5&_nc_sid=58cdad&efg=eyJ2ZW5jb2RlX3RhZyI6InhwaWRzLjQ4MHg4NTQuc2RyLkMzIn0%3D&_nc_ohc=m7cNKrNsqvUQ7kNvwHLB9aS&_nc_oc=Adl8qtNwyhKlG-X-5N6djV53cIJDulod7FJwEn1fFJySm5m-ZbS1j_oOUoVxVY8vnww&_nc_ad=z-m&_nc_cid=0&_nc_zt=23&_nc_ht=scontent-atl3-2.cdninstagram.com&_nc_gid=8v3uHBhSr-TPq7P7KzPPGw&oh=00_AfoOXX7ovyCU54i_ZJG0juZOjfS7L32bi_od2f1oMfVTgA&oe=6978B8E8,https://scontent-atl3-2.cdninstagram.com/o1/v/t2/f2/m82/AQPgO2oxm7cZby8FbDC1XG2PBZCesRuTMkD0cLoWzNrg0DfyRSg5lO47AAQFvh2ZWz7FUhQuILSmKjcnUCNKDRybImqqU4AD0S5wo44.mp4?_nc_cat=105&_nc_sid=5e9851&_nc_ht=scontent-atl3-2.cdninstagram.com&_nc_ohc=x4TkB3BInGgQ7kNvwFnXtR1&efg=eyJ2ZW5jb2RlX3RhZyI6Inhwdl9wcm9ncmVzc2l2ZS5JTlNUQUdSQU0uQ0xJUFMuQzMuNDgwLmRhc2hfYmFzZWxpbmVfMV92MSIsInhwdl9hc3NldF9pZCI6NDU2NDQ0MTYzNDgxNDEzLCJhc3NldF9hZ2VfZGF5cyI6NjUxLCJ2aV91c2VjYXNlX2lkIjoxMDA5OSwiZHVyYXRpb25fcyI6NywidXJsZ2VuX3NvdXJjZSI6Ind3dyJ9&ccb=17-1&_nc_gid=8v3uHBhSr-TPq7P7KzPPGw&_nc_zt=28&vs=d2ca68390b4b3035&_nc_vs=HBksFQIYT2lnX3hwdl9yZWVsc19wZXJtYW5lbnRfcHJvZC81ODQ1MTBCOTlEM0QyMTZDQUE0RjZCQTA1MjMxNjE4OV92aWRlb19kYXNoaW5pdC5tcDQVAALIARIAFQIYOnBhc3N0aHJvdWdoX2V2ZXJzdG9yZS9HQTVnRWhxNGZuV2duRTBCQUFLemRma1R1VllqYnFfRUFBQUYVAgLIARIAKAAYABsCiAd1c2Vfb2lsATEScHJvZ3Jlc3NpdmVfcmVjaXBlATEVAAAmiv3Kg8bIzwEVAigCQzMsF0AczMzMzMzNGBJkYXNoX2Jhc2VsaW5lXzFfdjERAHX-B2XmnQEA&oh=00_AfpFq8jUMNeiGvOC4QR0uRT3M5K5FK6PxjtqjYA7Yn_uOg&oe=69749B76,2024-04-11 11:52:24,https://www.instagram.com/p/C5oHvD4OqU8,C5oHvD4OqU8
"#Repost @gracianerqueiroz

Mais um sbado de aventura!",https://scontent-atl3-2.cdninstagram.com/v/t51.29350-15/435555569_740602854730481_3767644888093328622_n.jpg?stp=dst-jpg_e35_tt6&efg=eyJ2ZW5jb2RlX3RhZyI6IkZFRUQuaW1hZ2VfdXJsZ2VuLjE0NDB4MTA4NS5zZHIuZjI5MzUwLmRlZmF1bHRfaW1hZ2UuYzIifQ&_nc_ht=scontent-atl3-2.cdninstagram.com&_nc_cat=105&_nc_oc=Q6cZ2QGGf-1EdHz_aQ3VAykYEnrdgUI_vGv55BS8f14KqXPPXU_AMHYH_tuerJ5tCdazaZQ&_nc_ohc=Ho1nqzvN830Q7kNvwHRgAtZ&_nc_gid=8v3uHBhSr-TPq7P7KzPPGw&edm=APoiHPcBAAAA&ccb=7-5&ig_cache_key=MzM0MDI4ODcwMTYxODY4ODE0NA%3D%3D.3-ccb7-5&oh=00_Afp_uIJ4lbIi2sMjnmp50mJN9XWbX2goLOhk6Hbu1v-uNQ&oe=69788CB3&_nc_sid=22de04,None,2024-04-06 10:24:25,https://www.instagram.com/p/C5bFuBjO5CQ,C5bFuBjO5CQ
,https://scontent-atl3-3.cdninstagram.com/v/t51.71878-15/500279952_519663091112701_7023202126780083982_n.jpg?stp=dst-jpg_e15_tt6&_nc_cat=108&ig_cache_key=MzMzNjg3ODk4NzUyMjQxODU3Ng%3D%3D.3-ccb7-5&ccb=7-5&_nc_sid=58cdad&efg=eyJ2ZW5jb2RlX3RhZyI6InhwaWRzLjQ4MHg4NTQuc2RyLkMzIn0%3D&_nc_ohc=cviQUaZLUw8Q7kNvwEX95dR&_nc_oc=AdlbQ2GFRwFt4y1fS_N5supRKouHN8K5CTuN8Fj8rXSrrBs2gQbloQZUYztdDOLN_xU&_nc_ad=z-m&_nc_cid=0&_nc_zt=23&_nc_ht=scontent-atl3-3.cdninstagram.com&_nc_gid=8v3uHBhSr-TPq7P7KzPPGw&oh=00_Afosb-FO3phh7UdXn9zJXJmCX8oA9IuQ2P3uYM6fvnVckA&oe=6978A819,https://scontent-atl3-3.cdninstagram.com/o1/v/t2/f2/m82/AQPfbPYQLKgza6sJD_xwWW-_NPTzOjfYLa-MAygV9U3X8WMDcptccJmY7dnUdAehpRiI5_xc1PnEdGeGXJ0Hkd-x8qo4mAwYEDwJtss.mp4?_nc_cat=107&_nc_sid=5e9851&_nc_ht=scontent-atl3-3.cdninstagram.com&_nc_ohc=IBboRSCX9nIQ7kNvwHpB3tt&efg=eyJ2ZW5jb2RlX3RhZyI6Inhwdl9wcm9ncmVzc2l2ZS5JTlNUQUdSQU0uQ0xJUFMuQzMuNDgwLmRhc2hfYmFzZWxpbmVfMV92MSIsInhwdl9hc3NldF9pZCI6MjY3NzA0Mzk5NjQxOTA2LCJhc3NldF9hZ2VfZGF5cyI6NjYxLCJ2aV91c2VjYXNlX2lkIjoxMDA5OSwiZHVyYXRpb25fcyI6OSwidXJsZ2VuX3NvdXJjZSI6Ind3dyJ9&ccb=17-1&_nc_gid=8v3uHBhSr-TPq7P7KzPPGw&_nc_zt=28&vs=4ebea03144e2b673&_nc_vs=HBksFQIYT2lnX3hwdl9yZWVsc19wZXJtYW5lbnRfcHJvZC81RDRBNjdERUEwOTczRjI3ODIwOEQ5NkZFNzRGMzNCMV92aWRlb19kYXNoaW5pdC5tcDQVAALIARIAFQIYOnBhc3N0aHJvdWdoX2V2ZXJzdG9yZS9HRlV2OEJtMV96SFRBVzhCQUo5Vl9hUGRscDQ2YnFfRUFBQUYVAgLIARIAKAAYABsCiAd1c2Vfb2lsATEScHJvZ3Jlc3NpdmVfcmVjaXBlATEVAAAm5PSpmrneeRUCKAJDMywXQCNmZmZmZmYYEmRhc2hfYmFzZWxpbmVfMV92MREAdf4HZeadAQA&oh=00_Afrg9NYUaPX_uyl6nKKcr-f-bjm_snV9-ZY4dIflAr0law&oe=69749B8C,2024-04-01 17:30:08,https://www.instagram.com/p/C5O-cJ1vSeQ,C5O-cJ1vSeQ
"#Repost @andressa.freitas__ 

Sente a paz desse lugar
D vontade de ficar pra sempre
Saio pensando em voltar
 um sonho, um paraso ",https://scontent-atl3-2.cdninstagram.com/v/t51.29350-15/434716031_819962643508190_7047977362678725398_n.jpg?stp=dst-jpg_e35_tt6&efg=eyJ2ZW5jb2RlX3RhZyI6IkZFRUQuaW1hZ2VfdXJsZ2VuLjE0NDB4MTgwMC5zZHIuZjI5MzUwLmRlZmF1bHRfaW1hZ2UuYzIifQ&_nc_ht=scontent-atl3-2.cdninstagram.com&_nc_cat=102&_nc_oc=Q6cZ2QGGf-1EdHz_aQ3VAykYEnrdgUI_vGv55BS8f14KqXPPXU_AMHYH_tuerJ5tCdazaZQ&_nc_ohc=gCe_0553HrsQ7kNvwHNHRDo&_nc_gid=8v3uHBhSr-TPq7P7KzPPGw&edm=APoiHPcBAAAA&ccb=7-5&ig_cache_key=MzMzNTgxNjY3NzE2NDgxODI0Ng%3D%3D.3-ccb7-5&oh=00_AfqM2Vjf20Ui2HvAJ-3fhoyqS1GecNe8lO_09OL1ZDw0QQ&oe=6978A5BE&_nc_sid=22de04,None,2024-03-31 06:19:18,https://www.instagram.com/p/C5LM5gOO59G,C5LM5gOO59G
Quem a j est pronto para a trilha do feriado?,https://scontent-atl3-1.cdninstagram.com/v/t51.71878-15/501941051_619997467732086_1418435220004850804_n.jpg?stp=dst-jpg_e15_tt6&_nc_cat=103&ig_cache_key=MzMzMzk5OTEwODM4NDgxMzg3MA%3D%3D.3-ccb7-5&ccb=7-5&_nc_sid=58cdad&efg=eyJ2ZW5jb2RlX3RhZyI6InhwaWRzLjQ4MHg4NTQuc2RyLkMzIn0%3D&_nc_ohc=Mme4cZsRPMoQ7kNvwFCTmPG&_nc_oc=AdmBZrjfnuEoW93zL6yHb1JGEB9qlPVDN9O17rIkCy3jvMKfZ0iUTGNUoXPlspZbPTs&_nc_ad=z-m&_nc_cid=0&_nc_zt=23&_nc_ht=scontent-atl3-1.cdninstagram.com&_nc_gid=8v3uHBhSr-TPq7P7KzPPGw&oh=00_AfpvK_oStYZPL0zZfL5E8CjwR-9X42laHA_zlQqCyaqyxA&oe=697897D0,https://scontent-atl3-1.cdninstagram.com/o1/v/t2/f2/m82/AQNOcn3UXkXVXnOmir-ImB-qqttwI8MRD2N1rkM_ilE8NGcp-edUbP7YCJ6SI4ZPlmxr5cWl-7Y9uQvfCQ14yt8baI9L6alwQdqGAnY.mp4?_nc_cat=106&_nc_sid=5e9851&_nc_ht=scontent-atl3-1.cdninstagram.com&_nc_ohc=2uizAf73kTMQ7kNvwH4wCNd&efg=eyJ2ZW5jb2RlX3RhZyI6Inhwdl9wcm9ncmVzc2l2ZS5JTlNUQUdSQU0uQ0xJUFMuQzMuNDgwLmRhc2hfYmFzZWxpbmVfMV92MSIsInhwdl9hc3NldF9pZCI6MzMwMDU3MDIzMzkyODAwLCJhc3NldF9hZ2VfZGF5cyI6NjY1LCJ2aV91c2VjYXNlX2lkIjoxMDA5OSwiZHVyYXRpb25fcyI6MTEsInVybGdlbl9zb3VyY2UiOiJ3d3cifQ%3D%3D&ccb=17-1&_nc_gid=8v3uHBhSr-TPq7P7KzPPGw&_nc_zt=28&vs=58cb75163c23697a&_nc_vs=HBksFQIYT2lnX3hwdl9yZWVsc19wZXJtYW5lbnRfcHJvZC9EMzRBRDM5NDcwMDI2NjJBODFBQzExODUxMTFBM0E4OF92aWRlb19kYXNoaW5pdC5tcDQVAALIARIAFQIYOnBhc3N0aHJvdWdoX2V2ZXJzdG9yZS9HSVdwNkJrN3BNeU9VMkVEQVBzbGREQUVCNHNTYnFfRUFBQUYVAgLIARIAKAAYABsCiAd1c2Vfb2lsATEScHJvZ3Jlc3NpdmVfcmVjaXBlATEVAAAmwLCUuuyLlgEVAigCQzMsF0An7peNT987GBJkYXNoX2Jhc2VsaW5lXzFfdjERAHX-B2XmnQEA&oh=00_AfrsF5MBJBu6wEbw0cSIrB6QM_92hzgu9DcTP0bR5fyM-g&oe=6974A3F7,2024-03-28 18:08:34,https://www.instagram.com/p/C5EvoZYvvMu,C5EvoZYvvMu
#Repost @vanderli_godinho,https://scontent-atl3-3.cdninstagram.com/v/t51.29350-15/432032090_944376383992317_4804130155248566471_n.jpg?stp=dst-jpg_e35_tt6&efg=eyJ2ZW5jb2RlX3RhZyI6IkZFRUQuaW1hZ2VfdXJsZ2VuLjE0NDB4MTgwMC5zZHIuZjI5MzUwLmRlZmF1bHRfaW1hZ2UuYzIifQ&_nc_ht=scontent-atl3-3.cdninstagram.com&_nc_cat=109&_nc_oc=Q6cZ2QGGf-1EdHz_aQ3VAykYEnrdgUI_vGv55BS8f14KqXPPXU_AMHYH_tuerJ5tCdazaZQ&_nc_ohc=yzNiFmVmLTEQ7kNvwHqyf8r&_nc_gid=8v3uHBhSr-TPq7P7KzPPGw&edm=APoiHPcBAAAA&ccb=7-5&ig_cache_key=MzMyNjc3NDM0MDIwNDU0NzA0Ng%3D%3D.3-ccb7-5&oh=00_AfozwWxTCC_w16TOLRmAqIKbozIHaY4t-GFaPrRpnQxvPA&oe=6978A5B9&_nc_sid=22de04,None,2024-03-18 18:53:48,https://www.instagram.com/p/C4rE6Lrxsvm,C4rE6Lrxsvm
"#Repost @gabriel_freittas333

Arrasta para o lado ",https://scontent-atl3-2.cdninstagram.com/v/t51.29350-15/432592582_748306320731822_2586898171070114642_n.jpg?stp=dst-jpg_e35_tt6&efg=eyJ2ZW5jb2RlX3RhZyI6IkZFRUQuaW1hZ2VfdXJsZ2VuLjIxNjB4MjE2MC5zZHIuZjI5MzUwLmRlZmF1bHRfaW1hZ2UuYzIifQ&_nc_ht=scontent-atl3-2.cdninstagram.com&_nc_cat=102&_nc_oc=Q6cZ2QGGf-1EdHz_aQ3VAykYEnrdgUI_vGv55BS8f14KqXPPXU_AMHYH_tuerJ5tCdazaZQ&_nc_ohc=Gq4N1Dq7Th0Q7kNvwFQdXMz&_nc_gid=8v3uHBhSr-TPq7P7KzPPGw&edm=APoiHPcBAAAA&ccb=7-5&ig_cache_key=MzMyNDE5OTUyOTUzMTEwNTY4OQ%3D%3D.3-ccb7-5&oh=00_AfpJ7reh-TrzwTTTr8tZmvJkQOawopzMP6mUdcz0rzZwjQ&oe=69788891&_nc_sid=22de04,None,2024-03-15 05:38:06,https://www.instagram.com/p/C4h7dwYOOGZ,C4h7dwYOOGZ
"#Repost @_aurea_silva04

Os melhores momentos so aqueles partilhados com a nossa famlia.",https://scontent-atl3-2.cdninstagram.com/v/t51.29350-15/432605732_893890772488264_4386820116136733937_n.jpg?stp=dst-jpg_e35_tt6&efg=eyJ2ZW5jb2RlX3RhZyI6IkZFRUQuaW1hZ2VfdXJsZ2VuLjIxNjB4MjE2MC5zZHIuZjI5MzUwLmRlZmF1bHRfaW1hZ2UuYzIifQ&_nc_ht=scontent-atl3-2.cdninstagram.com&_nc_cat=104&_nc_oc=Q6cZ2QHsIq6uC9jmgCm31w0CW4kkzfgcXJAzcFT4Gow-uJJMVxB0nV42gUIgu8BQFRNHgBA&_nc_ohc=4mZ--wfWzHkQ7kNvwHwc3NW&_nc_gid=QMGgNiegWD3wGyxFguGiGg&edm=APoiHPcBAAAA&ccb=7-5&ig_cache_key=MzMyMzU0OTY4ODg0OTMyMzU3NQ%3D%3D.3-ccb7-5&oh=00_AfpsfaZ0Qnhwy5ktQYkbLjFjKTmzgNt-sU3-2Pmo0t-y5g&oe=697894F0&_nc_sid=22de04,None,2024-03-14 08:06:59,https://www.instagram.com/p/C4fntVFOVY3,C4fntVFOVY3
"#Repost @larissa_americo_ 

Mais uma vez nesse lugar incrvel ",https://scontent-atl3-3.cdninstagram.com/v/t51.29350-15/431487397_425431276680643_8539972184453064619_n.jpg?stp=dst-jpg_e35_tt6&efg=eyJ2ZW5jb2RlX3RhZyI6IkZFRUQuaW1hZ2VfdXJsZ2VuLjIxNjB4MjE2MC5zZHIuZjI5MzUwLmRlZmF1bHRfaW1hZ2UuYzIifQ&_nc_ht=scontent-atl3-3.cdninstagram.com&_nc_cat=107&_nc_oc=Q6cZ2QHsIq6uC9jmgCm31w0CW4kkzfgcXJAzcFT4Gow-uJJMVxB0nV42gUIgu8BQFRNHgBA&_nc_ohc=BHkcRAH2DCIQ7kNvwEKQsBu&_nc_gid=QMGgNiegWD3wGyxFguGiGg&edm=APoiHPcBAAAA&ccb=7-5&ig_cache_key=MzMxNzM5Njg3MDcwMzUzMTMyMg%3D%3D.3-ccb7-5&oh=00_AfokLxA8gDKEO_QUje1W5Buhoay7JRteFhzaOjeg1b-XeQ&oe=6978A622&_nc_sid=22de04,None,2024-03-05 19:22:26,https://www.instagram.com/p/C4JwuCpRsU6,C4JwuCpRsU6
@valedasluas,https://scontent-atl3-3.cdninstagram.com/v/t51.71878-15/503875147_1070492538298163_3121741889793230771_n.jpg?stp=dst-jpg_e15_tt6&_nc_cat=109&ig_cache_key=MzMxNTU1MTI0NTkwNDE4NDUzNw%3D%3D.3-ccb7-5&ccb=7-5&_nc_sid=58cdad&efg=eyJ2ZW5jb2RlX3RhZyI6InhwaWRzLjQ4MHg4NTQuc2RyLkMzIn0%3D&_nc_ohc=L2xGi-hNS50Q7kNvwFPFdtp&_nc_oc=AdmQCdY60DKvLp67m78TOIiIfqoVJlRx-rIUx8ia3bI1eAaBueLKGi8FcE-t-rZF7LA&_nc_ad=z-m&_nc_cid=0&_nc_zt=23&_nc_ht=scontent-atl3-3.cdninstagram.com&_nc_gid=QMGgNiegWD3wGyxFguGiGg&oh=00_Afrsg-zAFXbMHrvtNW9j444NNOMl_KV5n7sVBMDK_jFRkw&oe=6978BA32,https://scontent-atl3-3.cdninstagram.com/o1/v/t2/f2/m82/AQNfo9K2Idk8jFDjCT4N1B-3tdj09hXO3miCThB1wjYE8JXVAqND8gsMjtb9zuaH36NNw6-01hIuuybg-AyPpZQUWw50q4jcCFqf8iU.mp4?_nc_cat=109&_nc_sid=5e9851&_nc_ht=scontent-atl3-3.cdninstagram.com&_nc_ohc=0aRjU94jixQQ7kNvwGOsTEz&efg=eyJ2ZW5jb2RlX3RhZyI6Inhwdl9wcm9ncmVzc2l2ZS5JTlNUQUdSQU0uQ0xJUFMuQzMuNDgwLmRhc2hfYmFzZWxpbmVfMV92MSIsInhwdl9hc3NldF9pZCI6Nzc2NDU5MjkxMDM0ODI0LCJhc3NldF9hZ2VfZGF5cyI6NjkwLCJ2aV91c2VjYXNlX2lkIjoxMDA5OSwiZHVyYXRpb25fcyI6NjYsInVybGdlbl9zb3VyY2UiOiJ3d3cifQ%3D%3D&ccb=17-1&_nc_gid=QMGgNiegWD3wGyxFguGiGg&_nc_zt=28&vs=b87c557423c5a705&_nc_vs=HBksFQIYT2lnX3hwdl9yZWVsc19wZXJtYW5lbnRfcHJvZC9BMDQ4NTA2ODlFQ0E2OTQ5Mzc0NjcyMUEyNzdFNUQ4Ml92aWRlb19kYXNoaW5pdC5tcDQVAALIARIAFQIYOnBhc3N0aHJvdWdoX2V2ZXJzdG9yZS9HS0dsclJsRnJwVTFVY0lDQUQtM2ZFc0ZKMHdsYnFfRUFBQUYVAgLIARIAKAAYABsCiAd1c2Vfb2lsATEScHJvZ3Jlc3NpdmVfcmVjaXBlATEVAAAmkJPMw_CL4QIVAigCQzMsF0BQpDlYEGJOGBJkYXNoX2Jhc2VsaW5lXzFfdjERAHX-B2XmnQEA&oh=00_Afr0mru6Gdxi0GQu-E1JgnnYS8L2N2ThuLJ-8Vo2-URcxQ&oe=69749692,2024-03-03 06:16:11,https://www.instagram.com/p/C4DNEqmuQTZ,C4DNEqmuQTZ
"#Repost @_milenamalta

representao da nossa nfima existncia",https://scontent-atl3-3.cdninstagram.com/v/t51.29350-15/430128409_1461348251462192_29449945812046946_n.jpg?stp=dst-jpg_e35_tt6&efg=eyJ2ZW5jb2RlX3RhZyI6IkZFRUQuaW1hZ2VfdXJsZ2VuLjE0NDB4MTA4Ni5zZHIuZjI5MzUwLmRlZmF1bHRfaW1hZ2UuYzIifQ&_nc_ht=scontent-atl3-3.cdninstagram.com&_nc_cat=108&_nc_oc=Q6cZ2QHsIq6uC9jmgCm31w0CW4kkzfgcXJAzcFT4Gow-uJJMVxB0nV42gUIgu8BQFRNHgBA&_nc_ohc=X1HwPfZlTDcQ7kNvwHMDLf2&_nc_gid=QMGgNiegWD3wGyxFguGiGg&edm=APoiHPcBAAAA&ccb=7-5&ig_cache_key=MzMxMzA3OTM5NzA4MjQ5MjUwNw%3D%3D.3-ccb7-5&oh=00_AfpFM1ZQv9d4YHElZ1na1lCwGTM3kE28fuiBLT3zOagPaw&oe=6978A3E2&_nc_sid=22de04,None,2024-02-28 20:24:23,https://www.instagram.com/p/C36bCh_xG5b,C36bCh_xG5b
#Repost @suzane3282,https://scontent-atl3-3.cdninstagram.com/v/t51.29350-15/429916147_917825566478267_1263925594086755169_n.jpg?stp=dst-jpg_e35_tt6&efg=eyJ2ZW5jb2RlX3RhZyI6IkZFRUQuaW1hZ2VfdXJsZ2VuLjE0NDB4MTgwMC5zZHIuZjI5MzUwLmRlZmF1bHRfaW1hZ2UuYzIifQ&_nc_ht=scontent-atl3-3.cdninstagram.com&_nc_cat=111&_nc_oc=Q6cZ2QHsIq6uC9jmgCm31w0CW4kkzfgcXJAzcFT4Gow-uJJMVxB0nV42gUIgu8BQFRNHgBA&_nc_ohc=1wetzIO6o7AQ7kNvwFGfvyf&_nc_gid=QMGgNiegWD3wGyxFguGiGg&edm=APoiHPcBAAAA&ccb=7-5&ig_cache_key=MzMxMjMyNjE3MTk3NDUyNDEwNg%3D%3D.3-ccb7-5&oh=00_AfqAPllttSLS-ByIAc5uvZTWyBVUMm91KyUmIIrI3hBNVw&oe=6978B783&_nc_sid=22de04,None,2024-02-27 19:27:51,https://www.instagram.com/p/C33vxqcxVzK,C33vxqcxVzK
"#Repost @butinabiker

",https://scontent-atl3-2.cdninstagram.com/v/t51.29350-15/430248054_885842460222269_1415453653961939170_n.jpg?stp=dst-jpg_e35_tt6&efg=eyJ2ZW5jb2RlX3RhZyI6IkZFRUQuaW1hZ2VfdXJsZ2VuLjE0NDB4MTU2NS5zZHIuZjI5MzUwLmRlZmF1bHRfaW1hZ2UuYzIifQ&_nc_ht=scontent-atl3-2.cdninstagram.com&_nc_cat=105&_nc_oc=Q6cZ2QHsIq6uC9jmgCm31w0CW4kkzfgcXJAzcFT4Gow-uJJMVxB0nV42gUIgu8BQFRNHgBA&_nc_ohc=e5Z8u0mUsv0Q7kNvwFm6Orf&_nc_gid=QMGgNiegWD3wGyxFguGiGg&edm=APoiHPcBAAAA&ccb=7-5&ig_cache_key=MzMxMTg5MjM5NjI4MjMwOTI4Mg%3D%3D.3-ccb7-5&oh=00_AfoIt0qGvCm5dnwvIdjhrSDeR1XJ7Og-M3_gVuk6GCdCuQ&oe=6978B6EE&_nc_sid=22de04,None,2024-02-27 05:06:01,https://www.instagram.com/p/C32NJZWuWqi,C32NJZWuWqi
#Repost @suzane3282,https://scontent-atl3-2.cdninstagram.com/v/t51.29350-15/429921787_631712865752054_6753932552019797865_n.jpg?stp=dst-jpg_e35_tt6&efg=eyJ2ZW5jb2RlX3RhZyI6IkZFRUQuaW1hZ2VfdXJsZ2VuLjE0NDB4MTgwMC5zZHIuZjI5MzUwLmRlZmF1bHRfaW1hZ2UuYzIifQ&_nc_ht=scontent-atl3-2.cdninstagram.com&_nc_cat=102&_nc_oc=Q6cZ2QHsIq6uC9jmgCm31w0CW4kkzfgcXJAzcFT4Gow-uJJMVxB0nV42gUIgu8BQFRNHgBA&_nc_ohc=_eehIODfW-gQ7kNvwEWyALL&_nc_gid=QMGgNiegWD3wGyxFguGiGg&edm=APoiHPcBAAAA&ccb=7-5&ig_cache_key=MzMxMTMxMzg2MDUxMzI5NTk5MA%3D%3D.3-ccb7-5&oh=00_AfqVyh-vnJk-UQt_0j5YRBZ-V7d6HF-t90K-wDkl2g3kag&oe=6978ADAB&_nc_sid=22de04,None,2024-02-26 09:56:35,https://www.instagram.com/p/C30Jml7uO52,C30Jml7uO52
"Serra do Brigadeiro 

Regio da Cachoeira do Bon, Pico do Bon e Pousada do Remanso

  @voealtoaudiovisual @feliciogodinho

Precisando de vdeos e fotos para redes sociais? Imagens de drone? cobertura de eventos?
Entre em contato com a gente! 

 whatsapp  31 996812072",https://scontent-atl3-2.cdninstagram.com/v/t51.71878-15/503015866_612062837856588_7322653471063930344_n.jpg?stp=dst-jpg_e15_tt6&_nc_cat=104&ig_cache_key=MzMwMjc2NTg1MjQ4NjI3MzQxNQ%3D%3D.3-ccb7-5&ccb=7-5&_nc_sid=58cdad&efg=eyJ2ZW5jb2RlX3RhZyI6InhwaWRzLjU0MHg5NjAuc2RyLkMzIn0%3D&_nc_ohc=LUA7zVfAn-MQ7kNvwGcRnae&_nc_oc=Adkek87rDPs0mbGIIMDleqFBbnFrru6VJb8AFtMtT478oTLlpFXVOliedN2OjznHXdk&_nc_ad=z-m&_nc_cid=0&_nc_zt=23&_nc_ht=scontent-atl3-2.cdninstagram.com&_nc_gid=QMGgNiegWD3wGyxFguGiGg&oh=00_AfpbavHq7vsAw4NEWl9QCSl_F7NSKyscVZsKfSrXpezrpg&oe=6978A3F3,https://scontent-atl3-2.cdninstagram.com/o1/v/t2/f2/m82/AQMUw6r1P5smE_SabM9yO1fwz5lGeM-vbTurZ_Ysq20V4RD7yItSxAbZ4Koa_Gu6ZUCIDOcHSrzG_H4SZCcFLXzZLbS7bxUkek6DMO0.mp4?_nc_cat=105&_nc_sid=5e9851&_nc_ht=scontent-atl3-2.cdninstagram.com&_nc_ohc=A8nvOJ9E6N8Q7kNvwEJSel_&efg=eyJ2ZW5jb2RlX3RhZyI6Inhwdl9wcm9ncmVzc2l2ZS5JTlNUQUdSQU0uQ0xJUFMuQzMuNzIwLmRhc2hfYmFzZWxpbmVfMV92MSIsInhwdl9hc3NldF9pZCI6MzMyODY1NTA1Nzc2MzI0LCJhc3NldF9hZ2VfZGF5cyI6NzA4LCJ2aV91c2VjYXNlX2lkIjoxMDA5OSwiZHVyYXRpb25fcyI6NTksInVybGdlbl9zb3VyY2UiOiJ3d3cifQ%3D%3D&ccb=17-1&vs=7a0652f151c231a6&_nc_vs=HBksFQIYT2lnX3hwdl9yZWVsc19wZXJtYW5lbnRfcHJvZC81MDQyQkE0MjgzNTk3NjBCRDgxODZDMjNGNzg5OUQ5RF92aWRlb19kYXNoaW5pdC5tcDQVAALIARIAFQIYOnBhc3N0aHJvdWdoX2V2ZXJzdG9yZS9HSTlHaGhsUVZRdXZ3M3dCQUdnLTFaWXZlQnBQYnFfRUFBQUYVAgLIARIAKAAYABsCiAd1c2Vfb2lsATEScHJvZ3Jlc3NpdmVfcmVjaXBlATEVAAAmiMvWo6mvlwEVAigCQzMsF0BNe6XjU_fPGBJkYXNoX2Jhc2VsaW5lXzFfdjERAHX-B2XmnQEA&_nc_gid=QMGgNiegWD3wGyxFguGiGg&_nc_zt=28&oh=00_AfqqF0Av-R-1PsafHFH2IYDBFsWNVCEZ7eqTsAkWmba2ng&oe=69749802,2025-02-02 17:07:51,https://www.instagram.com/p/C3VyAtFvAmH,C3VyAtFvAmH
"#Repost @iaravasconceelos with @use.repost

 Ainda de domingo 
.
.
.
#pico #picodobone #serradobrigadeiro #araponga #mg #trekking #serra #fyp",https://scontent-atl3-2.cdninstagram.com/v/t51.29350-15/361079879_828838315477406_7534113681410353280_n.jpg?stp=dst-jpg_e35_tt6&efg=eyJ2ZW5jb2RlX3RhZyI6IkZFRUQuaW1hZ2VfdXJsZ2VuLjE0NDB4MTgwMC5zZHIuZjI5MzUwLmRlZmF1bHRfaW1hZ2UuYzIifQ&_nc_ht=scontent-atl3-2.cdninstagram.com&_nc_cat=102&_nc_oc=Q6cZ2QHsIq6uC9jmgCm31w0CW4kkzfgcXJAzcFT4Gow-uJJMVxB0nV42gUIgu8BQFRNHgBA&_nc_ohc=mKahXeF0pYEQ7kNvwHX4BvX&_nc_gid=QMGgNiegWD3wGyxFguGiGg&edm=APoiHPcBAAAA&ccb=7-5&ig_cache_key=MzE0ODUxOTc2NDU5OTc2ODU2Mw%3D%3D.3-ccb7-5&oh=00_AfrRKJ-zoerskY_LRC6RbYEcY3VC5DAYMZoOLjz-qSYBog&oe=6978AF45&_nc_sid=22de04,None,2023-07-16 20:13:46,https://www.instagram.com/p/CuxygtZRAXz,CuxygtZRAXz
"Qual a sua programao para este final de semana? Que tal combinar o friozinho com montanhas, tranquilidade e um chal? 

Chama a gente no direct, vamos te passar mais informaes.",https://scontent-atl3-1.cdninstagram.com/v/t51.71878-15/499371260_739167468779589_4618546591756247989_n.jpg?stp=dst-jpg_e15_tt6&_nc_cat=106&ig_cache_key=MzE0MTIwNjE5MDg5NzkzODExNw%3D%3D.3-ccb7-5&ccb=7-5&_nc_sid=58cdad&efg=eyJ2ZW5jb2RlX3RhZyI6InhwaWRzLjEwODB4MTkyMC5zZHIuQzMifQ%3D%3D&_nc_ohc=33T75LKEAAMQ7kNvwHUm1qy&_nc_oc=Adm2Jmi7HFbE2qbKOVR7bZUSOnUXn9L2dp_lgYguOjRcE61CRPHkXYiEsca9FxFHUDc&_nc_ad=z-m&_nc_cid=0&_nc_zt=23&_nc_ht=scontent-atl3-1.cdninstagram.com&_nc_gid=QMGgNiegWD3wGyxFguGiGg&oh=00_AfqOiNgFgWj6V_SE0z4jPaz5o1lE2XN6EoTz9PdZkyUucg&oe=6978BD52,https://scontent-atl3-3.cdninstagram.com/o1/v/t2/f2/m82/AQOtRha5mTyUEwI98-yt3mt-RWO0BVLFs7XF6lVwbvmvARMnL70sjaKUoYNHwzO-Lve7msPDjI5_E2jkuLUq6jW2TPXeALTnUtzoEko.mp4?_nc_cat=109&_nc_sid=5e9851&_nc_ht=scontent-atl3-3.cdninstagram.com&_nc_ohc=tWSGfKVkgXkQ7kNvwFvhIq-&efg=eyJ2ZW5jb2RlX3RhZyI6Inhwdl9wcm9ncmVzc2l2ZS5JTlNUQUdSQU0uQ0xJUFMuQzMuNzIwLmRhc2hfYmFzZWxpbmVfMV92MSIsInhwdl9hc3NldF9pZCI6MjgwNzQzMTUxMjg4NjkyLCJhc3NldF9hZ2VfZGF5cyI6OTMxLCJ2aV91c2VjYXNlX2lkIjoxMDA5OSwiZHVyYXRpb25fcyI6MjIsInVybGdlbl9zb3VyY2UiOiJ3d3cifQ%3D%3D&ccb=17-1&_nc_gid=QMGgNiegWD3wGyxFguGiGg&_nc_zt=28&vs=1fab316a77cdf4bb&_nc_vs=HBksFQIYT2lnX3hwdl9yZWVsc19wZXJtYW5lbnRfcHJvZC84QjQ4QTk1QUNBMUJDQUM4RUUzQzkyNTEyMUU0NjQ4Nl92aWRlb19kYXNoaW5pdC5tcDQVAALIARIAFQIYOnBhc3N0aHJvdWdoX2V2ZXJzdG9yZS9HSVNiWHhXYUNteUMzTjhDQUhycGNNd0EwQllmYnFfRUFBQUYVAgLIARIAKAAYABsCiAd1c2Vfb2lsATEScHJvZ3Jlc3NpdmVfcmVjaXBlATEVAAAm6IXyvLPVfxUCKAJDMywXQDazMzMzMzMYEmRhc2hfYmFzZWxpbmVfMV92MREAdf4HZeadAQA&oh=00_Afp4w3DbDbxPSDm9plyW_nvzSG1UwPLaz6YKMCykFv6Fww&oe=69749A06,2023-07-06 18:03:56,https://www.instagram.com/p/CuXzmNGur7F,CuXzmNGur7F
" Segue a gente!  @picodobone.oficial 
Situado no municpio de araponga, zona da mata mineira, o pico do bon  tambm um dos lugares mais belos do pas.

Possui 1.870 m de altitude e est a 28 km da sede. De l, avista-se o distrito de Bom Jesus do Madeira, a serra do Grama, a Pedra do Pato, o Pico do Soares, a Pedra Branca e o municpio de Araponga. O nome deste atrativo vem do formato da rocha, semelhante a um bon, dependendo da posio da qual se olha. O trajeto da sede at a trilha para a atrao pode ser feito de carro, mas os 2,8 km restantes, somente a p. A trilha  bastante ngreme. Grau de dificuldade: mdio.

#picodobone #araponga #minasgerais #brasil #aventura",https://scontent-atl3-3.cdninstagram.com/v/t51.71878-15/502408020_1097224275560384_5309068752761983559_n.jpg?stp=dst-jpg_e15_tt6&_nc_cat=108&ig_cache_key=MzEyMjcxMjI0OTYwMTY0NTY4Ng%3D%3D.3-ccb7-5&ccb=7-5&_nc_sid=58cdad&efg=eyJ2ZW5jb2RlX3RhZyI6InhwaWRzLjcyMHgxMjgwLnNkci5DMyJ9&_nc_ohc=zHB8qr2oh4MQ7kNvwE7T1ze&_nc_oc=AdnfFBO31LAhaRkAwcMN1K16MSwsWS_vU3c0E6xx85lo0yMzoCtYgVXWVcXdcn_O860&_nc_ad=z-m&_nc_cid=0&_nc_zt=23&_nc_ht=scontent-atl3-3.cdninstagram.com&_nc_gid=10pULtf3o6gilHD6KwDk7A&oh=00_AfqJCaROwzlLTCKurO_VIunFs6FcDKUB-RPKK7gwOvQTPg&oe=69788636,https://scontent-atl3-3.cdninstagram.com/o1/v/t2/f2/m82/AQMmcCIGyLAVS9UX_APnIpyKj-ti71WvUc4sBFFMuSmUWpy6bpb92Y98hIyxq0KUWT5gHXfCO0CpH1gKk046RFdo5qrjgLbYsHo0DLs.mp4?_nc_cat=108&_nc_sid=5e9851&_nc_ht=scontent-atl3-3.cdninstagram.com&_nc_ohc=2DgzSve8PYQQ7kNvwEw9ryJ&efg=eyJ2ZW5jb2RlX3RhZyI6Inhwdl9wcm9ncmVzc2l2ZS5JTlNUQUdSQU0uQ0xJUFMuQzMuNzIwLmRhc2hfYmFzZWxpbmVfMV92MSIsInhwdl9hc3NldF9pZCI6NjYzOTM4NzgyMjIyMjcxLCJhc3NldF9hZ2VfZGF5cyI6OTU2LCJ2aV91c2VjYXNlX2lkIjoxMDA5OSwiZHVyYXRpb25fcyI6ODYsInVybGdlbl9zb3VyY2UiOiJ3d3cifQ%3D%3D&ccb=17-1&_nc_gid=10pULtf3o6gilHD6KwDk7A&_nc_zt=28&vs=39b45c9f0d1adb8e&_nc_vs=HBksFQIYT2lnX3hwdl9yZWVsc19wZXJtYW5lbnRfcHJvZC8zODQwMTA2ODE4NUEwQTM4QTRFM0M4RjYxODQwREM5OF92aWRlb19kYXNoaW5pdC5tcDQVAALIARIAFQIYOnBhc3N0aHJvdWdoX2V2ZXJzdG9yZS9HTkRnRlJVbEw2bDhuT1FBQUlKUV9mQ1VZRDg0YnFfRUFBQUYVAgLIARIAKAAYABsCiAd1c2Vfb2lsATEScHJvZ3Jlc3NpdmVfcmVjaXBlATEVAAAm_t6itKn2rQIVAigCQzMsF0BVt2yLQ5WBGBJkYXNoX2Jhc2VsaW5lXzFfdjERAHX-B2XmnQEA&oh=00_AfqRaVE9YMydJZ7y-vbA_t_Q6Cq6KwaRD98pD_3vr1JVeQ&oe=6974C6B5,2023-06-11 05:43:44,https://www.instagram.com/p/CtWGj8FRFx2,CtWGj8FRFx2
@lespa_vicosa @vale_das_luas,https://scontent-atl3-1.cdninstagram.com/v/t51.71878-15/497148566_697189466597350_6487960272261369780_n.jpg?stp=dst-jpg_e15_tt6&_nc_cat=106&ig_cache_key=MzExNjI4OTY0MDUwNzk1MTM5MQ%3D%3D.3-ccb7-5&ccb=7-5&_nc_sid=58cdad&efg=eyJ2ZW5jb2RlX3RhZyI6InhwaWRzLjcyMHgxMjgwLnNkci5DMyJ9&_nc_ohc=Cld1hRo4WBUQ7kNvwF2FlrS&_nc_oc=Adk8pbTBR69iFlf_7e9-4QkFF8MZR4PsLrLPLj_ZygJkWb7qdMixVUlZVsbtjA1FxOE&_nc_ad=z-m&_nc_cid=0&_nc_zt=23&_nc_ht=scontent-atl3-1.cdninstagram.com&_nc_gid=10pULtf3o6gilHD6KwDk7A&oh=00_AfpUEyIJF3HGuXWOJWijUxdy39WVe0eVBblHpt-1W3WKTA&oe=6978AF8A,https://scontent-atl3-3.cdninstagram.com/o1/v/t2/f2/m82/AQOvftj1YE0_9PIr4Ut20csvGBPz1PPXUUL_GXP_qCsFB7mTsREG8nZlvV2p-W5YUlH0LmzAXaj4IBpnm398OuAPhEQKYvixGUi5qDE.mp4?_nc_cat=108&_nc_sid=5e9851&_nc_ht=scontent-atl3-3.cdninstagram.com&_nc_ohc=2ZU-7KVf8qUQ7kNvwFN546c&efg=eyJ2ZW5jb2RlX3RhZyI6Inhwdl9wcm9ncmVzc2l2ZS5JTlNUQUdSQU0uQ0xJUFMuQzMuNzIwLmRhc2hfYmFzZWxpbmVfMV92MSIsInhwdl9hc3NldF9pZCI6MjA0NjgyNDEyNTE0NzI3LCJhc3NldF9hZ2VfZGF5cyI6OTY1LCJ2aV91c2VjYXNlX2lkIjoxMDA5OSwiZHVyYXRpb25fcyI6ODksInVybGdlbl9zb3VyY2UiOiJ3d3cifQ%3D%3D&ccb=17-1&vs=db8ef3117a1db3d7&_nc_vs=HBksFQIYT2lnX3hwdl9yZWVsc19wZXJtYW5lbnRfcHJvZC83NTQxRUFFRjhBOTlDM0QxQkE3M0MyMTkzMkI1OThCRV92aWRlb19kYXNoaW5pdC5tcDQVAALIARIAFQIYOnBhc3N0aHJvdWdoX2V2ZXJzdG9yZS9HR2FHN2hTdlJsYmNEQnNGQU1PVkFoQXZsZVVIYnFfRUFBQUYVAgLIARIAKAAYABsCiAd1c2Vfb2lsATEScHJvZ3Jlc3NpdmVfcmVjaXBlATEVAAAmzvbq54qKXRUCKAJDMywXQFZqn752yLQYEmRhc2hfYmFzZWxpbmVfMV92MREAdf4HZeadAQA&_nc_gid=10pULtf3o6gilHD6KwDk7A&_nc_zt=28&oh=00_Afqj-Cx1AoXHkm-wv-cQcuPPkFrPoUs-Lb2yWHfP0MPZrQ&oe=69749D95,2023-06-02 08:59:07,https://www.instagram.com/p/Cs_SOrPtMkf,Cs_SOrPtMkf
@vale_das_luas,https://scontent-atl3-2.cdninstagram.com/v/t51.71878-15/495744939_1367963361123885_6288145837471695411_n.jpg?stp=dst-jpg_e15_tt6&_nc_cat=104&ig_cache_key=MzExMzQwNzQyMzg4NDUyOTYyNQ%3D%3D.3-ccb7-5&ccb=7-5&_nc_sid=58cdad&efg=eyJ2ZW5jb2RlX3RhZyI6InhwaWRzLjEwODB4MTkyMC5zZHIuQzMifQ%3D%3D&_nc_ohc=xBQ_SSnlJKoQ7kNvwEfX7d5&_nc_oc=AdlPoiFh3RKVXDSZdmqVbpttwUthmhEwxT-AQmrq9hSZhsfu-_qblFtWE_wsqfpimSI&_nc_ad=z-m&_nc_cid=0&_nc_zt=23&_nc_ht=scontent-atl3-2.cdninstagram.com&_nc_gid=10pULtf3o6gilHD6KwDk7A&oh=00_Afr9I8Kq3bUXgVq0zM0P-59unWjvCq9wcUbPtuS7x4PYbg&oe=6978A2A7,https://scontent-atl3-3.cdninstagram.com/o1/v/t2/f2/m82/AQPbIGOxRARHbk0PGOTNPYzR5hQkT0TNjV8GZwpF5XcEZLRCUN4_C9JSAtfbgqCNLyHGmxxZCpyRYeNc_xKRIJWd3I7iKMXG-O_ImOI.mp4?_nc_cat=110&_nc_sid=5e9851&_nc_ht=scontent-atl3-3.cdninstagram.com&_nc_ohc=MqB73URQenkQ7kNvwEBV5vC&efg=eyJ2ZW5jb2RlX3RhZyI6Inhwdl9wcm9ncmVzc2l2ZS5JTlNUQUdSQU0uQ0xJUFMuQzMuNzIwLmRhc2hfYmFzZWxpbmVfMV92MSIsInhwdl9hc3NldF9pZCI6OTM1OTIxNDQ0MzI4MDgxLCJhc3NldF9hZ2VfZGF5cyI6OTY5LCJ2aV91c2VjYXNlX2lkIjoxMDA5OSwiZHVyYXRpb25fcyI6ODgsInVybGdlbl9zb3VyY2UiOiJ3d3cifQ%3D%3D&ccb=17-1&_nc_gid=10pULtf3o6gilHD6KwDk7A&_nc_zt=28&vs=5e19fb07d2218cb6&_nc_vs=HBksFQIYT2lnX3hwdl9yZWVsc19wZXJtYW5lbnRfcHJvZC8wQzRBMDdFMzhEMkRDMDg0NzI5NUQ1NEI3NkE4MUE4Rl92aWRlb19kYXNoaW5pdC5tcDQVAALIARIAFQIYOnBhc3N0aHJvdWdoX2V2ZXJzdG9yZS9HR3RFNWhUMDlPRGxVMXdDQUthQ3NRWDA5cEVlYnFfRUFBQUYVAgLIARIAKAAYABsCiAd1c2Vfb2lsATEScHJvZ3Jlc3NpdmVfcmVjaXBlATEVAAAmosrQk-bNqQMVAigCQzMsF0BWMQYk3S8bGBJkYXNoX2Jhc2VsaW5lXzFfdjERAHX-B2XmnQEA&oh=00_AfpCPjAZTH6AHLRxsjFo0I3ExGkUwawLa06A8OOtdzjHkg&oe=69749563,2023-05-29 10:19:43,https://www.instagram.com/p/Cs1C451s4_Z,Cs1C451s4_Z
"O que fazer em Araponga Mg? 

Voc pode vir conhecer a nossa cultura local, fazer trilhas e subir o Pico do Bon, l de cima voc vai ter uma das vistas mais lindas do mundo.
No  atoa que o Parque Estadual da Serra do Brigadeiro  considerado um dos lugares mais lindos do Mundo.

J inclui a no sua agenda; voc pode acampar ou se hospedar nas pousadas @pousada_fazenda_do_remanso ou no @vale_das_luas que  locao de chals, estas duas pousadas fica mais prxima do Pico do Bon, e do outro lado do @pebrigadeirooficial voc ter a opo de ficar na @pousadaserradagua.

O caf da manh e o almoo voc e sua famlia tem o ponto certo, que  no @restaurantepicodobone, tudo l  feito com o maior carinho e experincia de anos no fogo a lenha pela Dona Aparecida. Neh por nada no, mas se voc ainda no comeu o po de queijo e o frango com quiabo feito por ela no sabe o que t perdendo.

Depois do almoo voc vai tomar um caf Pico do Bon feito na hora, e claro, que a noite no pode faltar uma fogueira e um caldo

S vem para Araponga Mg.

#turismo #caf #cachoeirasdobrasil #cachoeirasdeminasgeiras #picodobone #picodobon #araponga #cafepicodobone #trilhas #trilhasdobrasil #parqueestadualserradobrigadeiro #serradobrigadeiro #cafeespecial #fogaoalenha #comidacaseira",https://scontent-atl3-1.cdninstagram.com/v/t51.71878-15/496652461_672979638689932_2892107057430808430_n.jpg?stp=dst-jpg_e15_tt6&_nc_cat=106&ig_cache_key=MzExMDAzNjI4MTg4MzM1MTY5OQ%3D%3D.3-ccb7-5&ccb=7-5&_nc_sid=58cdad&efg=eyJ2ZW5jb2RlX3RhZyI6InhwaWRzLjIyNjh4NDAzMi5zZHIuQzMifQ%3D%3D&_nc_ohc=kM46OM_Zmn4Q7kNvwGe3asR&_nc_oc=Adlauj5Gxs3w3JS5kg-K-gvX1Cdq2m0WOjTlHwLqicA_0JAfcm4UxpEHwWyjytV14vU&_nc_ad=z-m&_nc_cid=0&_nc_zt=23&_nc_ht=scontent-atl3-1.cdninstagram.com&_nc_gid=10pULtf3o6gilHD6KwDk7A&oh=00_AfpRc_XoSF5ckLUS3MKomnzKM4Aft4yiRPoGCV1UcOk1EA&oe=6978A515,https://scontent-atl3-3.cdninstagram.com/o1/v/t2/f2/m82/AQOrV3CkAscyhruL52WLP8hWJZabmAqnmDblK__VvZF3tg1OfXNQYZDWhtcuFJ2fV6m7qWeCDHRdyCWpFL7ixUiKaF5wKpAcHaszCvI.mp4?_nc_cat=107&_nc_sid=5e9851&_nc_ht=scontent-atl3-3.cdninstagram.com&_nc_ohc=OOYxasTGMswQ7kNvwG-R6U6&efg=eyJ2ZW5jb2RlX3RhZyI6Inhwdl9wcm9ncmVzc2l2ZS5JTlNUQUdSQU0uQ0xJUFMuQzMuNzIwLmRhc2hfYmFzZWxpbmVfMV92MSIsInhwdl9hc3NldF9pZCI6MjM2MjU1ODg5MDI4OTc4LCJhc3NldF9hZ2VfZGF5cyI6OTc0LCJ2aV91c2VjYXNlX2lkIjoxMDA5OSwiZHVyYXRpb25fcyI6NTYsInVybGdlbl9zb3VyY2UiOiJ3d3cifQ%3D%3D&ccb=17-1&_nc_gid=10pULtf3o6gilHD6KwDk7A&_nc_zt=28&vs=2e63b64e6a74aae4&_nc_vs=HBksFQIYT2lnX3hwdl9yZWVsc19wZXJtYW5lbnRfcHJvZC9EOTQ3OTFBMEVGQzY2QjAwQ0QxNDA4QjMwMkQ2QjY4M192aWRlb19kYXNoaW5pdC5tcDQVAALIARIAFQIYOnBhc3N0aHJvdWdoX2V2ZXJzdG9yZS9HRjkteXhUdHZadUVsVG9DQUg1TXFRTTBCa0pVYnFfRUFBQUYVAgLIARIAKAAYABsCiAd1c2Vfb2lsATEScHJvZ3Jlc3NpdmVfcmVjaXBlATEVAAAm5N27xfO3axUCKAJDMywXQEwu2RaHKwIYEmRhc2hfYmFzZWxpbmVfMV92MREAdf4HZeadAQA&oh=00_Afqe9WlcPYZWnTL76NhuyyBEipPhfhodcJNyTGxmIwG6eA&oe=6974B880,2023-05-24 17:56:36,https://www.instagram.com/p/CspEYVMO9qT,CspEYVMO9qT
,https://scontent-atl3-3.cdninstagram.com/v/t51.71878-15/499238686_1267275321480735_4154409622739247605_n.jpg?stp=dst-jpg_e15_tt6&_nc_cat=109&ig_cache_key=MzEwOTMyOTY4MjExNzg1MjQ1MQ%3D%3D.3-ccb7-5&ccb=7-5&_nc_sid=58cdad&efg=eyJ2ZW5jb2RlX3RhZyI6InhwaWRzLjcyMHgxMjgwLnNkci5DMyJ9&_nc_ohc=r8ewSDAdcIgQ7kNvwH9QR7H&_nc_oc=Adl0CY54iKE4sUFZMVjUVHLpWQV4oTNSxG0BotZPm4l74Boj3FmlLfPtL0YSPKwwfKc&_nc_ad=z-m&_nc_cid=0&_nc_zt=23&_nc_ht=scontent-atl3-3.cdninstagram.com&_nc_gid=10pULtf3o6gilHD6KwDk7A&oh=00_Afp3BZ2TjRWIB68AcQ6_vrVbVCBVfmC3k8Zv93SeXbSIVQ&oe=6978B5ED,https://scontent-atl3-2.cdninstagram.com/o1/v/t2/f2/m82/AQMF4rbBjluGv3jzEdThthseZWpTJVDgX0FjT9sgxOXitxt3Q1530RQwJbapL6uuEDw_o9ORTgAv2GsXZKY0Tfc8eANe6-om2iBadEk.mp4?_nc_cat=102&_nc_sid=5e9851&_nc_ht=scontent-atl3-2.cdninstagram.com&_nc_ohc=zl1KID2fTHwQ7kNvwHuJ_wp&efg=eyJ2ZW5jb2RlX3RhZyI6Inhwdl9wcm9ncmVzc2l2ZS5JTlNUQUdSQU0uQ0xJUFMuQzMuNzIwLmRhc2hfYmFzZWxpbmVfMV92MSIsInhwdl9hc3NldF9pZCI6ODIyNzkzMjcyNTk1NjExLCJhc3NldF9hZ2VfZGF5cyI6OTc1LCJ2aV91c2VjYXNlX2lkIjoxMDA5OSwiZHVyYXRpb25fcyI6MTAsInVybGdlbl9zb3VyY2UiOiJ3d3cifQ%3D%3D&ccb=17-1&_nc_gid=10pULtf3o6gilHD6KwDk7A&_nc_zt=28&vs=27551bf26978674a&_nc_vs=HBksFQIYT2lnX3hwdl9yZWVsc19wZXJtYW5lbnRfcHJvZC80NDQzQUM2NThBNTgyNTlFQjI0Rjg1MDhFN0QxQTVBQl92aWRlb19kYXNoaW5pdC5tcDQVAALIARIAFQIYOnBhc3N0aHJvdWdoX2V2ZXJzdG9yZS9HTmZneXhRRTV4YWYyeWdGQUtEaXY3blRLR0o2YnFfRUFBQUYVAgLIARIAKAAYABsCiAd1c2Vfb2lsATEScHJvZ3Jlc3NpdmVfcmVjaXBlATEVAAAmttLky--U9gIVAigCQzMsF0AkiDEm6XjVGBJkYXNoX2Jhc2VsaW5lXzFfdjERAHX-B2XmnQEA&oh=00_Afrv_ol1A6A2PHi7nUkVvZcPTv2m45D2vo5HgCzCDfO9jg&oe=6974A05B,2023-05-23 18:30:27,https://www.instagram.com/p/Csmjt84Nn0j,Csmjt84Nn0j
"#Repost @sabriina.viana with @use.repost

 Nada supera a paz que a natureza nos transmite. 
 1.870 m
@picodobone.oficial",https://scontent-atl3-2.cdninstagram.com/v/t51.29350-15/347888795_1531980880885873_4076496224149325837_n.jpg?stp=dst-jpg_e35_tt6&efg=eyJ2ZW5jb2RlX3RhZyI6IkZFRUQuaW1hZ2VfdXJsZ2VuLjE0NDB4MTY3Ni5zZHIuZjI5MzUwLmRlZmF1bHRfaW1hZ2UuYzIifQ&_nc_ht=scontent-atl3-2.cdninstagram.com&_nc_cat=101&_nc_oc=Q6cZ2QHhIoPX_ndcBTQkYTsAES-euaMJwQiwig8e3vznSZvRrvfSU3d_Kaa39WSWeOu9c-s&_nc_ohc=v3Oo7Axo1VYQ7kNvwFDehai&_nc_gid=10pULtf3o6gilHD6KwDk7A&edm=APoiHPcBAAAA&ccb=7-5&ig_cache_key=MzEwODUxMjI4MDA5ODkzODUwMw%3D%3D.3-ccb7-5&oh=00_AfqTW6S1r9OOUFSRdZmUiD6dZxV_v2oPUdcvcvggdTA-iQ&oe=697890BE&_nc_sid=22de04,None,2023-05-22 15:26:03,https://www.instagram.com/p/Csjp3L7PJ6H,Csjp3L7PJ6H
"#Repost @agro_otavio with @use.repost

Valeu serra do brigadeiro!!!!

@serradobrigadeiro @picodobone.oficial 

#picodobone #serradobrigadeiro #parquedobrigadeiro #natureza #passeio",https://scontent-atl3-1.cdninstagram.com/v/t51.29350-15/347813188_260958019821531_6355807333328317863_n.jpg?stp=dst-jpg_e35_tt6&efg=eyJ2ZW5jb2RlX3RhZyI6IkZFRUQuaW1hZ2VfdXJsZ2VuLjE0NDB4MTQ0MC5zZHIuZjI5MzUwLmRlZmF1bHRfaW1hZ2UuYzIifQ&_nc_ht=scontent-atl3-1.cdninstagram.com&_nc_cat=103&_nc_oc=Q6cZ2QHhIoPX_ndcBTQkYTsAES-euaMJwQiwig8e3vznSZvRrvfSU3d_Kaa39WSWeOu9c-s&_nc_ohc=ocmDHFw0UnUQ7kNvwF1OpF6&_nc_gid=10pULtf3o6gilHD6KwDk7A&edm=APoiHPcBAAAA&ccb=7-5&ig_cache_key=MzEwNzg0MjcwMjMxNDUyMzc1NQ%3D%3D.3-ccb7-5&oh=00_AfqU2H1Sdje-EezY7VJxqljm0aF4hlVFLdr38tppXp1quQ&oe=6978A39B&_nc_sid=22de04,None,2023-05-21 17:15:43,https://www.instagram.com/p/CshRnjBP0xr,CshRnjBP0xr
"#Repost @justemablanco with @use.repost

(Fim da sequncia de fts do por do sol)",https://scontent-atl3-1.cdninstagram.com/v/t51.29350-15/347314638_5954242531369926_6831982577561083103_n.jpg?stp=dst-jpg_e35_tt6&efg=eyJ2ZW5jb2RlX3RhZyI6IkZFRUQuaW1hZ2VfdXJsZ2VuLjE0NDB4MTA1OS5zZHIuZjI5MzUwLmRlZmF1bHRfaW1hZ2UuYzIifQ&_nc_ht=scontent-atl3-1.cdninstagram.com&_nc_cat=106&_nc_oc=Q6cZ2QHhIoPX_ndcBTQkYTsAES-euaMJwQiwig8e3vznSZvRrvfSU3d_Kaa39WSWeOu9c-s&_nc_ohc=05XPToxZnKMQ7kNvwGjZXNE&_nc_gid=10pULtf3o6gilHD6KwDk7A&edm=APoiHPcBAAAA&ccb=7-5&ig_cache_key=MzEwMzU3NjAyNzA1MDcwNzEzNQ%3D%3D.3-ccb7-5&oh=00_AfoJr9DHhM2b6aecnKc9yOoufvNcMhYQnbqVUVzAJfdq7g&oe=6978AF0A&_nc_sid=22de04,None,2023-05-15 19:58:35,https://www.instagram.com/p/CsSHfQBxoi_,CsSHfQBxoi_
"#Repost @rita.cesario.vrb with @use.repost

Aquele lugar que voc j visitou vrias vezes e nunca se cansa.",https://scontent-atl3-2.cdninstagram.com/v/t51.29350-15/346907641_620392069717036_4066871031718942709_n.jpg?stp=dst-jpg_e35_tt6&efg=eyJ2ZW5jb2RlX3RhZyI6IkZFRUQuaW1hZ2VfdXJsZ2VuLjE0NDB4MTQ0MC5zZHIuZjI5MzUwLmRlZmF1bHRfaW1hZ2UuYzIifQ&_nc_ht=scontent-atl3-2.cdninstagram.com&_nc_cat=104&_nc_oc=Q6cZ2QHhIoPX_ndcBTQkYTsAES-euaMJwQiwig8e3vznSZvRrvfSU3d_Kaa39WSWeOu9c-s&_nc_ohc=W12bLryzEyMQ7kNvwFNnm0b&_nc_gid=10pULtf3o6gilHD6KwDk7A&edm=APoiHPcBAAAA&ccb=7-5&ig_cache_key=MzEwMTg5OTI2MjQ3MjY5NzkzNw%3D%3D.3-ccb7-5&oh=00_Afom9siJjLL8qTUEKtnbmJqIHak8T4l5bkNcnbQs8zQqFw&oe=69789952&_nc_sid=22de04,None,2023-05-13 12:27:09,https://www.instagram.com/p/CsMKPHUuzhR,CsMKPHUuzhR
"#Repost @indiarasales with @use.repost

 1.870m 

 Pico do bon",https://scontent-atl3-2.cdninstagram.com/v/t51.29350-15/346272746_1015106623232965_1281854885753970062_n.jpg?stp=dst-jpg_e35_tt6&efg=eyJ2ZW5jb2RlX3RhZyI6IkZFRUQuaW1hZ2VfdXJsZ2VuLjE0NDB4MTgwMC5zZHIuZjI5MzUwLmRlZmF1bHRfaW1hZ2UuYzIifQ&_nc_ht=scontent-atl3-2.cdninstagram.com&_nc_cat=101&_nc_oc=Q6cZ2QHhIoPX_ndcBTQkYTsAES-euaMJwQiwig8e3vznSZvRrvfSU3d_Kaa39WSWeOu9c-s&_nc_ohc=9CFV7H2xF0AQ7kNvwG0LqgX&_nc_gid=10pULtf3o6gilHD6KwDk7A&edm=APoiHPcBAAAA&ccb=7-5&ig_cache_key=MzEwMTAwMzYwOTExMDQyMDYyOQ%3D%3D.3-ccb7-5&oh=00_AfonoOZnhgnvaSPMvzkRzEAm-T-7vYjPmVOvJlKafz_goA&oe=6978B27A&_nc_sid=22de04,None,2023-05-12 06:47:39,https://www.instagram.com/p/CsI-lpIOxyV,CsI-lpIOxyV
Quem mais est assim? ,https://scontent-atl3-1.cdninstagram.com/v/t51.29350-15/345543310_938343580820418_7057172487278718013_n.jpg?stp=dst-jpg_e35_tt6&efg=eyJ2ZW5jb2RlX3RhZyI6IkZFRUQuaW1hZ2VfdXJsZ2VuLjczOHg3Mzguc2RyLmYyOTM1MC5kZWZhdWx0X2ltYWdlLmMyIn0&_nc_ht=scontent-atl3-1.cdninstagram.com&_nc_cat=106&_nc_oc=Q6cZ2QEnqSc4bd7RWQAcLHY1lq3jz_XPWTLOrc_ct4psesSUvWIDn__S-Q7bE_jTs2yjCfg&_nc_ohc=tG25s0pU7aIQ7kNvwHKzGgn&_nc_gid=UxyzVy4JC6i-D0lpiovFRg&edm=APoiHPcBAAAA&ccb=7-5&ig_cache_key=MzA5ODUwMjI5MjA3Mjc5ODgxNg%3D%3D.3-ccb7-5&oh=00_AfqafYbVbjjK4WRK76lpJ7DtTvSPNJNBVFdCd9QcyZs0VA&oe=6978A463&_nc_sid=22de04,None,2023-05-08 19:57:59,https://www.instagram.com/p/CsAF2sGu5pg,CsAF2sGu5pg
"Era uma manh de sol quando estvamos voltando da trilha do Pico do Bon e l fui eu desbravar a natureza, amo sair andando rio abaixo ou acima para ver o que tem, quando estava voltando de uam cachoeira linda que achei para chamar @joaoandres @carolinaohuti @marconiresende e @resendemailson para irem ver a cachoeira eu bem na paz e conexo com a Me Natureza vejo a Jade tomando um banho de sol tranquila  encima do toco de pau e avistando a beleza daquela lugar.

Segue a minha conversa com ela:

Jade,  coloca a lngua, mostra a lngua  
 Jaaadee, mostra a lngua 

Ela mostrou a lngua 

Aiii oh, muito obrigada Jade, tchau  

E ohh, vai picar os turistas no heim, se comporte 

E assim seguimos nossos caminhos deixando a Jade ( nome carinhoso que eu dei para ela) no cantinho dela.

Se voc encontra uma cobra, no mate. Chame algum para retirar ou siga seu caminho e deixe ela quieta l. Afinal, ela tambm faz parte do Ecossistema

#araponga 
#cobra #biodiversity #biodiversidade #equilibrio #cafepicodobone #naturezaperfeita #naturezalinda .",https://scontent-atl3-2.cdninstagram.com/v/t51.71878-15/499797422_29581625534818823_6317687350175090486_n.jpg?stp=dst-jpg_e15_tt6&_nc_cat=101&ig_cache_key=MzA5NzQ1MzcyMDg4Nzc1NjgwOQ%3D%3D.3-ccb7-5&ccb=7-5&_nc_sid=58cdad&efg=eyJ2ZW5jb2RlX3RhZyI6InhwaWRzLjEwODB4MTkyMC5zZHIuQzMifQ%3D%3D&_nc_ohc=0jqIduyE30UQ7kNvwFheqwO&_nc_oc=AdlHm6DviHkORAp-Fx0xyvjYRJ9Cl1tHrwAPuugErpVnE7EtUJhVXq-lDxqIpbueuxc&_nc_ad=z-m&_nc_cid=0&_nc_zt=23&_nc_ht=scontent-atl3-2.cdninstagram.com&_nc_gid=UxyzVy4JC6i-D0lpiovFRg&oh=00_Afp1KP8KJ_xYwoyH0pZ7w6L2T3Lm16chbPNOyPfQ6_ZsCg&oe=6978AF8A,https://scontent-atl3-1.cdninstagram.com/o1/v/t2/f2/m82/AQPJXLqmVzzD48VF8Jwm16gDhdxalTtEQOXOoeaFxP7Zioz87R_O443HiDdaegUnklLkOCSQ7ePfV-tOT7QG5fn8radV0Q9pEyPxvNY.mp4?_nc_cat=106&_nc_sid=5e9851&_nc_ht=scontent-atl3-1.cdninstagram.com&_nc_ohc=EmCIEnsd2tEQ7kNvwHJycp4&efg=eyJ2ZW5jb2RlX3RhZyI6Inhwdl9wcm9ncmVzc2l2ZS5JTlNUQUdSQU0uQ0xJUFMuQzMuNzIwLmRhc2hfYmFzZWxpbmVfMV92MSIsInhwdl9hc3NldF9pZCI6OTE1ODE0MDAyNDI2MDY3NCwiYXNzZXRfYWdlX2RheXMiOjk5MSwidmlfdXNlY2FzZV9pZCI6MTAwOTksImR1cmF0aW9uX3MiOjE4LCJ1cmxnZW5fc291cmNlIjoid3d3In0%3D&ccb=17-1&_nc_gid=UxyzVy4JC6i-D0lpiovFRg&_nc_zt=28&vs=ca9d6ec529566ad1&_nc_vs=HBksFQIYT2lnX3hwdl9yZWVsc19wZXJtYW5lbnRfcHJvZC81NTQyRkRGNjVCRUE5RTJCQTBDMTFCRDg1MTVEOEY4Nl92aWRlb19kYXNoaW5pdC5tcDQVAALIARIAFQIYOnBhc3N0aHJvdWdoX2V2ZXJzdG9yZS9HT0F6blJSVFZsdTFjUk1EQUdxSS11QXptZWNPYnFfRUFBQUYVAgLIARIAKAAYABsCiAd1c2Vfb2lsATEScHJvZ3Jlc3NpdmVfcmVjaXBlATEVAAAmhKGYr_TRxCAVAigCQzMsF0AygAAAAAAAGBJkYXNoX2Jhc2VsaW5lXzFfdjERAHX-B2XmnQEA&oh=00_Afrg4zcknkDsxiD517SdhpIfEYxpkf-WLQJjGYt3si5KgQ&oe=69749B77,2023-05-07 09:23:42,https://www.instagram.com/p/Cr8Xb-FuggJ,Cr8Xb-FuggJ
"#Repost @toninhopj with @use.repost

Passeio top d+!",https://scontent-atl3-2.cdninstagram.com/v/t51.29350-15/344600605_1891933144512746_473656837220395663_n.jpg?stp=dst-jpg_e35_tt6&efg=eyJ2ZW5jb2RlX3RhZyI6IkZFRUQuaW1hZ2VfdXJsZ2VuLjE0NDB4MTgwMC5zZHIuZjI5MzUwLmRlZmF1bHRfaW1hZ2UuYzIifQ&_nc_ht=scontent-atl3-2.cdninstagram.com&_nc_cat=102&_nc_oc=Q6cZ2QEnqSc4bd7RWQAcLHY1lq3jz_XPWTLOrc_ct4psesSUvWIDn__S-Q7bE_jTs2yjCfg&_nc_ohc=DHfA-O2tSqkQ7kNvwGqDL9z&_nc_gid=UxyzVy4JC6i-D0lpiovFRg&edm=APoiHPcBAAAA&ccb=7-5&ig_cache_key=MzA5NDg2NzIyNDIxMzA3MDM1Ng%3D%3D.3-ccb7-5&oh=00_AfroBuW3_7Bh372xRCsPRVpW-Px_RJ9exSTYA3XVsqCydw&oe=69789575&_nc_sid=22de04,None,2023-05-03 19:35:45,https://www.instagram.com/p/CrzLVfWOCIU,CrzLVfWOCIU
"#Repost @rrodrigo.reisd with @use.repost

",https://scontent-atl3-2.cdninstagram.com/v/t51.29350-15/344580363_610599484084033_6920461559171799333_n.jpg?stp=dst-jpg_e35_tt6&efg=eyJ2ZW5jb2RlX3RhZyI6IkZFRUQuaW1hZ2VfdXJsZ2VuLjE0NDB4MTgwMC5zZHIuZjI5MzUwLmRlZmF1bHRfaW1hZ2UuYzIifQ&_nc_ht=scontent-atl3-2.cdninstagram.com&_nc_cat=101&_nc_oc=Q6cZ2QEnqSc4bd7RWQAcLHY1lq3jz_XPWTLOrc_ct4psesSUvWIDn__S-Q7bE_jTs2yjCfg&_nc_ohc=KGff3mHlrcYQ7kNvwH3tXsy&_nc_gid=UxyzVy4JC6i-D0lpiovFRg&edm=APoiHPcBAAAA&ccb=7-5&ig_cache_key=MzA5MjUwMjQ5Mzk0Njk3MzA4MA%3D%3D.3-ccb7-5&oh=00_AfrePwV-Hl3p3yFIGZrxmYI7aLRn8SMJ1KrkS1rcb0kIxQ&oe=69788FA1&_nc_sid=22de04,None,2023-04-30 13:17:27,https://www.instagram.com/p/CrqxqIquAuY,CrqxqIquAuY
"O Pico do Bon tem uma Altitude de 1850 m, de l tem uma viso que da para curar a alma e ver a grandeza que a natureza tem. 

Na tera feira dia 25/04 eu, @joaoandres @marconiresende @resendemailson e @carolinaohuti samos de casa umas 3:57 am com destino ao Pico do Bon com inteno de darmos bom dia para o sol l de cima. 

O Pico do Bon  um dos Picos mais visitados da regio de Araponga Mg, durante a trilha voc ver uma biodiversidade de ficar boquiaberta, vai de orqudeas a sapos bois, de guas cristalinas at vestgios de uma mata secundria que cresceu com fora e resistncia depois de seu desmatamento na poca da companhia de carvo ( Belgo Mineira) por volta da dcada de 60.

Gastamos duas horas e 5 min para chegar no Pico, saindo da minha casa que fica pouco abaixo do p da trilha, mas se fosse durante o dia o tempo diminuiria, j fiz com 1 hora e meia.  uma trilha limpa e que vale muito a pena voc colocar no seu roteiro para conhecer. 

Quando voc vier te indico o Restaurante Pico do Bon para voc almoar ou tomar seu caf Pico do Bon, estaremos aqui te aguardando para fazer esse passeio que vai te fazer um bem danado.

#biodiversidade #picodobone #cafepicodobone #araponga #naturephotography #naturezaperfeita #naturezalinda #pico #montanha #serradobrigadeiro",https://scontent-atl3-3.cdninstagram.com/v/t51.71878-15/502082987_4096436160644771_6539952766451442742_n.jpg?stp=dst-jpg_e15_tt6&_nc_cat=111&ig_cache_key=MzA5MDQ3OTI2NDA0NjM3MzQ4OA%3D%3D.3-ccb7-5&ccb=7-5&_nc_sid=58cdad&efg=eyJ2ZW5jb2RlX3RhZyI6InhwaWRzLjEwODB4MTkyMC5zZHIuQzMifQ%3D%3D&_nc_ohc=ggfYTTs9SYMQ7kNvwEZrZlo&_nc_oc=Adk1_3GnNoplMs-DOFNZSHFY_isDliPCM4oeV8H7Vy0NlEFCB3qFCtVzIUz9oPFGZx8&_nc_ad=z-m&_nc_cid=0&_nc_zt=23&_nc_ht=scontent-atl3-3.cdninstagram.com&_nc_gid=UxyzVy4JC6i-D0lpiovFRg&oh=00_Afq91mzkMtuUqtc-CEbgB-Nl-oxu5KM0rXZC8zbu_TkaJg&oe=69788F1C,https://scontent-atl3-2.cdninstagram.com/o1/v/t2/f2/m82/AQNiBTotC6rULRxwBOoq7IIqZEaQdY53hHZs-6yiWVIY6ckOVrRhcnPhiFb0qkF7MxIIt5QS0bP6AZpYOH7yGpeGFAGMUTdU-4lqWnc.mp4?_nc_cat=101&_nc_sid=5e9851&_nc_ht=scontent-atl3-2.cdninstagram.com&_nc_ohc=SfQMRKi4wtsQ7kNvwHacNJh&efg=eyJ2ZW5jb2RlX3RhZyI6Inhwdl9wcm9ncmVzc2l2ZS5JTlNUQUdSQU0uQ0xJUFMuQzMuNzIwLmRhc2hfYmFzZWxpbmVfMV92MSIsInhwdl9hc3NldF9pZCI6MzQ5ODMxNzQ4MDQ1NjY0NSwiYXNzZXRfYWdlX2RheXMiOjEwMDEsInZpX3VzZWNhc2VfaWQiOjEwMDk5LCJkdXJhdGlvbl9zIjozOSwidXJsZ2VuX3NvdXJjZSI6Ind3dyJ9&ccb=17-1&_nc_gid=UxyzVy4JC6i-D0lpiovFRg&_nc_zt=28&vs=9f1fe1896c02499f&_nc_vs=HBksFQIYT2lnX3hwdl9yZWVsc19wZXJtYW5lbnRfcHJvZC80RjRDMTQxNEMwM0RBMEYyNEI4NTI5NUQxMjQxRjA5NV92aWRlb19kYXNoaW5pdC5tcDQVAALIARIAFQIYOnBhc3N0aHJvdWdoX2V2ZXJzdG9yZS9HQTBjZ0JTeDdIWlZOcGNFQUR6YjZOaWNHcE5sYnFfRUFBQUYVAgLIARIAKAAYABsCiAd1c2Vfb2lsATEScHJvZ3Jlc3NpdmVfcmVjaXBlATEVAAAmisffq_DstgwVAigCQzMsF0BDhDlYEGJOGBJkYXNoX2Jhc2VsaW5lXzFfdjERAHX-B2XmnQEA&oh=00_AfoSex-ju5qLY0uOOfgINmgFneB84AHooBbxtgl7AuCw1g&oe=6974BEAA,2023-04-27 18:40:18,https://www.instagram.com/p/CrjloQ_Mdpw,CrjloQ_Mdpw
"#Repost @iasmim.msoares with @use.repost

Sobre ser sua melhor verso a cada dia que passa. No  melhor que ningum, mas, melhor que voc  mesmo dia aps dia.
 A cada trilha uma experincia, um desafio novo, amizades novas e energia nova.

E o mais importante uma nova verso  de mim mesma 
@picodobone.oficial",https://scontent-atl3-3.cdninstagram.com/v/t51.29350-15/343111608_889157228849060_2950779064975293911_n.jpg?stp=dst-jpg_e35_tt6&efg=eyJ2ZW5jb2RlX3RhZyI6IkZFRUQuaW1hZ2VfdXJsZ2VuLjE0NDB4MTQ0MC5zZHIuZjI5MzUwLmRlZmF1bHRfaW1hZ2UuYzIifQ&_nc_ht=scontent-atl3-3.cdninstagram.com&_nc_cat=108&_nc_oc=Q6cZ2QEnqSc4bd7RWQAcLHY1lq3jz_XPWTLOrc_ct4psesSUvWIDn__S-Q7bE_jTs2yjCfg&_nc_ohc=LddNOwKCxP0Q7kNvwGIu_lW&_nc_gid=UxyzVy4JC6i-D0lpiovFRg&edm=APoiHPcBAAAA&ccb=7-5&ig_cache_key=MzA4NzQ2MDcxMDc4MzUwMDMzNQ%3D%3D.3-ccb7-5&oh=00_Afr3sMDlV_0hwh8t1ZiVSF53xFIYhltypeQtM5Mi9I98jQ&oe=6978ACF5&_nc_sid=22de04,None,2023-04-23 14:20:20,https://www.instagram.com/p/CrY3SiMOcAv,CrY3SiMOcAv
"#Repost @romulo_vitor13 with @use.repost

Aqui estamos vivendo o tempo, e no apenas vendo ele passar. ",https://scontent-atl3-2.cdninstagram.com/v/t51.29350-15/342560907_103046599440878_6947359695473055885_n.jpg?stp=dst-jpg_e35_tt6&efg=eyJ2ZW5jb2RlX3RhZyI6IkZFRUQuaW1hZ2VfdXJsZ2VuLjE0NDB4MTgwMC5zZHIuZjI5MzUwLmRlZmF1bHRfaW1hZ2UuYzIifQ&_nc_ht=scontent-atl3-2.cdninstagram.com&_nc_cat=102&_nc_oc=Q6cZ2QEnqSc4bd7RWQAcLHY1lq3jz_XPWTLOrc_ct4psesSUvWIDn__S-Q7bE_jTs2yjCfg&_nc_ohc=z2eXc2TeChwQ7kNvwEvfoyJ&_nc_gid=UxyzVy4JC6i-D0lpiovFRg&edm=APoiHPcBAAAA&ccb=7-5&ig_cache_key=MzA4NjU2NDI5NTEwNjU2NzU4Mw%3D%3D.3-ccb7-5&oh=00_AfrWuyEgr4KunzukDSrEN1B9nRyP_Gm01JT-TLqgwWNmqA&oe=6978AC2B&_nc_sid=22de04,None,2023-04-22 08:39:19,https://www.instagram.com/p/CrVrd-COx2f,CrVrd-COx2f
"#Repost @jorgelucasbrasil with @use.repost

Sempre juntos superando nossos limites!",https://scontent-atl3-2.cdninstagram.com/v/t51.29350-15/328971813_585388823025484_9057319309950491636_n.jpg?stp=dst-jpg_e35_tt6&efg=eyJ2ZW5jb2RlX3RhZyI6IkZFRUQuaW1hZ2VfdXJsZ2VuLjE0NDB4MTQ0MC5zZHIuZjI5MzUwLmRlZmF1bHRfaW1hZ2UuYzIifQ&_nc_ht=scontent-atl3-2.cdninstagram.com&_nc_cat=104&_nc_oc=Q6cZ2QEnqSc4bd7RWQAcLHY1lq3jz_XPWTLOrc_ct4psesSUvWIDn__S-Q7bE_jTs2yjCfg&_nc_ohc=ezO1-0uLAZkQ7kNvwEiY8tc&_nc_gid=UxyzVy4JC6i-D0lpiovFRg&edm=APoiHPcBAAAA&ccb=7-5&ig_cache_key=MzAzMTA2OTkxNzg2NTU1NzUzNQ%3D%3D.3-ccb7-5&oh=00_AfrFy8Qdq6T17UGHLtudTWNN2P0y4ytmT9iRG0oEj_VCnQ&oe=6978A1FD&_nc_sid=22de04,None,2023-02-04 18:01:53,https://www.instagram.com/p/CoQhgfvv74f,CoQhgfvv74f
"Chal do @vale_das_luas 

@vanderli_godinho 
@elis_internaceliaca",https://scontent-atl3-3.cdninstagram.com/v/t51.29350-15/325686295_908952510224207_2154538331315834858_n.jpg?stp=dst-jpg_e35_tt6&efg=eyJ2ZW5jb2RlX3RhZyI6IkNBUk9VU0VMX0lURU0uaW1hZ2VfdXJsZ2VuLjE0NDB4MTgwMC5zZHIuZjI5MzUwLmRlZmF1bHRfaW1hZ2UuYzIifQ&_nc_ht=scontent-atl3-3.cdninstagram.com&_nc_cat=111&_nc_oc=Q6cZ2QEnqSc4bd7RWQAcLHY1lq3jz_XPWTLOrc_ct4psesSUvWIDn__S-Q7bE_jTs2yjCfg&_nc_ohc=VjpslffgZecQ7kNvwGHEJbt&_nc_gid=UxyzVy4JC6i-D0lpiovFRg&edm=APoiHPcBAAAA&ccb=7-5&ig_cache_key=MzAxNzA5NTY3NzczNDMyNjM2Mw%3D%3D.3-ccb7-5&oh=00_AfpvCcHLegetU_sXfAIcHcNyxKWNYMpDFyYhx1avIGcdIQ&oe=69788FF0&_nc_sid=22de04,None,2023-01-16 11:17:35,https://www.instagram.com/p/Cne4InhO438,Cne4InhO438
"#Repost @walter.alimura with @use.repost


#TBT 
#picodobon #arapongamg",https://scontent-atl3-1.cdninstagram.com/v/t51.29350-15/319009665_510142554478716_8745666186046519114_n.jpg?stp=dst-jpg_e35_tt6&efg=eyJ2ZW5jb2RlX3RhZyI6IkZFRUQuaW1hZ2VfdXJsZ2VuLjE0NDB4MTQ0MC5zZHIuZjI5MzUwLmRlZmF1bHRfaW1hZ2UuYzIifQ&_nc_ht=scontent-atl3-1.cdninstagram.com&_nc_cat=100&_nc_oc=Q6cZ2QEnqSc4bd7RWQAcLHY1lq3jz_XPWTLOrc_ct4psesSUvWIDn__S-Q7bE_jTs2yjCfg&_nc_ohc=58VM_2Uug1kQ7kNvwH6yUOR&_nc_gid=UxyzVy4JC6i-D0lpiovFRg&edm=APoiHPcBAAAA&ccb=7-5&ig_cache_key=Mjk4OTA0NjU3NjYxNDk2MDQ1NQ%3D%3D.3-ccb7-5&oh=00_AfrG3Xq6FBGpQSigwEmulk8jP52eo8XC7wpcPAE0PJwoJA&oe=6978B8A2&_nc_sid=22de04,None,2022-12-08 18:29:01,https://www.instagram.com/p/Cl7OgZYO21H,Cl7OgZYO21H
