Caption,Image,Video,Time Created,Post URL,Post ID
,,,,,
"Conhea as trilhas ao redor do Pico do Bon.

Marca seu amigo para ir fazer uma trilha com voc. ",https://scontent-lax3-1.cdninstagram.com/v/t51.29350-15/316748391_730717458388040_2909219114097608052_n.jpg?stp=dst-jpg_e35_tt6&efg=eyJ2ZW5jb2RlX3RhZyI6IkNBUk9VU0VMX0lURU0uaW1hZ2VfdXJsZ2VuLjE0NDB4MTc5NS5zZHIuZjI5MzUwLmRlZmF1bHRfaW1hZ2UuYzIifQ&_nc_ht=scontent-lax3-1.cdninstagram.com&_nc_cat=108&_nc_oc=Q6cZ2QGnGJMB1x6BcZdfyU9OkIGOER_UVTUhB72n8yHNt5ih-K9-A0KAnbkfKU8hcHVSSzA&_nc_ohc=oijyH44523YQ7kNvwHtoIys&_nc_gid=deDthdMQg1tTJZ5y_kVQYA&edm=APoiHPcBAAAA&ccb=7-5&ig_cache_key=Mjk3Nzc5OTg3NDEzODM3MDc4NA%3D%3D.3-ccb7-5&oh=00_AforQrNfxIHlzYU8lN2nzvizL3m2BRmvlkENT8Wxd33nIA&oe=69789424&_nc_sid=22de04,None,11/23/2022 6:03,https://www.instagram.com/p/ClTRTbkOPxm,ClTRTbkOPxm
,,,,,
"Sabe aqueles seus amigos enrolados?

Que vivem falando que vo vir no Pico do Bon e nunca vem?

Marquem esses enrolados aqui. ",https://scontent-lax3-2.cdninstagram.com/v/t51.29350-15/203412395_197203792306127_7731682355851793443_n.jpg?stp=dst-jpg_e35_tt6&efg=eyJ2ZW5jb2RlX3RhZyI6IkZFRUQuaW1hZ2VfdXJsZ2VuLjEwODB4MTA4MC5zZHIuZjI5MzUwLmRlZmF1bHRfaW1hZ2UuYzIifQ&_nc_ht=scontent-lax3-2.cdninstagram.com&_nc_cat=111&_nc_oc=Q6cZ2QGnGJMB1x6BcZdfyU9OkIGOER_UVTUhB72n8yHNt5ih-K9-A0KAnbkfKU8hcHVSSzA&_nc_ohc=GIhIOwQEp2EQ7kNvwEJ2Ggc&_nc_gid=deDthdMQg1tTJZ5y_kVQYA&edm=APoiHPcBAAAA&ccb=7-5&ig_cache_key=MjYwMDQ5MDI3NDg2MjIzMzk1Nw%3D%3D.3-ccb7-5&oh=00_AfoY_T6ORYEdZ3ExrOXbsG5H0Yn_F-4FZkXuDod1oLS4IA&oe=69789F1D&_nc_sid=22de04,None,6/20/2021 16:57,https://www.instagram.com/p/CQWzCCDBXll,CQWzCCDBXll
,,,,,
"Pico do Bon e Cachoeira do Bon

Localizados na Serra do Brigadeiro na regio de Araponga

Lugar de paz e contato com a natureza 

  @voealtoaudiovisual @feliciogodinho

Precisando de vdeos e fotos para redes sociais? Imagens de drone? cobertura de eventos?
Entre em contato com a gente! 

 whatsapp  31 996812072",https://scontent-lax3-1.cdninstagram.com/v/t15.5256-10/598816371_955214827675312_6995903880142731532_n.jpg?stp=dst-jpg_e15_tt6&_nc_cat=102&ig_cache_key=MzMxMTUwMTc5NDg2OTA4MTExNzk1NTIxNDY3NDM0MTk5NA%3D%3D.3-ccb7-5&ccb=7-5&_nc_sid=58cdad&efg=eyJ2ZW5jb2RlX3RhZyI6InhwaWRzLjM5MHg2OTMuc2RyLkMzIn0%3D&_nc_ohc=qspxb0QIbDIQ7kNvwEfLTO8&_nc_oc=AdkhtCat0oJtz_3wKVX7nD5jnwaVn3jacX5h5cUjW9dua1KQVsht9-FnKkw8RVfePNQ&_nc_ad=z-m&_nc_cid=0&_nc_zt=23&_nc_ht=scontent-lax3-1.cdninstagram.com&_nc_gid=deDthdMQg1tTJZ5y_kVQYA&oh=00_AfpN5voaseYmnHUjWWbOB8dZC0MN1Plw_pS_uPfL_VshXg&oe=6978A543,https://scontent-lax3-2.cdninstagram.com/o1/v/t2/f2/m82/AQOtO5sbZQgpYYNziUvLC47zsN4wVayktX4nJe8zTtm6MVETrK08CAZwHGMALqp8pE7a-WQBoh7-nJvJD6Fc7aVL6Tjv3GE2sFES8mY.mp4?_nc_cat=111&_nc_sid=5e9851&_nc_ht=scontent-lax3-2.cdninstagram.com&_nc_ohc=s88NPTkki0oQ7kNvwHGOHrf&efg=eyJ2ZW5jb2RlX3RhZyI6Inhwdl9wcm9ncmVzc2l2ZS5JTlNUQUdSQU0uQ0xJUFMuQzMuNzIwLmRhc2hfYmFzZWxpbmVfMV92MSIsInhwdl9hc3NldF9pZCI6MjQ1OTU3NjQ1MjY3NzA0LCJhc3NldF9hZ2VfZGF5cyI6Njk2LCJ2aV91c2VjYXNlX2lkIjoxMDA5OSwiZHVyYXRpb25fcyI6ODUsInVybGdlbl9zb3VyY2UiOiJ3d3cifQ%3D%3D&ccb=17-1&vs=352baa0efa2ef828&_nc_vs=HBksFQIYT2lnX3hwdl9yZWVsc19wZXJtYW5lbnRfcHJvZC85ODRGNkE4NkJDOTE1NzYzNDkwQTU2MkU3RUEwQjhBOF92aWRlb19kYXNoaW5pdC5tcDQVAALIARIAFQIYOnBhc3N0aHJvdWdoX2V2ZXJzdG9yZS9HSFFycGhsYVpMZ19mWEFCQU1TTEhrRXRlT29RYnFfRUFBQUYVAgLIARIAKAAYABsCiAd1c2Vfb2lsATEScHJvZ3Jlc3NpdmVfcmVjaXBlATEVAAAm8Muboc_sbxUCKAJDMywXQFVEOVgQYk4YEmRhc2hfYmFzZWxpbmVfMV92MREAdf4HZeadAQA&_nc_gid=deDthdMQg1tTJZ5y_kVQYA&_nc_zt=28&oh=00_AfoxK5K5tmp1jrql0aHmJMFc2tUoI8GPOQzYPIoPacZWfA&oe=6974A9B0,2/2/2025 17:07,https://www.instagram.com/p/C300VZcPXQd,C300VZcPXQd
,,,,,
" Aventura na Serra do Brigadeiro  Um dia inesquecvel!

No ltimo dia 26, vivemos momentos incrveis na Serra do Brigadeiro, cercados por paisagens de tirar o flego e muita energia boa! 
Foi um dia repleto de emoo, superao e conexo com a natureza, com direito a rapel e tirolesa em um cenrio simplesmente espetacular. Cada descida, cada grito de alegria e cada sorriso refletiam o verdadeiro esprito da aventura: vencer o medo e celebrar a vida! 

Se voc ainda no participou de uma experincia assim, vem com a gente nas prximas expedies! Prometemos mais natureza, adrenalina e boas histrias para contar. 

 Vertical Life  Viva o extraordinrio!
#serradobrogadeiro #picodobon #araponga #RapelProfissional #aventura",https://scontent-lax3-2.cdninstagram.com/v/t51.82787-15/572321919_18414955519117392_5671568900619188236_n.jpg?stp=dst-jpg_e15_tt6&_nc_cat=100&ig_cache_key=Mzc1MzM3OTM0ODkwMTM5NDQzNg%3D%3D.3-ccb7-5&ccb=7-5&_nc_sid=58cdad&efg=eyJ2ZW5jb2RlX3RhZyI6InhwaWRzLjU0MHg5NjAuc2RyLkMzIn0%3D&_nc_ohc=SbVMuUfvyKoQ7kNvwFcYMsF&_nc_oc=AdkPfKJH9frjOBhjEGodxmYAZrL2Al3MEgaEzRBjagTD3a1rgDY5u39LQ1CdgX_xg2w&_nc_ad=z-m&_nc_cid=0&_nc_zt=23&_nc_ht=scontent-lax3-2.cdninstagram.com&_nc_gid=deDthdMQg1tTJZ5y_kVQYA&oh=00_Afo7iyEpfw6gZi0rJ0YfINi2e62acQ_5_PW4rUVvgWiSDw&oe=6978AC33,https://scontent-lax3-2.cdninstagram.com/o1/v/t2/f2/m86/AQOkpEfvO1eMaVB4EBDU9M61ZbJa0KZkrxd85pELowTDyk6Es1U_Pt3PqcykDAEnmyfdkaJiHxNoT9EwgkH2oeFdvUtm2LVEOJboSBU.mp4?_nc_cat=106&_nc_sid=5e9851&_nc_ht=scontent-lax3-2.cdninstagram.com&_nc_ohc=wkiAIIqYkLAQ7kNvwFdeBwz&efg=eyJ2ZW5jb2RlX3RhZyI6Inhwdl9wcm9ncmVzc2l2ZS5JTlNUQUdSQU0uQ0xJUFMuQzMuNzIwLmRhc2hfYmFzZWxpbmVfMV92MSIsInhwdl9hc3NldF9pZCI6MjQ4NDUzOTkzNDUxMTA1NDIsImFzc2V0X2FnZV9kYXlzIjo4NiwidmlfdXNlY2FzZV9pZCI6MTAwOTksImR1cmF0aW9uX3MiOjY3LCJ1cmxnZW5fc291cmNlIjoid3d3In0%3D&ccb=17-1&_nc_gid=deDthdMQg1tTJZ5y_kVQYA&_nc_zt=28&vs=4e8ff130a68e01ac&_nc_vs=HBksFQIYUmlnX3hwdl9yZWVsc19wZXJtYW5lbnRfc3JfcHJvZC9DRTQ2NENGQkIzMDA4OEM4RDRCRERBNzE1QkM1OEI4Nl92aWRlb19kYXNoaW5pdC5tcDQVAALIARIAFQIYOnBhc3N0aHJvdWdoX2V2ZXJzdG9yZS9HTXpKTFNMQlZjQ3ZJVGNEQUFveElLd2NyTVZQYnN0VEFRQUYVAgLIARIAKAAYABsCiAd1c2Vfb2lsATEScHJvZ3Jlc3NpdmVfcmVjaXBlATEVAAAmnPikpMqwolgVAigCQzMsF0BQ1U_fO2RaGBJkYXNoX2Jhc2VsaW5lXzFfdjERAHX-B2XmnQEA&oh=00_AfrHjYc8jQIReqyEHChkFHFrMNY4tunKQFqxb-sO4d1vMA&oe=6974B533,10/28/2025 9:22,https://www.instagram.com/p/DQWrqGujfgE,DQWrqGujfgE
,,,,,
"Viver no se trata somente de respirar muitos respiram,andam,escutam,falam mas se esquecem de realmente aproveitar todos esses benefcios
De valor ao que voc tem e pode ter certeza que voc tem muito!
Viva!!!

#brasil #trilha #montanha #aventureiros #explorer",https://scontent-lax7-1.cdninstagram.com/v/t51.71878-15/547494568_1305136491263528_4281521744516153886_n.jpg?stp=dst-jpg_e15_tt6&_nc_cat=101&ig_cache_key=MzcyMDg0NjE0NDY3MjIwODE2Ng%3D%3D.3-ccb7-5&ccb=7-5&_nc_sid=58cdad&efg=eyJ2ZW5jb2RlX3RhZyI6InhwaWRzLjY0MHgxMTM2LnNkci5DMyJ9&_nc_ohc=x_6F2KezbykQ7kNvwGuTjkA&_nc_oc=Admn9gJkdA0nkMikSgNA97dyzEMVtdxD1q8CfqlQvbubX2pyXWQoeZhGkcVbP0mo-O4&_nc_ad=z-m&_nc_cid=0&_nc_zt=23&_nc_ht=scontent-lax7-1.cdninstagram.com&_nc_gid=deDthdMQg1tTJZ5y_kVQYA&oh=00_AfpozQSDoBlWYgRsvc_EikRRg_lrWYI8WaDB1HbfCuMKWQ&oe=69789DCE,https://scontent-lax7-1.cdninstagram.com/o1/v/t2/f2/m86/AQMPvvLK0R9jvIU1dweSXbULstj8pWft1Ir0t9Oo6PYQZkruw0CRtcSEQHvCrvZaM-2ncUUxNW8ZEwVcBXcg9er5zLoQ8kfF-UY49Tc.mp4?_nc_cat=101&_nc_sid=5e9851&_nc_ht=scontent-lax7-1.cdninstagram.com&_nc_ohc=JPiQ5eZeU4QQ7kNvwG2_AgN&efg=eyJ2ZW5jb2RlX3RhZyI6Inhwdl9wcm9ncmVzc2l2ZS5JTlNUQUdSQU0uQ0xJUFMuQzMuNzIwLmRhc2hfYmFzZWxpbmVfMV92MSIsInhwdl9hc3NldF9pZCI6MTA5NDMyNjM4Mjg4MTg0MiwiYXNzZXRfYWdlX2RheXMiOjEzMSwidmlfdXNlY2FzZV9pZCI6MTAwOTksImR1cmF0aW9uX3MiOjIzLCJ1cmxnZW5fc291cmNlIjoid3d3In0%3D&ccb=17-1&_nc_gid=deDthdMQg1tTJZ5y_kVQYA&_nc_zt=28&vs=f8738bc0ce6d306f&_nc_vs=HBksFQIYUmlnX3hwdl9yZWVsc19wZXJtYW5lbnRfc3JfcHJvZC9EQzRBRjhCNDIyMzVDQjQwQTM0NThFQUFFMDM3M0FBNF92aWRlb19kYXNoaW5pdC5tcDQVAALIARIAFQIYR2lnX3hwdl9yZWVsc19wZXJtYW5lbnRfc3JfcHJvZC8xMjA5MzE3MTQ3NjY5MDUzXzgxMDYyOTcxODU5MjIzMjE4OTcubXA0FQICyAESACgAGAAbAogHdXNlX29pbAExEnByb2dyZXNzaXZlX3JlY2lwZQExFQAAJuSwj_WW0vEDFQIoAkMzLBdAN4hysCDEnBgSZGFzaF9iYXNlbGluZV8xX3YxEQB1_gdl5p0BAA&oh=00_Afq4_TyMiycQ2jWEbHR_SdG3hNcJv8qdVoD9WW_t3AMVDQ&oe=6974A18E,9/13/2025 12:44,https://www.instagram.com/p/DOjGdrNEZUm,DOjGdrNEZUm
,,,,,
#brasil #picobon #trilhasdobrasil,https://scontent-lax3-2.cdninstagram.com/v/t51.71878-15/538321117_1503049871131097_141679033267550473_n.jpg?stp=dst-jpg_e15_tt6&_nc_cat=107&ig_cache_key=MzcwNjYzMjU1OTg1OTg3MzA1Ng%3D%3D.3-ccb7-5&ccb=7-5&_nc_sid=58cdad&efg=eyJ2ZW5jb2RlX3RhZyI6InhwaWRzLjY0MHgxMTM2LnNkci5DMyJ9&_nc_ohc=aVf3JXz6EwAQ7kNvwEgWOuM&_nc_oc=AdmTx1j2ISd-YoMsm3I7Jnn9i_mxxDUfhq_sWG0S5VUAH839mgAErLkJud0m5UNxRZU&_nc_ad=z-m&_nc_cid=0&_nc_zt=23&_nc_ht=scontent-lax3-2.cdninstagram.com&_nc_gid=deDthdMQg1tTJZ5y_kVQYA&oh=00_Afp5rQ9UHsN5gzVg9QooowUnAhlqBYZRHiyIOyPvaLnldw&oe=6978B6F4,https://scontent-lax3-2.cdninstagram.com/o1/v/t2/f2/m86/AQPXQj7C4JKbAvZyfITXV7BKGltGBkj7Lfsig80oC5OYc630zZBEZdQxI07s-dZyLRWanH-BnuJZda_FXNQscWjI-Agn-RgjT94IbIA.mp4?_nc_cat=100&_nc_sid=5e9851&_nc_ht=scontent-lax3-2.cdninstagram.com&_nc_ohc=5hrfcZppIycQ7kNvwGQfBUj&efg=eyJ2ZW5jb2RlX3RhZyI6Inhwdl9wcm9ncmVzc2l2ZS5JTlNUQUdSQU0uQ0xJUFMuQzMuNzIwLmRhc2hfYmFzZWxpbmVfMV92MSIsInhwdl9hc3NldF9pZCI6MjQ5NTYwMjY2NzQwNTYwNjAsImFzc2V0X2FnZV9kYXlzIjoxNTEsInZpX3VzZWNhc2VfaWQiOjEwMDk5LCJkdXJhdGlvbl9zIjoyMSwidXJsZ2VuX3NvdXJjZSI6Ind3dyJ9&ccb=17-1&_nc_gid=deDthdMQg1tTJZ5y_kVQYA&_nc_zt=28&vs=59eef771ccee3846&_nc_vs=HBksFQIYUmlnX3hwdl9yZWVsc19wZXJtYW5lbnRfc3JfcHJvZC9FMTQzNzQyN0IwMkQ3NDdGN0MzRjE0MDhCREQyQjU5Nl92aWRlb19kYXNoaW5pdC5tcDQVAALIARIAFQIYOnBhc3N0aHJvdWdoX2V2ZXJzdG9yZS9HRy1rZXlFb1hITExFeEFFQUdaNXk3bmlSdHdSYnN0VEFRQUYVAgLIARIAKAAYABsCiAd1c2Vfb2lsATEScHJvZ3Jlc3NpdmVfcmVjaXBlATEVAAAm-K3MjvjX1FgVAigCQzMsF0A1gAAAAAAAGBJkYXNoX2Jhc2VsaW5lXzFfdjERAHX-B2XmnQEA&oh=00_AfrNiMbmt3UqbgL_KqwxXoCljHRy0o3oZFeyuvykcOiDIw&oe=69749625,8/24/2025 21:27,https://www.instagram.com/p/DNwmqyzWDUg,DNwmqyzWDUg
,,,,,
Por uma vida rica de bons momentos ,https://scontent-lax3-2.cdninstagram.com/v/t51.82787-15/539042973_18058290941617200_9090164040595762448_n.jpg?stp=dst-jpegr_e35_tt6&_nc_cat=103&ig_cache_key=MzcwNjQzODgyMjgxOTY3MTk0MQ%3D%3D.3-ccb7-5&ccb=7-5&_nc_sid=58cdad&efg=eyJ2ZW5jb2RlX3RhZyI6InhwaWRzLjE0NDB4MTkxNC5oZHIuQzMifQ%3D%3D&_nc_ohc=MBhKVVxGZB8Q7kNvwF7DJNm&_nc_oc=AdkoEdrMsHHa1Jk6BzSrbykfaSaBzyTuoiTQeLuT_3FI-f29n5DqQhEUtjuWzYQBM0U&_nc_ad=z-m&_nc_cid=0&_nc_zt=23&_nc_ht=scontent-lax3-2.cdninstagram.com&_nc_gid=deDthdMQg1tTJZ5y_kVQYA&oh=00_AfrZ4H6m4fBCTPUNFQuOORN1UMlCy4g5i1VmCOhuU2GszA&oe=6978A41E,None,8/24/2025 14:59,https://www.instagram.com/p/DNv6nwy4tVa,DNv6nwy4tVa
,,,,,
,https://scontent-lax3-2.cdninstagram.com/v/t51.82787-15/529154071_17956607384986905_7791587649853886134_n.jpg?stp=dst-jpg_e35_tt6&_nc_cat=106&ig_cache_key=MzY5NTUzMjI0NzcxMDM0MDU4Ng%3D%3D.3-ccb7-5&ccb=7-5&_nc_sid=58cdad&efg=eyJ2ZW5jb2RlX3RhZyI6InhwaWRzLjE0NDB4MTkyMC5zZHIuQzMifQ%3D%3D&_nc_ohc=05XV5_UJuuAQ7kNvwEQU5ON&_nc_oc=AdlMJ7oOIL-ZGChHanYcMtjvIcbjyaBEeHk0Ztpnma9NELkSh7H4mqeMDhV5FUM8BTs&_nc_ad=z-m&_nc_cid=0&_nc_zt=23&_nc_ht=scontent-lax3-2.cdninstagram.com&_nc_gid=deDthdMQg1tTJZ5y_kVQYA&oh=00_Afp8GwTR0XxvSjzj0TNY8T4svPNH3U9DPzN7wmMtjTT9PQ&oe=6978ACC3,None,8/9/2025 13:49,https://www.instagram.com/p/DNJKwPYxvv7,DNJKwPYxvv7
,,,,,
"G A B I |  V I C T O R - 2025

Um pr casamento com tons diferentes! Ficou perfeito! Que destaque

@eigabi_vilela @vitaocarmos 

@picodobone.oficial @valedasluas 

#casamentolindo #noivos #querocasar #PrCasamento #melhoresamigos #noiva #prewidding #casamentosviosa #fotosufv #fotosdecasamento #prcamentonaufv #UFV #TeixeirasMg #arapongamg #casamento #noivos #guaraciabamg #vicosamg #casamentolindo #portofirme #mg #viosalinda #lespaviosa #vicosa #lovely #picodobon",https://scontent-lax3-1.cdninstagram.com/v/t51.82787-15/521531731_18135920677425255_4195851769765459559_n.jpg?stp=dst-jpg_e35_tt6&_nc_cat=102&ig_cache_key=MzY4MjY5OTY4NjgzNDc1MDU5Nw%3D%3D.3-ccb7-5&ccb=7-5&_nc_sid=58cdad&efg=eyJ2ZW5jb2RlX3RhZyI6InhwaWRzLjE0NDB4MTgwMC5zZHIuQzMifQ%3D%3D&_nc_ohc=-EpPKq9TZmAQ7kNvwF6zRbL&_nc_oc=AdlsvzS1LLEu8Bs5TAEPSzb-dlGQ04cii7xzpi9PeT90fYE6pQzZTh9wpHqn-hVzL8Y&_nc_ad=z-m&_nc_cid=0&_nc_zt=23&_nc_ht=scontent-lax3-1.cdninstagram.com&_nc_gid=deDthdMQg1tTJZ5y_kVQYA&oh=00_AfrLiLWQRkkOS7sBHG7NlmwnXpItDHSDBQ6rkm4K8BlWbg&oe=69789A82,None,7/23/2025 10:30,https://www.instagram.com/p/DMdCdxKOa75,DMdCdxKOa75
,,,,,
: @ribasvander,https://scontent-lax3-2.cdninstagram.com/v/t51.82787-15/523130403_18072148052501309_5786881747331428895_n.jpg?stp=dst-jpg_e35_tt6&_nc_cat=100&ig_cache_key=MzY4MTg5MTA5NTAxMDUxNjQ5OA%3D%3D.3-ccb7-5&ccb=7-5&_nc_sid=58cdad&efg=eyJ2ZW5jb2RlX3RhZyI6InhwaWRzLjYwMHg3OTcuc2RyLkMzIn0%3D&_nc_ohc=IoKfjKi3gfQQ7kNvwEl45Q0&_nc_oc=AdmQJimHDY2USbfx6BWcLxeC5hSaVO8LXrjT5SiAs2SM_VfISnotVJhS5lfgl_QPaME&_nc_ad=z-m&_nc_cid=0&_nc_zt=23&_nc_ht=scontent-lax3-2.cdninstagram.com&_nc_gid=deDthdMQg1tTJZ5y_kVQYA&oh=00_AfrLG0XbirHlv8qDmm7vj-o2f9GuVRwl9WOC-rs9-tSOqw&oe=6978B2AF,None,7/21/2025 18:07,https://www.instagram.com/p/DMYtHJ7RmAz,DMYtHJ7RmAz
,,,,,
: @lucasluiz010,https://scontent-lax3-1.cdninstagram.com/v/t51.82787-15/521543842_18072113324501309_5030355892219886967_n.jpg?stp=dst-jpg_e35_tt6&_nc_cat=102&ig_cache_key=MzY4MTY2ODg0NjQxNjM5NDQ4MQ%3D%3D.3-ccb7-5&ccb=7-5&_nc_sid=58cdad&efg=eyJ2ZW5jb2RlX3RhZyI6InhwaWRzLjk3MXgxMjk0LnNkci5DMyJ9&_nc_ohc=4LRDQHRQmgUQ7kNvwF-7mSx&_nc_oc=AdnDPM4SNWA_Z3azMCoiWuELoC3ss0cTlgOkFmQptHDE1k8e4AINF__HMVmkoAt6iT4&_nc_ad=z-m&_nc_cid=0&_nc_zt=23&_nc_ht=scontent-lax3-1.cdninstagram.com&_nc_gid=Rh0j6wL34b6cYWdzAeb_wA&oh=00_Afo4Ag9SKhDFbgEnj46LVkMYuj99iIz4CT6Wd2UlCVMhrw&oe=6978926D,None,7/21/2025 10:45,https://www.instagram.com/p/DMX6k87RXjx,DMX6k87RXjx
,,,,,
: @eu.vinicius_ls,https://scontent-lax3-1.cdninstagram.com/v/t51.82787-15/522044600_18072113270501309_7061918274782812010_n.jpg?stp=dst-jpg_e35_tt6&_nc_cat=110&ig_cache_key=MzY4MTY2ODUyOTg4MDU3NjMxNA%3D%3D.3-ccb7-5&ccb=7-5&_nc_sid=58cdad&efg=eyJ2ZW5jb2RlX3RhZyI6InhwaWRzLjU0Mng0MDguc2RyLkMzIn0%3D&_nc_ohc=8Yw5WJU_xZEQ7kNvwExJIgY&_nc_oc=AdkqEUXQM63JBBGytGhwm-3mNBoD_dWNtTgjNkLNYnypeXRgmqcvCEtk7Ma-woF2t-0&_nc_ad=z-m&_nc_cid=0&_nc_zt=23&_nc_ht=scontent-lax3-1.cdninstagram.com&_nc_gid=Rh0j6wL34b6cYWdzAeb_wA&oh=00_AfogljcsyCeJF9ZoDtq3BPtz-6xh8_vfLvagT0e3Qn5dIg&oe=6978B061,None,7/21/2025 10:45,https://www.instagram.com/p/DMX6gfRRfi7,DMX6gfRRfi7
,,,,,
"G A B I |  V I C T O R - 2025

Cada clique desse ensaio  uma pausa no tempo, capturando o amor que cresce a cada passo dessa nova jornada. 
Mais que fotos, so lembranas do incio de um sim para sempre, vivido a dois.

@eigabi_vilela @vitaocarmos 

@picodobone.oficial @valedasluas @pousada_fazenda_do_remanso 

#casamentolindo #noivos #querocasar #PrCasamento #melhoresamigos #noiva #prewidding #casamentosviosa #fotosufv #fotosdecasamento #prcamentonaufv #UFV #TeixeirasMg #arapongamg #casamento #noivos #guaraciabamg #vicosamg #casamentolindo #portofirme #mg #viosalinda #lespaviosa #vicosa #lovely #picodobon",https://scontent-lax3-2.cdninstagram.com/v/t51.82787-15/522346279_18135778195425255_4156167648403129795_n.jpg?stp=dst-jpg_e35_tt6&_nc_cat=107&ig_cache_key=MzY4MTU4NTc4NzMxODA4MDUwNQ%3D%3D.3-ccb7-5&ccb=7-5&_nc_sid=58cdad&efg=eyJ2ZW5jb2RlX3RhZyI6InhwaWRzLjE0NDB4MTgwMC5zZHIuQzMifQ%3D%3D&_nc_ohc=XLCnOh136QkQ7kNvwHYrv2_&_nc_oc=AdkDg8yEiMqejjZcepC5gN-POjRS7LMqrcIS5cN5Vi7HYQetGh9awxsG4ZCo1x4RAI0&_nc_ad=z-m&_nc_cid=0&_nc_zt=23&_nc_ht=scontent-lax3-2.cdninstagram.com&_nc_gid=Rh0j6wL34b6cYWdzAeb_wA&oh=00_AfpaaXpGETSDuq_BqskM-h2jXK9OiucEuzDElX1ZMrJ7Sg&oe=69789226,None,7/21/2025 8:00,https://www.instagram.com/p/DMXnscvOie4,DMXnscvOie4
,,,,,
: @nanda_lima_fontes,https://scontent-lax7-1.cdninstagram.com/v/t51.82787-15/523246981_18072010010501309_9031734334163214506_n.jpg?stp=dst-jpg_e35_tt6&_nc_cat=101&ig_cache_key=MzY4MDk3MDY0NTc0NDk5OTA5NQ%3D%3D.3-ccb7-5&ccb=7-5&_nc_sid=58cdad&efg=eyJ2ZW5jb2RlX3RhZyI6InhwaWRzLjk2MHgxMjgwLnNkci5DMyJ9&_nc_ohc=AmsusWmes58Q7kNvwF6HzFv&_nc_oc=AdnutXUe5rkw9Sfk63rkAgFhrLXGDvOSkmqW9bRoRG5tLZ-LSHtrHLekHw6b_pEsDCg&_nc_ad=z-m&_nc_cid=0&_nc_zt=23&_nc_ht=scontent-lax7-1.cdninstagram.com&_nc_gid=Rh0j6wL34b6cYWdzAeb_wA&oh=00_AfqNFn1yacTWV7pfDriDeDKOJ7Yxb6zp-uTrQU7HssPysQ&oe=6978968F,None,7/20/2025 11:38,https://www.instagram.com/p/DMVb0y4RVq3,DMVb0y4RVq3
,,,,,
: @marcos__vinicius39,https://scontent-lax3-2.cdninstagram.com/v/t51.82787-15/522195928_18072009947501309_8468163980395599277_n.jpg?stp=dst-jpg_e35_tt6&_nc_cat=103&ig_cache_key=MzY4MDk3MDMyOTcyMTAyMTE2Nw%3D%3D.3-ccb7-5&ccb=7-5&_nc_sid=58cdad&efg=eyJ2ZW5jb2RlX3RhZyI6InhwaWRzLjYyMng4MjYuc2RyLkMzIn0%3D&_nc_ohc=9IG0tJrwY_cQ7kNvwFVojlC&_nc_oc=Adk3T062pSRcgleTAzF90ACv_Pc2Sv4TLKEGVmgxC2LGsiaH81BgtTV901n6zGBDLPs&_nc_ad=z-m&_nc_cid=0&_nc_zt=23&_nc_ht=scontent-lax3-2.cdninstagram.com&_nc_gid=Rh0j6wL34b6cYWdzAeb_wA&oh=00_Afr8NsTCBdjcXZxi2FNyDQZsAZ3y30f0vDsMGs2NEDQN1g&oe=6978B653,None,7/20/2025 11:38,https://www.instagram.com/p/DMVbwRax16v,DMVbwRax16v
,,,,,
: @fabrivieira,https://scontent-lax3-1.cdninstagram.com/v/t51.82787-15/520808414_18072008636501309_2694126202428180522_n.jpg?stp=dst-jpg_e35_tt6&_nc_cat=109&ig_cache_key=MzY4MDk2MzYwNDUzMjA0Nzk0MQ%3D%3D.3-ccb7-5&ccb=7-5&_nc_sid=58cdad&efg=eyJ2ZW5jb2RlX3RhZyI6InhwaWRzLjc1MHg3Mzguc2RyLkMzIn0%3D&_nc_ohc=sXCCtY9QJmgQ7kNvwGzIsfV&_nc_oc=AdkyRZ4OpapTBvBS_ShvBFgvK2xfyXT-5kL6YFFyqMATkLECaWVhLsn2nV3nSWVnIJ4&_nc_ad=z-m&_nc_cid=0&_nc_zt=23&_nc_ht=scontent-lax3-1.cdninstagram.com&_nc_gid=Rh0j6wL34b6cYWdzAeb_wA&oh=00_Afp8JvMG46Wv-IEMh1Z6tfoaQIkaWWSMkojqaTD188BQeg&oe=6978A941,None,7/20/2025 11:24,https://www.instagram.com/p/DMVaOVPRjBF,DMVaOVPRjBF
,,,,,
: @leorusso79,https://scontent-lax7-1.cdninstagram.com/v/t51.82787-15/521640550_18072008570501309_5306159797074043115_n.jpg?stp=dst-jpg_e35_tt6&_nc_cat=105&ig_cache_key=MzY4MDk2MzIzMzA0MjUwNDUxMw%3D%3D.3-ccb7-5&ccb=7-5&_nc_sid=58cdad&efg=eyJ2ZW5jb2RlX3RhZyI6InhwaWRzLjUwMHgzMzMuc2RyLkMzIn0%3D&_nc_ohc=W-U6NXrNLe0Q7kNvwGzicti&_nc_oc=AdkfoZ2vZO6w7QRc-2q0IHVIGjAYALtxWGXmjUHlWPE3mza00k6ifPgVV8BC0qpVa1g&_nc_ad=z-m&_nc_cid=0&_nc_zt=23&_nc_ht=scontent-lax7-1.cdninstagram.com&_nc_gid=Rh0j6wL34b6cYWdzAeb_wA&oh=00_AfoZERGokM_rGXEOU0pKKYj79M7a46x-XM0QX272d_oreQ&oe=697888CC,None,7/20/2025 11:23,https://www.instagram.com/p/DMVaJBdRYLS,DMVaJBdRYLS
,,,,,
: @angelinam_malta,https://scontent-lax3-2.cdninstagram.com/v/t51.82787-15/522395647_18072004403501309_7569172787804432432_n.jpg?stp=dst-jpg_e35_tt6&_nc_cat=103&ig_cache_key=MzY4MDkzODYxMDA5NTczNjA3MQ%3D%3D.3-ccb7-5&ccb=7-5&_nc_sid=58cdad&efg=eyJ2ZW5jb2RlX3RhZyI6InhwaWRzLjg0M3g5MzQuc2RyLkMzIn0%3D&_nc_ohc=Nr2gdZf4hMMQ7kNvwGK32Hs&_nc_oc=AdkUM-88mBIAeVx77RXMGshwMJWG97LEzPfT04LCuyxKPTKYz_n4eOsqckbsBA2VBy8&_nc_ad=z-m&_nc_cid=0&_nc_zt=23&_nc_ht=scontent-lax3-2.cdninstagram.com&_nc_gid=Rh0j6wL34b6cYWdzAeb_wA&oh=00_Afq2hS7pzxbTiJdbh0h6sCCfhMgiWXMtpdmctCSHH23LQw&oe=697896B7,None,7/20/2025 10:34,https://www.instagram.com/p/DMVUisnRAfG,DMVUisnRAfG
,,,,,
: @aenderviana1,https://scontent-lax3-1.cdninstagram.com/v/t51.82787-15/521122795_18072000935501309_1505533362606985951_n.jpg?stp=dst-jpg_e35_tt6&_nc_cat=110&ig_cache_key=MzY4MDkyMzM1OTUxMzk0Njg1MQ%3D%3D.3-ccb7-5&ccb=7-5&_nc_sid=58cdad&efg=eyJ2ZW5jb2RlX3RhZyI6InhwaWRzLjExMDR4MTQ3Mi5zZHIuQzMifQ%3D%3D&_nc_ohc=Q4SYmx6PaDMQ7kNvwFdoKtN&_nc_oc=Admunnya9lqTkCEpLHcrj-k7ExerdNl_NJjPO-kKePBTRlKDcww2MpibHtofsjscyPA&_nc_ad=z-m&_nc_cid=0&_nc_zt=23&_nc_ht=scontent-lax3-1.cdninstagram.com&_nc_gid=Rh0j6wL34b6cYWdzAeb_wA&oh=00_AfpS7BTpy9AtNrhRh4Vz7hmYLZ8-4iCvn44-9vsZohdZIw&oe=6978A4B0,None,7/20/2025 10:04,https://www.instagram.com/p/DMVREsJRCrj,DMVREsJRCrj
,,,,,
: @tamarabhering,https://scontent-lax3-2.cdninstagram.com/v/t51.82787-15/521461160_18072000848501309_822190398357120543_n.jpg?stp=dst-jpg_e35_tt6&_nc_cat=111&ig_cache_key=MzY4MDkyMjk0NzAxMjUzNTAwNQ%3D%3D.3-ccb7-5&ccb=7-5&_nc_sid=58cdad&efg=eyJ2ZW5jb2RlX3RhZyI6InhwaWRzLjEwMDR4MTMzNC5zZHIuQzMifQ%3D%3D&_nc_ohc=YHYMPYF4cqEQ7kNvwG4xdx5&_nc_oc=AdnAJho3SJYtTwvzyumcFRxK9JN10OrTGrP6J2lwBvWQTOjTQWxn9JF68zIGSDQEV6k&_nc_ad=z-m&_nc_cid=0&_nc_zt=23&_nc_ht=scontent-lax3-2.cdninstagram.com&_nc_gid=Rh0j6wL34b6cYWdzAeb_wA&oh=00_Afqotg1TK9xATaPibXA-Rm0EDY3-LD6kBEOHYAbAk4XWBQ&oe=69789FE5,None,7/20/2025 10:03,https://www.instagram.com/p/DMVQ-r-RCLd,DMVQ-r-RCLd
,,,,,
: @ro_assafrao,https://scontent-atl3-2.cdninstagram.com/v/t51.82787-15/521660894_18072000779501309_7940864678879939549_n.jpg?stp=dst-jpg_e35_tt6&_nc_cat=105&ig_cache_key=MzY4MDkyMjU5MDE0NDM3MTYwMw%3D%3D.3-ccb7-5&ccb=7-5&_nc_sid=58cdad&efg=eyJ2ZW5jb2RlX3RhZyI6InhwaWRzLjU4Nng3ODIuc2RyLkMzIn0%3D&_nc_ohc=vAhrrTZQhO4Q7kNvwF9o_XT&_nc_oc=AdlXywP-8PSN7A50_W6-WOjJGZVxe8xTOyVOQesN716B7d3UI-USyxT3z86d2fUoOn0&_nc_ad=z-m&_nc_cid=0&_nc_zt=23&_nc_ht=scontent-atl3-2.cdninstagram.com&_nc_gid=Pwh2x06hSw9O3b6F6ETJWw&oh=00_AfrcVZsBjTP7NgEgdm5h9otnhSjwj0gBmP0GMCG6QBijPQ&oe=6978AA57,None,7/20/2025 10:03,https://www.instagram.com/p/DMVQ5ndxdLK,DMVQ5ndxdLK
,,,,,
: @thales.sfs,https://scontent-atl3-3.cdninstagram.com/v/t51.82787-15/521913639_18071998703501309_8114888180180578013_n.jpg?stp=dst-jpg_e35_tt6&_nc_cat=111&ig_cache_key=MzY4MDkxMzA0OTUwMzY2NTc1NQ%3D%3D.3-ccb7-5&ccb=7-5&_nc_sid=58cdad&efg=eyJ2ZW5jb2RlX3RhZyI6InhwaWRzLjg1MHg4NTcuc2RyLkMzIn0%3D&_nc_ohc=DwybjZvez3QQ7kNvwE_lfIs&_nc_oc=AdnJtKF4NCt3oibxsuaktDmUjrU0gi9QwBXp33IS5Ae7vUWWOQKw7I0-ouaOuErFIfg&_nc_ad=z-m&_nc_cid=0&_nc_zt=23&_nc_ht=scontent-atl3-3.cdninstagram.com&_nc_gid=Pwh2x06hSw9O3b6F6ETJWw&oh=00_Afotvw_ckRcrxm0-6MEO4JbnD2F5gU6kneTEON161udDxA&oe=69789A50,None,7/20/2025 9:44,https://www.instagram.com/p/DMVOuqMxA5b,DMVOuqMxA5b
,,,,,
: @s_nn1960,https://scontent-atl3-2.cdninstagram.com/v/t51.82787-15/521190713_18071998655501309_7853392603548672816_n.jpg?stp=dst-jpg_e35_tt6&_nc_cat=105&ig_cache_key=MzY4MDkxMjc3MzA4MjUxMjQwOA%3D%3D.3-ccb7-5&ccb=7-5&_nc_sid=58cdad&efg=eyJ2ZW5jb2RlX3RhZyI6InhwaWRzLjExMDR4MTQ3Mi5zZHIuQzMifQ%3D%3D&_nc_ohc=IBIiXbqSft4Q7kNvwFANIHw&_nc_oc=Adnqj-HmryVu1t6wUZTu0CCc146PgB2xM_WcY-i3iIUQpv2NQDZArPFt-MX6TE-kelQ&_nc_ad=z-m&_nc_cid=0&_nc_zt=23&_nc_ht=scontent-atl3-2.cdninstagram.com&_nc_gid=Pwh2x06hSw9O3b6F6ETJWw&oh=00_Afr94qjLEbzuGmZKj7RVP7NWrh1KTQqvaCKnOenjWgX3iQ&oe=69789996,None,7/20/2025 9:43,https://www.instagram.com/p/DMVOqowx_wY,DMVOqowx_wY
,,,,,
: @ma_rcelo3781,https://scontent-atl3-3.cdninstagram.com/v/t51.82787-15/522693152_18071996798501309_5506095616522080691_n.jpg?stp=dst-jpg_e35_tt6&_nc_cat=108&ig_cache_key=MzY4MDkwMjU2NzEzMjcwMzI3Mw%3D%3D.3-ccb7-5&ccb=7-5&_nc_sid=58cdad&efg=eyJ2ZW5jb2RlX3RhZyI6InhwaWRzLjc2OHgxMDIwLnNkci5DMyJ9&_nc_ohc=ut4z_3hUp_4Q7kNvwHMk1Xg&_nc_oc=AdmfQRzVDIX072TUkDFVYfTvstO4g4CIioYAq8Sg8RhHTkv268ZgY7SLSRyHuxxXqy8&_nc_ad=z-m&_nc_cid=0&_nc_zt=23&_nc_ht=scontent-atl3-3.cdninstagram.com&_nc_gid=Pwh2x06hSw9O3b6F6ETJWw&oh=00_AfoLynPHuxEonaOnpYLBvx3s6y-pGpfN9ddfK66NCf5v6g&oe=6978BB19,None,7/20/2025 9:23,https://www.instagram.com/p/DMVMWOnxsNs,DMVMWOnxsNs
,,,,,
: @victor_vieira31,https://scontent-atl3-3.cdninstagram.com/v/t51.82787-15/521541940_18071996399501309_3879599158179371621_n.jpg?stp=dst-jpg_e35_tt6&_nc_cat=109&ig_cache_key=MzY4MDkwMDM2NDA0OTM2ODQ1Ng%3D%3D.3-ccb7-5&ccb=7-5&_nc_sid=58cdad&efg=eyJ2ZW5jb2RlX3RhZyI6InhwaWRzLjU1MHg3MzEuc2RyLkMzIn0%3D&_nc_ohc=XjRI6uqS0AwQ7kNvwE1fa43&_nc_oc=Adk7X1wMSrSiCcq6bo2ExV67jPQRgegrPDs1WRIh8s7lriwHZVJerGS8qqh5NP4cGKA&_nc_ad=z-m&_nc_cid=0&_nc_zt=23&_nc_ht=scontent-atl3-3.cdninstagram.com&_nc_gid=Pwh2x06hSw9O3b6F6ETJWw&oh=00_Afox8es9sWRD-FuEhM61jo5p82gPtwBu6tugBAJJcIVBTw&oe=6978B54B,None,7/20/2025 9:19,https://www.instagram.com/p/DMVL2D8xMWI,DMVL2D8xMWI
,,,,,
: @leorusso79,https://scontent-atl3-2.cdninstagram.com/v/t51.82787-15/520539120_18071996171501309_4790703447278310517_n.jpg?stp=dst-jpg_e35_tt6&_nc_cat=101&ig_cache_key=MzY4MDg5OTI2OTIyNjk3ODIzMA%3D%3D.3-ccb7-5&ccb=7-5&_nc_sid=58cdad&efg=eyJ2ZW5jb2RlX3RhZyI6InhwaWRzLjQyNngyODQuc2RyLkMzIn0%3D&_nc_ohc=SlmMwaglqtsQ7kNvwGcxF7c&_nc_oc=AdmRsqZZNNrkSqQ8IBNOkmAhYI3C6FkH8Dky2N8MfHLpl4K5jhli0FAyPzLqOsxyE3I&_nc_ad=z-m&_nc_cid=0&_nc_zt=23&_nc_ht=scontent-atl3-2.cdninstagram.com&_nc_gid=Pwh2x06hSw9O3b6F6ETJWw&oh=00_AfopfeUVF-p9E66lroQ41duLC9VAn0HlNXzd_9-sK1Zu8Q&oe=6978AC0D,None,7/20/2025 9:16,https://www.instagram.com/p/DMVLmNoxajH,DMVLmNoxajH
,,,,,
: @junemarcelo3,https://scontent-atl3-3.cdninstagram.com/v/t51.82787-15/522626663_18071996129501309_3283184889004859509_n.jpg?stp=dst-jpg_e35_tt6&_nc_cat=107&ig_cache_key=MzY4MDg5ODkyMDIxMDUzNTIxMg%3D%3D.3-ccb7-5&ccb=7-5&_nc_sid=58cdad&efg=eyJ2ZW5jb2RlX3RhZyI6InhwaWRzLjUxMngzODQuc2RyLkMzIn0%3D&_nc_ohc=JyDX1nL5nXEQ7kNvwH4F6dd&_nc_oc=AdlLtxQZlHY-Vv6pC_2VuhzDVfJmOvAimxGvD3wsdnsDgrg9-Pm_qdFwiClay_rABfo&_nc_ad=z-m&_nc_cid=0&_nc_zt=23&_nc_ht=scontent-atl3-3.cdninstagram.com&_nc_gid=Pwh2x06hSw9O3b6F6ETJWw&oh=00_AfrVGtWeqPo3LzxZJyxElUQe9F82X3OzUkVvz6oqsfKq7A&oe=69788D6F,None,7/20/2025 9:16,https://www.instagram.com/p/DMVLhDRRJMs,DMVLhDRRJMs
,,,,,
: @jessicacruz20,https://scontent-atl3-2.cdninstagram.com/v/t51.82787-15/522508901_18071987495501309_2656615568291725971_n.jpg?stp=dst-jpg_e35_tt6&_nc_cat=102&ig_cache_key=MzY4MDg0OTc3OTcyODMxNTE5Mg%3D%3D.3-ccb7-5&ccb=7-5&_nc_sid=58cdad&efg=eyJ2ZW5jb2RlX3RhZyI6InhwaWRzLjcyMHg5NjEuc2RyLkMzIn0%3D&_nc_ohc=8MAf_dq-QSYQ7kNvwF-bCe3&_nc_oc=Adn6XypiyVZtNyOlACcmwKDSXWm-09L4augP_5SFOo81GxCdqTmFopE-cPVioEKBo0I&_nc_ad=z-m&_nc_cid=0&_nc_zt=23&_nc_ht=scontent-atl3-2.cdninstagram.com&_nc_gid=Pwh2x06hSw9O3b6F6ETJWw&oh=00_AfqCerjfRJqmoIKYpKclaX8rxJCv_ngM8Hrdxm7RWQWVDg&oe=6978A4F3,None,7/20/2025 7:38,https://www.instagram.com/p/DMVAWDJRWw7,DMVAWDJRWw7
,,,,,
: @ventura_tulio,https://scontent-atl3-2.cdninstagram.com/v/t51.82787-15/521344549_18071986733501309_7677512516271023786_n.jpg?stp=dst-jpg_e35_tt6&_nc_cat=102&ig_cache_key=MzY4MDg0NTYzMTI5MzE1MTQxOQ%3D%3D.3-ccb7-5&ccb=7-5&_nc_sid=58cdad&efg=eyJ2ZW5jb2RlX3RhZyI6InhwaWRzLjc2NXgxMDIwLnNkci5DMyJ9&_nc_ohc=AU0WVdXlBDsQ7kNvwEuHkVg&_nc_oc=AdlxsHjBzP7wVGl9Wm-wVZEsiHiKiLOHvIDrc2mfL1LUkp2-hgOyHD5Pp2viA04RL5s&_nc_ad=z-m&_nc_cid=0&_nc_zt=23&_nc_ht=scontent-atl3-2.cdninstagram.com&_nc_gid=Pwh2x06hSw9O3b6F6ETJWw&oh=00_AfpA_SIf9H3V21td8ytq79LJ3CTLtLTltOoL-HZADx8shw&oe=6978A3FF,None,7/20/2025 7:30,https://www.instagram.com/p/DMU_ZmGRti7,DMU_ZmGRti7
,,,,,
: @fernando.floriano_,https://scontent-atl3-3.cdninstagram.com/v/t51.82787-15/521585780_18071986664501309_4744767563325405629_n.jpg?stp=dst-jpg_e35_tt6&_nc_cat=108&ig_cache_key=MzY4MDg0NTE4NDA5NjQxMzM2Nw%3D%3D.3-ccb7-5&ccb=7-5&_nc_sid=58cdad&efg=eyJ2ZW5jb2RlX3RhZyI6InhwaWRzLjE0NDB4MTA4MC5zZHIuQzMifQ%3D%3D&_nc_ohc=JhP77gdS0eoQ7kNvwE4KjJb&_nc_oc=Adlg434W1sgOO1gmjYS_pYR8vS0ZEIJ0eypTIF6xBKx1UWmBdHqjWjFXx2dNJQa8KjU&_nc_ad=z-m&_nc_cid=0&_nc_zt=23&_nc_ht=scontent-atl3-3.cdninstagram.com&_nc_gid=Pwh2x06hSw9O3b6F6ETJWw&oh=00_AfpWcea8s4pgpFKbGWFsOyOHuIO4bfsfyZrZO0hkdpdhMg&oe=6978AA97,None,7/20/2025 7:29,https://www.instagram.com/p/DMU_TK1RNV6,DMU_TK1RNV6
,,,,,
: @carol_duartedd,https://scontent-atl3-2.cdninstagram.com/v/t51.75761-15/502973170_18066929873501309_4412979961700056494_n.jpg?stp=dst-jpg_e35_tt6&_nc_cat=104&ig_cache_key=MzY0NjQzODgyNjQ2NzIxMzQ4MA%3D%3D.3-ccb7-5&ccb=7-5&_nc_sid=58cdad&efg=eyJ2ZW5jb2RlX3RhZyI6InhwaWRzLjgyOHg5NDcuc2RyLkMzIn0%3D&_nc_ohc=81UsLe4IOmAQ7kNvwG8S8xH&_nc_oc=Admerj65sFVs2CJNmvMudjsm1p4LEx7sdhaLjuhYcKE1Q_J7pMnX7-3nYFlVkGuaLYI&_nc_ad=z-m&_nc_cid=0&_nc_zt=23&_nc_ht=scontent-atl3-2.cdninstagram.com&_nc_gid=WQM3mrXVbX5DO2uS-XU-WQ&oh=00_AfrS6bXBTi524f1qF26mSTNRr-pOf8KBgO_RYYh8-ynIPA&oe=697895DE,None,6/2/2025 20:10,https://www.instagram.com/p/DKawMzkxHc8,DKawMzkxHc8
,,,,,
,https://scontent-atl3-1.cdninstagram.com/v/t51.75761-15/499661054_18404658007102753_2810737016828416363_n.jpg?stp=dst-jpg_e35_tt6&_nc_cat=100&ig_cache_key=MzYzNTI4NTk3NzM1NTEyNTAzOQ%3D%3D.3-ccb7-5&ccb=7-5&_nc_sid=58cdad&efg=eyJ2ZW5jb2RlX3RhZyI6InhwaWRzLjE0NDB4MTE0Ny5zZHIuQzMifQ%3D%3D&_nc_ohc=WbYiMAps3AcQ7kNvwH0bFrP&_nc_oc=AdlxfeuOkd1JaMIVOG-m6-zxAjvfGLxF_MUBRa-94Q9jVrVrIehuxnN_Kr2b43IY7fg&_nc_ad=z-m&_nc_cid=0&_nc_zt=23&_nc_ht=scontent-atl3-1.cdninstagram.com&_nc_gid=WQM3mrXVbX5DO2uS-XU-WQ&oh=00_AfoSwS6PmyQ1zhrYd3oMIHfuhfswvkWpUl0yPlDKk-ZJpw&oe=69789FD0,None,5/18/2025 19:47,https://www.instagram.com/p/DJzIVceNEad,DJzIVceNEad
,,,,,
"Araponga - MG vista de cima!  

 Siga a @samuelvelasco_r

 Gravao e edio por @samuelvelasco_r 

#araponga #mg #vilhavelha #drone #dji #fotografia #lightroom #cidademineira",https://scontent-atl3-3.cdninstagram.com/v/t51.75761-15/486110360_18490947892009198_7955846031892928646_n.jpg?stp=dst-jpg_e15_tt6&_nc_cat=107&ig_cache_key=MzU5NjkxNjkyODg0OTIxNTA4Ng%3D%3D.3-ccb7-5&ccb=7-5&_nc_sid=58cdad&efg=eyJ2ZW5jb2RlX3RhZyI6InhwaWRzLjcyMHgxMjgwLnNkci5DMyJ9&_nc_ohc=LbcWQEzspM8Q7kNvwEue_F7&_nc_oc=Adl85NCqziRDwOsT7_WfKd6XyQjHDdGDj16byxixqNdSIuwIrHVJhJnOb1JPNG0bgzo&_nc_ad=z-m&_nc_cid=0&_nc_zt=23&_nc_ht=scontent-atl3-3.cdninstagram.com&_nc_gid=WQM3mrXVbX5DO2uS-XU-WQ&oh=00_AfpzslfjQWyPwhm3joSk57xGwkpEDgb0ytlth3FqbFisxA&oe=6978A5D8,https://scontent-atl3-3.cdninstagram.com/o1/v/t2/f2/m367/AQM8CpNL4svgWF4riBMmXCeb-i0vAUk4WYzZ--ixptGKB8Y4HVHyzhi1olZuoNj4dHl-NOfcxHPddFDkZHoMyScQPS0KWtqq7Yb6-qE.mp4?_nc_cat=110&_nc_sid=5e9851&_nc_ht=scontent-atl3-3.cdninstagram.com&_nc_ohc=XNyKIkOUmn8Q7kNvwFRk79Z&efg=eyJ2ZW5jb2RlX3RhZyI6Inhwdl9wcm9ncmVzc2l2ZS5JTlNUQUdSQU0uQ0xJUFMuQzMuNzIwLmRhc2hfYmFzZWxpbmVfMV92MSIsInhwdl9hc3NldF9pZCI6OTU2MjY4MDQ2NDk2NzAzLCJhc3NldF9hZ2VfZGF5cyI6MzAyLCJ2aV91c2VjYXNlX2lkIjoxMDA5OSwiZHVyYXRpb25fcyI6NzcsInVybGdlbl9zb3VyY2UiOiJ3d3cifQ%3D%3D&ccb=17-1&vs=5a7e541ba174585c&_nc_vs=HBksFQIYQGlnX2VwaGVtZXJhbC9DOTQ2QkNFRTU5NDE4MDkwRkYyNzI2NkM5NEU2RTFCOV92aWRlb19kYXNoaW5pdC5tcDQVAALIARIAFQIYR2lnX3hwdl9yZWVsc19wZXJtYW5lbnRfc3JfcHJvZC8yMjY3NDQ5ODcwMzE3ODk4XzI1NTM0ODk5ODE4MTE3OTIzMzIubXA0FQICyAESACgAGAAbAogHdXNlX29pbAExEnByb2dyZXNzaXZlX3JlY2lwZQExFQAAJv7OxZOQ7rIDFQIoAkMzLBdAU1EGJN0vGxgSZGFzaF9iYXNlbGluZV8xX3YxEQB1_gdl5p0BAA&_nc_gid=WQM3mrXVbX5DO2uS-XU-WQ&_nc_zt=28&oh=00_AfrZT8p7a3DAF00VmuBRhAyP8uhVrTzHQN_xpRXelYdGVw&oe=6978B627,3/26/2025 12:28,https://www.instagram.com/p/DHq0OO2pX5u,DHq0OO2pX5u
,,,,,
" Araponga, uma terra do caf em Minas Gerais,  um convite para quem busca aventura, natureza e tradio! 

Entre montanhas imponentes, cachoeiras cristalinas e um povo acolhedor, cada canto dessa cidade encanta e surpreende. Seja para explorar trilhas incrveis, aproveitar o melhor da cultura mineira ou simplesmente saborear um caf especial, Araponga te espera!

 DESCUBRA VIVA essa experincia.
 SINTA a energia da natureza.
DESCUBRA o melhor de Minas!

Imagens: @samuelvelasco_r 

Marque quem precisa conhecer esse paraso!
 Siga @LespaRegional para mais contedos sobre Araponga. #ArapongaMG #TerraDoCaf #MinasGerais #TurismoMG",https://scontent-atl3-1.cdninstagram.com/v/t51.75761-15/486571172_18071609260847901_5996326875194586084_n.jpg?stp=dst-jpg_e15_tt6&_nc_cat=100&ig_cache_key=MzU5NjM2NzQ2NDEzNDc1OTA3OQ%3D%3D.3-ccb7-5&ccb=7-5&_nc_sid=58cdad&efg=eyJ2ZW5jb2RlX3RhZyI6InhwaWRzLjgyOHgxNDcyLnNkci5DMyJ9&_nc_ohc=CIAGI1tWYNYQ7kNvwE8eHt3&_nc_oc=Adk0r55N7hnrWyEhWzXWOGV2VCesTMHF2kPDDPWQAwLqSuBEx4K2waPt-2fCAwG0Mw4&_nc_ad=z-m&_nc_cid=0&_nc_zt=23&_nc_ht=scontent-atl3-1.cdninstagram.com&_nc_gid=WQM3mrXVbX5DO2uS-XU-WQ&oh=00_AfrYHRcbDMoQd6bqJoidQyz0qSbNeEIstXNWUY6aO_VsNw&oe=6978934C,https://scontent-atl3-2.cdninstagram.com/o1/v/t2/f2/m367/AQMCz_HOgcnjLdJj-clvalfcCgt2fqF4EihPHsLN9SsCTg96cHRS0WwptN7N5EOqSJDDxV6xmAKkPVK0X3SdnN3MXAR_ByTsg36oDXw.mp4?_nc_cat=105&_nc_sid=5e9851&_nc_ht=scontent-atl3-2.cdninstagram.com&_nc_ohc=hClLyLqadPUQ7kNvwG7i26o&efg=eyJ2ZW5jb2RlX3RhZyI6Inhwdl9wcm9ncmVzc2l2ZS5JTlNUQUdSQU0uQ0xJUFMuQzMuNzIwLmRhc2hfYmFzZWxpbmVfMV92MSIsInhwdl9hc3NldF9pZCI6NjUyNTg1OTE3NTM3OTY2LCJhc3NldF9hZ2VfZGF5cyI6MzAzLCJ2aV91c2VjYXNlX2lkIjoxMDA5OSwiZHVyYXRpb25fcyI6NDgsInVybGdlbl9zb3VyY2UiOiJ3d3cifQ%3D%3D&ccb=17-1&_nc_gid=WQM3mrXVbX5DO2uS-XU-WQ&_nc_zt=28&vs=bd0bf90be0b91e44&_nc_vs=HBksFQIYQGlnX2VwaGVtZXJhbC8zQjQ3OTEwQjMyOTg1QjU2MUREMkIyMEMyNjI2RjNBMF92aWRlb19kYXNoaW5pdC5tcDQVAALIARIAFQIYR2lnX3hwdl9yZWVsc19wZXJtYW5lbnRfc3JfcHJvZC8xODEyMjk5MjY2MjMwMTE0XzgxNTE5Mjk3ODAxNDAyOTIwMDIubXA0FQICyAESACgAGAAbAogHdXNlX29pbAExEnByb2dyZXNzaXZlX3JlY2lwZQExFQAAJtz65vy_4agCFQIoAkMzLBdASHMzMzMzMxgSZGFzaF9iYXNlbGluZV8xX3YxEQB1_gdl5p0BAA&oh=00_AfoWoQGEcAqsgr2kFwhVIXTqLwCobbqhKp0cJfFV7P0PeQ&oe=6978B1CA,3/25/2025 18:08,https://www.instagram.com/p/DHo3Sd9hlKn,DHo3Sd9hlKn
,,,,,
,https://scontent-atl3-2.cdninstagram.com/v/t51.75761-15/485115653_18058692659501309_1923402121626869301_n.jpg?stp=dst-jpg_e35_tt6&_nc_cat=105&ig_cache_key=MzU4OTY4MDcyMDkxNjA3MDcyMw%3D%3D.3-ccb7-5&ccb=7-5&_nc_sid=58cdad&efg=eyJ2ZW5jb2RlX3RhZyI6InhwaWRzLjEyMDB4MTUwMC5zZHIuQzIifQ%3D%3D&_nc_ohc=kMI4V2HEqiYQ7kNvwHwu_I8&_nc_oc=AdlIuk1sXUUdAGLdDC1KZ-CzPOVLrfayQvAA92tYC3E9TLX8w71dZdbGSIIx6r71j6g&_nc_ad=z-m&_nc_cid=0&_nc_zt=23&_nc_ht=scontent-atl3-2.cdninstagram.com&_nc_gid=WQM3mrXVbX5DO2uS-XU-WQ&oh=00_AfoUMEjJZpEB8x6ezeneYmytKfwcoUMxzJ45EbqBDFlQNw&oe=6978A741,None,3/16/2025 12:41,https://www.instagram.com/p/DHRG5jDRUFD,DHRG5jDRUFD
,,,,,
: @carol_duartedd,https://scontent-atl3-1.cdninstagram.com/v/t51.75761-15/483253775_18057990656501309_3167917913734092381_n.jpg?stp=dst-jpg_e35_tt6&_nc_cat=100&ig_cache_key=MzU4NTE1MzA1Nzk5NjE4MDgxOA%3D%3D.3-ccb7-5&ccb=7-5&_nc_sid=58cdad&efg=eyJ2ZW5jb2RlX3RhZyI6InhwaWRzLjkyOHgxMDQxLnNkci5DMyJ9&_nc_ohc=mwH4b--9nLoQ7kNvwEY7cD9&_nc_oc=AdkQjXRzAQ0YExcAYS4lnrbMezlGZM_0Ts4DmQZu1xzBwhDGylZGG8gJ8sbeY3aCF6E&_nc_ad=z-m&_nc_cid=0&_nc_zt=23&_nc_ht=scontent-atl3-1.cdninstagram.com&_nc_gid=WQM3mrXVbX5DO2uS-XU-WQ&oh=00_AfpY7XUx8QGSbtXzSJcVnkN5hwXJPcf4LWfnBSqmOdXHiw&oe=69788E8B,None,3/10/2025 6:46,https://www.instagram.com/p/DHBBbYXRI1S,DHBBbYXRI1S
,,,,,
"#tbt Eita, j comecei a escrever a legenda, apaguei, pensei, e t sem palavras ou destreinada em descrever o quo eu amo e o quo explorar a Natureza, a Serra do Brigadeiro me faz bem, me conta uma coisa, qual foi a ltima vez que c tomou um banho de cachoeira? Me conta aqui embaixo nos comentrios? Eu tenho um convite para voc, venha passar um dia ou se hospedar para voc poder tomar caf na fonte, almoar bem e saudvel, caminhar entre as rvores, tomar um banho de cachoeira e lavar todas as inhacas, s sei que ce vai amar! 

#cachoeira #cafepicodobone #turismorural #serradobrigadeiro",https://scontent-atl3-1.cdninstagram.com/v/t51.71878-15/474779194_585029424310718_7947969169211414304_n.jpg?stp=dst-jpg_e15_tt6&_nc_cat=100&ig_cache_key=MzU1MjE2ODI3MTM1ODQxMjg3Ng%3D%3D.3-ccb7-5&ccb=7-5&_nc_sid=58cdad&efg=eyJ2ZW5jb2RlX3RhZyI6InhwaWRzLjY0MHgxMTM2LnNkci5DMyJ9&_nc_ohc=E_6BFx0kTSoQ7kNvwG2qLK-&_nc_oc=Adlz0ZSzAdO1HDZwXe5qlXTEnpvs3qF85q5dz5Oub0n_CFgahSakenEU28QD88hc23g&_nc_ad=z-m&_nc_cid=0&_nc_zt=23&_nc_ht=scontent-atl3-1.cdninstagram.com&_nc_gid=WQM3mrXVbX5DO2uS-XU-WQ&oh=00_AfoLO9h4BrZYOwOZaOKy7CXlijO9PElwLBmhZVNfyvym_g&oe=6978A4BA,https://scontent-atl3-3.cdninstagram.com/o1/v/t2/f2/m367/AQNE-v7QjjoYNmNsxQIfChBgemsvHI77QFgbmxc9x-y1Ega-Bwv6Ro5jwchuvWx6d6loaCVAKlagsNpE4oemHE1Yczdv-ibrfCJkfNA.mp4?_nc_cat=111&_nc_sid=5e9851&_nc_ht=scontent-atl3-3.cdninstagram.com&_nc_ohc=tZZFCkSsxOEQ7kNvwHg-yPw&efg=eyJ2ZW5jb2RlX3RhZyI6Inhwdl9wcm9ncmVzc2l2ZS5JTlNUQUdSQU0uQ0xJUFMuQzIuNzIwLmRhc2hfYmFzZWxpbmVfMV92MSIsInhwdl9hc3NldF9pZCI6MTMyNjAwOTk4ODQxNDk1NSwiYXNzZXRfYWdlX2RheXMiOjM2NCwidmlfdXNlY2FzZV9pZCI6MTAwOTksImR1cmF0aW9uX3MiOjUzLCJ1cmxnZW5fc291cmNlIjoid3d3In0%3D&ccb=17-1&vs=b25666f2775161fe&_nc_vs=HBksFQIYQGlnX2VwaGVtZXJhbC82NjQ5RTE2RDU5NEQ4RENBREMwQkZFNEM4QzczNjI5RV92aWRlb19kYXNoaW5pdC5tcDQVAALIARIAFQIYR2lnX3hwdl9yZWVsc19wZXJtYW5lbnRfc3JfcHJvZC8xNTE1Nzc0NzU1Njg3NTcwXzYzNTA4NDM3NDIzNDU4NTcyMTAubXA0FQICyAESACgAGAAbAogHdXNlX29pbAExEnByb2dyZXNzaXZlX3JlY2lwZQExFQAAJtb3n6X4_9oEFQIoAkMyLBdASqqfvnbItBgSZGFzaF9iYXNlbGluZV8xX3YxEQB1_gdl5p0BAA&_nc_gid=WQM3mrXVbX5DO2uS-XU-WQ&_nc_zt=28&oh=00_AfpohhFjgz13hKrssKejnh8vr5kloa_A4Bu0W9fBY9k_8g&oe=69789768,1/23/2025 17:41,https://www.instagram.com/p/DFL1jj8u0hM,DFL1jj8u0hM
,,,,,
"Uma das mil e uma cachoeiras de gua cristalina da Serra do Brigadeiro, Araponga Mg.

#araponga #serradobrigadeiro #cachoeiras",https://scontent-atl3-1.cdninstagram.com/v/t51.75761-15/474528182_18388687561099073_6456860515213263595_n.jpg?stp=dst-jpg_e15_tt6&_nc_cat=100&ig_cache_key=MzU0OTMxMTYwMTgzNzY2MTcwNg%3D%3D.3-ccb7-5&ccb=7-5&_nc_sid=58cdad&efg=eyJ2ZW5jb2RlX3RhZyI6InhwaWRzLjExNzB4MjA4MC5zZHIuQzMifQ%3D%3D&_nc_ohc=vPDX0GbsRdcQ7kNvwHb8_Rs&_nc_oc=AdltTSPtS9kF6wzDBQHYhgwUHZMquz2lNlFvoEvl-IpSaVwUZTFwrSNLyvPMWV5rEJo&_nc_ad=z-m&_nc_cid=0&_nc_zt=23&_nc_ht=scontent-atl3-1.cdninstagram.com&_nc_gid=WQM3mrXVbX5DO2uS-XU-WQ&oh=00_AfpFUKbClbGMx3e-o8gIVAzA6ENlZGtQ8KGJQoBOZ3ZUcw&oe=6978B568,https://scontent-atl3-3.cdninstagram.com/o1/v/t2/f2/m367/AQM_ruCLcmYEDnW7uNc4n-kqgBv1n4CEzD7ZVzUfAEIceDXANI7RBqhUvyLMU8299QTnLgxpn-Zh56EpYIISqbfiawV0LW6fxC8hxWA.mp4?_nc_cat=107&_nc_sid=5e9851&_nc_ht=scontent-atl3-3.cdninstagram.com&_nc_ohc=T_Zo4pgdECcQ7kNvwEoE_aS&efg=eyJ2ZW5jb2RlX3RhZyI6Inhwdl9wcm9ncmVzc2l2ZS5JTlNUQUdSQU0uQ0xJUFMuQzMuNzIwLmRhc2hfYmFzZWxpbmVfMV92MSIsInhwdl9hc3NldF9pZCI6NjI0NTg0NjYzMzcwMzA3LCJhc3NldF9hZ2VfZGF5cyI6MzY4LCJ2aV91c2VjYXNlX2lkIjoxMDA5OSwiZHVyYXRpb25fcyI6MTgsInVybGdlbl9zb3VyY2UiOiJ3d3cifQ%3D%3D&ccb=17-1&_nc_gid=WQM3mrXVbX5DO2uS-XU-WQ&_nc_zt=28&vs=76374cc86cb4c1eb&_nc_vs=HBksFQIYQGlnX2VwaGVtZXJhbC9FRDQxNTMyNDk5RTEyRUI3NUE0RUVFQzVFMUVGMUFCQ192aWRlb19kYXNoaW5pdC5tcDQVAALIARIAFQIYR2lnX3hwdl9yZWVsc19wZXJtYW5lbnRfc3JfcHJvZC8xNTg3NDE5MTg1NDczNDg1XzEzNTU0NDYxNzg0MTg0NzYxNDcubXA0FQICyAESACgAGAAbAogHdXNlX29pbAExEnByb2dyZXNzaXZlX3JlY2lwZQExFQAAJoap8K_Og5wCFQIoAkMzLBdAMszMzMzMzRgSZGFzaF9iYXNlbGluZV8xX3YxEQB1_gdl5p0BAA&oh=00_AfrY18LiJzSW_k_GhSaK5h8CntX9MP71538fk28XOLaqwQ&oe=69789708,1/19/2025 18:57,https://www.instagram.com/p/DFBsBjItN4K,DFBsBjItN4K
,,,,,
"Caminhos da Serra

Estrada para o Pico do Bon em Araponga - MG

Serra do Brigadeiro 

 @feliciogodinho",https://scontent-atl3-2.cdninstagram.com/v/t51.29350-15/472001784_568363286083624_7353774703820014208_n.heic?stp=dst-jpg_e35_tt6&efg=eyJ2ZW5jb2RlX3RhZyI6IkZFRUQuaW1hZ2VfdXJsZ2VuLjE0NDB4MTgwMC5zZHIuZjI5MzUwLmRlZmF1bHRfaW1hZ2UuYzIifQ&_nc_ht=scontent-atl3-2.cdninstagram.com&_nc_cat=104&_nc_oc=Q6cZ2QFLS9RFLICGNk9MOhvDAI9sd738se5R3WTdJzaL4vlmuBXs2MUlBKGS9lBC90Q_014&_nc_ohc=XfmmKgfudVoQ7kNvwEVDxY6&_nc_gid=WQM3mrXVbX5DO2uS-XU-WQ&edm=APoiHPcBAAAA&ccb=7-5&ig_cache_key=MzUzNTk1ODMwMTE3NjU3NzgxOQ%3D%3D.3-ccb7-5&oh=00_AfriY8zA6SP1CFDg5SOusaiFjK3GXfmbgwgS93rQIgOStw&oe=6978A3E8&_nc_sid=22de04,None,1/1/2025 8:44,https://www.instagram.com/p/DESP1cyOT8b,DESP1cyOT8b
,,,,,
: @brisa_oliveiraa,https://scontent-atl3-3.cdninstagram.com/v/t51.29350-15/471645540_612020684738182_3011434768989009261_n.jpg?stp=dst-jpg_e35_tt6&efg=eyJ2ZW5jb2RlX3RhZyI6IkZFRUQuaW1hZ2VfdXJsZ2VuLjkwN3g5OTUuc2RyLmYyOTM1MC5kZWZhdWx0X2ltYWdlLmMyIn0&_nc_ht=scontent-atl3-3.cdninstagram.com&_nc_cat=110&_nc_oc=Q6cZ2QFLS9RFLICGNk9MOhvDAI9sd738se5R3WTdJzaL4vlmuBXs2MUlBKGS9lBC90Q_014&_nc_ohc=IgYYL8Vub5EQ7kNvwEMsfcs&_nc_gid=WQM3mrXVbX5DO2uS-XU-WQ&edm=APoiHPcBAAAA&ccb=7-5&ig_cache_key=MzUzMjI2MDE3MTUwNDM3NjEyMg%3D%3D.3-ccb7-5&oh=00_Afq1tq2cQCQ2i4mUSOnK-NOkbyP3RTD7yCXdrNTn1AjY2Q&oe=6978AF63&_nc_sid=22de04,None,12/27/2024 6:17,https://www.instagram.com/p/DEFG-lIx1k6,DEFG-lIx1k6
,,,,,
: @indiosdamontanha,https://scontent-atl3-2.cdninstagram.com/v/t51.29350-15/465949142_1247564049626632_6181836328788455001_n.jpg?stp=dst-jpg_e35_tt6&efg=eyJ2ZW5jb2RlX3RhZyI6IkZFRUQuaW1hZ2VfdXJsZ2VuLjgwN3g4MDcuc2RyLmYyOTM1MC5kZWZhdWx0X2ltYWdlLmMyIn0&_nc_ht=scontent-atl3-2.cdninstagram.com&_nc_cat=104&_nc_oc=Q6cZ2QE1XSRj4GmCHD-MHMBMZCQn8lUZ7rXPL3KjaTxB3c0RPy8csbQWrCc5l8AyycTU87Q&_nc_ohc=UUQ_x7pk360Q7kNvwEB7_hO&_nc_gid=WRBHVv2VTZLST7nkXwlkMg&edm=APoiHPcBAAAA&ccb=7-5&ig_cache_key=MzQ5NjY3MDM4ODc1MzUxNjQ2Ng%3D%3D.3-ccb7-5&oh=00_AfqRLfsrG8tqf7wmhW5XCxNZye6GtxaryFG-dDoYzmd0LA&oe=6978A700&_nc_sid=22de04,None,11/8/2024 3:46,https://www.instagram.com/p/DCGqzFCR8ey,DCGqzFCR8ey
,,,,,
"As belezas de Araponga MG 
#araponga #arapongamg",https://scontent-atl3-3.cdninstagram.com/v/t51.71878-15/503178357_696652386416162_2145537514308432283_n.jpg?stp=dst-jpg_e15_tt6&_nc_cat=110&ig_cache_key=MzQ5Mzc3NjAyODU3OTY2MjE0OTY5NjY1MjM3OTc0OTQ5Ng%3D%3D.3-ccb7-5&ccb=7-5&_nc_sid=58cdad&efg=eyJ2ZW5jb2RlX3RhZyI6InhwaWRzLjcyMHgxMjgwLnNkci5DMyJ9&_nc_ohc=1AkR5EtHHZgQ7kNvwFfhrcJ&_nc_oc=Adl2PNNycTysW00D0T_pLvRQdNArLPrgGLJ9rucaVbNEEEBj_PPNhkkPwrpcNa9WiYI&_nc_ad=z-m&_nc_cid=0&_nc_zt=23&_nc_ht=scontent-atl3-3.cdninstagram.com&_nc_gid=WRBHVv2VTZLST7nkXwlkMg&oh=00_AfrYfAUukcONIV8PkFgd2PQfgMlrzqsYd5OdHYruWP_eJA&oe=6978BCBA,https://scontent-atl3-3.cdninstagram.com/o1/v/t2/f2/m367/AQMCsvU3eeKE1xYSU2eWCiSSyMYvVME_Fipe59TAoOSxcnwWc1-LfmzOmUQhYMSoGxWtgN1CcN6g4KRPeBBkb9FDd6NnsK_fwN_8hsk.mp4?_nc_cat=107&_nc_sid=5e9851&_nc_ht=scontent-atl3-3.cdninstagram.com&_nc_ohc=89xIZTk7ifMQ7kNvwFPpImB&efg=eyJ2ZW5jb2RlX3RhZyI6Inhwdl9wcm9ncmVzc2l2ZS5JTlNUQUdSQU0uQ0xJUFMuQzMuNzIwLmRhc2hfYmFzZWxpbmVfMV92MSIsInhwdl9hc3NldF9pZCI6NTQ2OTA0NDM0NzI0MjkyLCJhc3NldF9hZ2VfZGF5cyI6NDQ0LCJ2aV91c2VjYXNlX2lkIjoxMDA5OSwiZHVyYXRpb25fcyI6NTcsInVybGdlbl9zb3VyY2UiOiJ3d3cifQ%3D%3D&ccb=17-1&_nc_gid=WRBHVv2VTZLST7nkXwlkMg&_nc_zt=28&vs=80dc7cae0a3dce59&_nc_vs=HBksFQIYQGlnX2VwaGVtZXJhbC9BNzREMUJBMzhBOTBBNTVGNDYzNzg5MTQ5QkVGOUJBMF92aWRlb19kYXNoaW5pdC5tcDQVAALIARIAFQIYR2lnX3hwdl9yZWVsc19wZXJtYW5lbnRfc3JfcHJvZC8xMTA0Njg0NjQ0OTkzMzgzXzc5MzczMjQ5MDY2MDY2MDExMTQubXA0FQICyAESACgAGAAbAogHdXNlX29pbAExEnByb2dyZXNzaXZlX3JlY2lwZQExFQAAJoi39siD2vgBFQIoAkMzLBdATO7ZFocrAhgSZGFzaF9iYXNlbGluZV8xX3YxEQB1_gdl5p0BAA&oh=00_AfrAPf4HiYs0wyAin8gwKyiRf-jR1cG0OCPLZGthUNJmSQ&oe=69789910,11/4/2024 3:57,https://www.instagram.com/p/DB8YsmERAlF,DB8YsmERAlF
,,,,,
"Meu conceito de luxo  diferente 

Tomar uma gua que brota bem ao topo de um dos Picos mais majestosos do Parque Estadual da Serra do Brigadeiro no tem preo: Trilha Pico do Bon.

#quechua #trilha #picodobone #araponga #serradobrigadeiro",https://scontent-atl3-3.cdninstagram.com/v/t51.71878-15/506015300_1046373370802528_3904430289599032023_n.jpg?stp=dst-jpg_e15_tt6&_nc_cat=110&ig_cache_key=MzQ3OTAxMjUwNDAxMTg5NzY1ODEwNDYzNzMzNTQxMzU4NjM%3D.3-ccb7-5&ccb=7-5&_nc_sid=58cdad&efg=eyJ2ZW5jb2RlX3RhZyI6InhwaWRzLjEwODB4MTkyMC5zZHIuQzMifQ%3D%3D&_nc_ohc=v9sunPpTmAMQ7kNvwF2PIwo&_nc_oc=AdlI3Ku9w5zXzfZoAHFWJDKAMiYk7SxnWww3wByuK_DpcI3IBNd1EfFA4GmB8-GJoYg&_nc_ad=z-m&_nc_cid=0&_nc_zt=23&_nc_ht=scontent-atl3-3.cdninstagram.com&_nc_gid=WRBHVv2VTZLST7nkXwlkMg&oh=00_AfqmkegvAOR7XCvsBTnfRH0nojx92gBMZmKD1LxMpAb9lw&oe=6978A5E5,https://scontent-atl3-2.cdninstagram.com/o1/v/t2/f2/m367/AQOG6IdV1MI3ZPtytKzqRhK0QjWg3Aq_xXllt9QxnPCl2xcR1PyY6A8Q6KJL6rJcP5ngm10eejImrdjU4x0VmdJ8SoX_rQgt7zGyZoI.mp4?_nc_cat=104&_nc_sid=5e9851&_nc_ht=scontent-atl3-2.cdninstagram.com&_nc_ohc=xwlAqVTqNn4Q7kNvwFhAjXJ&efg=eyJ2ZW5jb2RlX3RhZyI6Inhwdl9wcm9ncmVzc2l2ZS5JTlNUQUdSQU0uQ0xJUFMuQzMuNzIwLmRhc2hfYmFzZWxpbmVfMV92MSIsInhwdl9hc3NldF9pZCI6ODgwNTgwODMwNzE1MTE3LCJhc3NldF9hZ2VfZGF5cyI6NDY1LCJ2aV91c2VjYXNlX2lkIjoxMDA5OSwiZHVyYXRpb25fcyI6NjEsInVybGdlbl9zb3VyY2UiOiJ3d3cifQ%3D%3D&ccb=17-1&_nc_gid=WRBHVv2VTZLST7nkXwlkMg&_nc_zt=28&vs=cd0d893af977b1e7&_nc_vs=HBksFQIYQGlnX2VwaGVtZXJhbC8yOTQxRTQ2NjY5QkU3MDQ0RTIxOTA2RjZBODQ2RTE5Q192aWRlb19kYXNoaW5pdC5tcDQVAALIARIAFQIYR2lnX3hwdl9yZWVsc19wZXJtYW5lbnRfc3JfcHJvZC8xMDQxODQ2NDYwNzU0MDk2XzgyNDcyMDg0NjcwNDE5MzM0MzgubXA0FQICyAESACgAGAAbAogHdXNlX29pbAExEnByb2dyZXNzaXZlX3JlY2lwZQExFQAAJtrz4rnGuJADFQIoAkMzLBdATpU_fO2RaBgSZGFzaF9iYXNlbGluZV8xX3YxEQB1_gdl5p0BAA&oh=00_Afoni5QAnyVDrgGsjhcUyU3llf-s0Sl1HLyjlVqkB7Z6bg&oe=697890FD,10/14/2024 20:04,https://www.instagram.com/p/DBH73CWxXs6,DBH73CWxXs6
,,,,,
: @valedasluas @vanderli_godinho,https://scontent-atl3-3.cdninstagram.com/v/t51.29350-15/458773245_446748255056252_3494083833911624649_n.jpg?stp=dst-jpg_e35_tt6&efg=eyJ2ZW5jb2RlX3RhZyI6IkZFRUQuaW1hZ2VfdXJsZ2VuLjEyMjF4MTI0My5zZHIuZjI5MzUwLmRlZmF1bHRfaW1hZ2UuYzIifQ&_nc_ht=scontent-atl3-3.cdninstagram.com&_nc_cat=108&_nc_oc=Q6cZ2QE1XSRj4GmCHD-MHMBMZCQn8lUZ7rXPL3KjaTxB3c0RPy8csbQWrCc5l8AyycTU87Q&_nc_ohc=Ypdnwi_63ggQ7kNvwF_xXjq&_nc_gid=WRBHVv2VTZLST7nkXwlkMg&edm=APoiHPcBAAAA&ccb=7-5&ig_cache_key=MzQ1NTA2NTk4NjE5NjMwODU0OQ%3D%3D.3-ccb7-5&oh=00_AfphrfPyHMrTtKHNu-UXE9DXflYDawoXg8FiNtZYeqeP0A&oe=6978AC7C&_nc_sid=22de04,None,9/11/2024 19:06,https://www.instagram.com/p/C_y3DVuxAJF,C_y3DVuxAJF
,,,,,
: @daianetormen,https://scontent-atl3-1.cdninstagram.com/v/t51.29350-15/459080488_1213358179868034_4987203191724171205_n.jpg?stp=dst-jpg_e35_tt6&efg=eyJ2ZW5jb2RlX3RhZyI6IkZFRUQuaW1hZ2VfdXJsZ2VuLjc2NHg3NjQuc2RyLmYyOTM1MC5kZWZhdWx0X2ltYWdlLmMyIn0&_nc_ht=scontent-atl3-1.cdninstagram.com&_nc_cat=106&_nc_oc=Q6cZ2QE1XSRj4GmCHD-MHMBMZCQn8lUZ7rXPL3KjaTxB3c0RPy8csbQWrCc5l8AyycTU87Q&_nc_ohc=qGEEg8V7LmkQ7kNvwEr4sH3&_nc_gid=WRBHVv2VTZLST7nkXwlkMg&edm=APoiHPcBAAAA&ccb=7-5&ig_cache_key=MzQ1MzE4MTQ2MTU1MjExMjY3NQ%3D%3D.3-ccb7-5&oh=00_AfrA6ThJvxuMDyJtUY4huBAFDSJ6CzvJMFxBXnwdZkr9Lw&oe=6978BBB8&_nc_sid=22de04,None,9/9/2024 4:42,https://www.instagram.com/p/C_sKj5YxyQj,C_sKj5YxyQj
,,,,,
 @thais.paulaa,https://scontent-atl3-1.cdninstagram.com/v/t51.29350-15/457403214_501892592792559_8503745858258076062_n.jpg?stp=dst-jpg_e35_tt6&efg=eyJ2ZW5jb2RlX3RhZyI6IkZFRUQuaW1hZ2VfdXJsZ2VuLjkxOXgxMDE5LnNkci5mMjkzNTAuZGVmYXVsdF9pbWFnZS5jMiJ9&_nc_ht=scontent-atl3-1.cdninstagram.com&_nc_cat=103&_nc_oc=Q6cZ2QE1XSRj4GmCHD-MHMBMZCQn8lUZ7rXPL3KjaTxB3c0RPy8csbQWrCc5l8AyycTU87Q&_nc_ohc=VDiG3Cezg9cQ7kNvwEKjCL2&_nc_gid=WRBHVv2VTZLST7nkXwlkMg&edm=APoiHPcBAAAA&ccb=7-5&ig_cache_key=MzQ0NzQ1NTEwNTIyMDUyNDg3OQ%3D%3D.3-ccb7-5&oh=00_AfrBu2fFQZzmii6eAB0uoMWhzWqLTPF1vicP8Qb-PPN4fA&oe=6978AB2E&_nc_sid=22de04,None,9/1/2024 7:04,https://www.instagram.com/p/C_X0icdxrtP,C_X0icdxrtP
,,,,,
"Tudo sobre o Pico do Bon em Araponga/MG 

#euelaeomundao #viagem #picodobone #araponga #arapongamg",https://scontent-atl3-1.cdninstagram.com/v/t51.71878-15/505745636_9948122708569913_6787892116747439407_n.jpg?stp=dst-jpg_e15_tt6&_nc_cat=100&ig_cache_key=MzQzNDAzMzk4MjAwMDcxNTQ0OQ%3D%3D.3-ccb7-5&ccb=7-5&_nc_sid=58cdad&efg=eyJ2ZW5jb2RlX3RhZyI6InhwaWRzLjQ4MHg4NTQuc2RyLkMzIn0%3D&_nc_ohc=mcRq1qeLMnYQ7kNvwGWJPt6&_nc_oc=Adkjoz_E2WMrEIiW0rgAq7wMyGM0ziPwRTmXgZgzWJIaYHPFYNuT1NAgyXRg3uN958c&_nc_ad=z-m&_nc_cid=0&_nc_zt=23&_nc_ht=scontent-atl3-1.cdninstagram.com&_nc_gid=WRBHVv2VTZLST7nkXwlkMg&oh=00_Afo0GWJy9rGfRMde1UFzu2KOaGkevfNjtTbC4AiJfjYniw&oe=69788A96,https://scontent-atl3-3.cdninstagram.com/o1/v/t2/f2/m367/AQOmS4csLaW60R9ZlS-pUBb409X5fim0HLc_qGH_NugECdF2GDtHC8MRP-4GlfrTohGIl85IApRd96izmR_uPnfRJS1TizaVBuCOFIU.mp4?_nc_cat=111&_nc_sid=5e9851&_nc_ht=scontent-atl3-3.cdninstagram.com&_nc_ohc=jRN7ss5F1sEQ7kNvwGMRMEl&efg=eyJ2ZW5jb2RlX3RhZyI6Inhwdl9wcm9ncmVzc2l2ZS5JTlNUQUdSQU0uQ0xJUFMuQzMuNDgwLmRhc2hfYmFzZWxpbmVfMV92MSIsInhwdl9hc3NldF9pZCI6Nzk4MzA0OTY0ODQxMDU3MiwiYXNzZXRfYWdlX2RheXMiOjUyNywidmlfdXNlY2FzZV9pZCI6MTAwOTksImR1cmF0aW9uX3MiOjQ5LCJ1cmxnZW5fc291cmNlIjoid3d3In0%3D&ccb=17-1&_nc_gid=WRBHVv2VTZLST7nkXwlkMg&_nc_zt=28&vs=13ec2a51247982d0&_nc_vs=HBksFQIYQGlnX2VwaGVtZXJhbC9DQjQwMkQ3QjJBREQyOEJEODk3QTcyRDJBMkRENUFCRV92aWRlb19kYXNoaW5pdC5tcDQVAALIARIAFQIYR2lnX3hwdl9yZWVsc19wZXJtYW5lbnRfc3JfcHJvZC8xMDQ2ODgxMDk3MDU4NzExXzI2NTQyMjEyNTU4MTk1ODM5OTMubXA0FQICyAESACgAGAAbAogHdXNlX29pbAExEnByb2dyZXNzaXZlX3JlY2lwZQExFQAAJpi_pOjSoq4cFQIoAkMzLBdASMAAAAAAABgSZGFzaF9iYXNlbGluZV8xX3YxEQB1_gdl5p0BAA&oh=00_AfojlVN787LNk2ZyKM1V2bXwDu5sIONk5HDwM3uscQSeng&oe=6978B828,8/13/2024 18:41,https://www.instagram.com/p/C-oI7Zbxda5,C-oI7Zbxda5
,,,,,
Post: @euelaeomundao,https://scontent-atl3-2.cdninstagram.com/v/t51.29350-15/455114870_1188704232444604_4378109137749975125_n.jpg?stp=dst-jpg_e35_tt6&efg=eyJ2ZW5jb2RlX3RhZyI6IkZFRUQuaW1hZ2VfdXJsZ2VuLjk4N3gxMTc3LnNkci5mMjkzNTAuZGVmYXVsdF9pbWFnZS5jMiJ9&_nc_ht=scontent-atl3-2.cdninstagram.com&_nc_cat=104&_nc_oc=Q6cZ2QE1XSRj4GmCHD-MHMBMZCQn8lUZ7rXPL3KjaTxB3c0RPy8csbQWrCc5l8AyycTU87Q&_nc_ohc=bhaGbg6aUpkQ7kNvwFVUdNE&_nc_gid=WRBHVv2VTZLST7nkXwlkMg&edm=APoiHPcBAAAA&ccb=7-5&ig_cache_key=MzQzMjIwMDcwOTcxMjg2MDgxNw%3D%3D.3-ccb7-5&oh=00_AfoYoz9gm8t0A-eCKZJ9mjr2oFBbRJOLm9OEaELk-wTHjw&oe=6978B554&_nc_sid=22de04,None,8/11/2024 5:57,https://www.instagram.com/p/C-hoFxkR1aR,C-hoFxkR1aR
,,,,,
Post: @gabrielfreitas03,https://scontent-atl3-3.cdninstagram.com/v/t51.29350-15/452708232_1213286343014793_6855849345393174850_n.jpg?stp=dst-jpg_e35_tt6&efg=eyJ2ZW5jb2RlX3RhZyI6IkZFRUQuaW1hZ2VfdXJsZ2VuLjc2MHg3NjAuc2RyLmYyOTM1MC5kZWZhdWx0X2ltYWdlLmMyIn0&_nc_ht=scontent-atl3-3.cdninstagram.com&_nc_cat=109&_nc_oc=Q6cZ2QE1XSRj4GmCHD-MHMBMZCQn8lUZ7rXPL3KjaTxB3c0RPy8csbQWrCc5l8AyycTU87Q&_nc_ohc=98GLkITWG8EQ7kNvwE0SMlF&_nc_gid=WRBHVv2VTZLST7nkXwlkMg&edm=APoiHPcBAAAA&ccb=7-5&ig_cache_key=MzQxOTU1ODg0NzkxODc4ODY5Mw%3D%3D.3-ccb7-5&oh=00_AfpJ8AT-LGOO4pIaBc3uNqEramAaPG88SdckjJuP_VNONw&oe=69788F83&_nc_sid=22de04,None,7/24/2024 19:20,https://www.instagram.com/p/C90tqeSvlBV,C90tqeSvlBV
,,,,,
"Vale das Luas - uma verdadeira experincia nas montanhas do Pico do Bon. @valedasluas 

Posts: @brunosiqueirafisio @r.kerolayne",https://scontent-atl3-3.cdninstagram.com/v/t51.29350-15/451253961_510395441509558_5175978669175323880_n.jpg?stp=dst-jpg_e35_tt6&efg=eyJ2ZW5jb2RlX3RhZyI6IkNBUk9VU0VMX0lURU0uaW1hZ2VfdXJsZ2VuLjE0NDB4MTYyNy5zZHIuZjI5MzUwLmRlZmF1bHRfaW1hZ2UuYzIifQ&_nc_ht=scontent-atl3-3.cdninstagram.com&_nc_cat=110&_nc_oc=Q6cZ2QE1XSRj4GmCHD-MHMBMZCQn8lUZ7rXPL3KjaTxB3c0RPy8csbQWrCc5l8AyycTU87Q&_nc_ohc=UFXoVQR5_GEQ7kNvwEcKKNO&_nc_gid=WRBHVv2VTZLST7nkXwlkMg&edm=APoiHPcBAAAA&ccb=7-5&ig_cache_key=MzQxODEzNzM2MjI4MTUwMzcyNg%3D%3D.3-ccb7-5&oh=00_AfpwbHklWpz6tMmMSou-4L5D0j5iHYyDMDPKsW4gaIgI9w&oe=6978A0E3&_nc_sid=22de04,None,7/22/2024 20:17,https://www.instagram.com/p/C9vqdO9R2Si,C9vqdO9R2Si
,,,,,
,https://scontent-atl3-2.cdninstagram.com/v/t51.29350-15/452218607_4241341782856661_7618052209160321338_n.jpg?stp=dst-jpg_e35_tt6&efg=eyJ2ZW5jb2RlX3RhZyI6IkZFRUQuaW1hZ2VfdXJsZ2VuLjg0M3g4NTguc2RyLmYyOTM1MC5kZWZhdWx0X2ltYWdlLmMyIn0&_nc_ht=scontent-atl3-2.cdninstagram.com&_nc_cat=105&_nc_oc=Q6cZ2QH-6wMVtxAExDlsXWZC9ICzPqhbksDvD-ZyckPEW1_DYUvjvXaASbuWZJ3M3SFZSTM&_nc_ohc=q2Eawed1egQQ7kNvwEnGJSF&_nc_gid=YEqNxlyPo70xe03KdrS66w&edm=APoiHPcBAAAA&ccb=7-5&ig_cache_key=MzQxNzMzNTg0ODg4MDYwMDc5Nw%3D%3D.3-ccb7-5&oh=00_Afrvfx838HHmDljRP_1aNVrXG3lwCTQOIiZO8IEY4k53bg&oe=69788B05&_nc_sid=22de04,None,7/21/2024 17:43,https://www.instagram.com/p/C9s0NlGvHbd,C9s0NlGvHbd
,,,,,
@pico_do_bone_adventure,https://scontent-atl3-1.cdninstagram.com/v/t51.29350-15/451982074_1420412181980400_4799958823654463930_n.jpg?stp=dst-jpg_e35_tt6&efg=eyJ2ZW5jb2RlX3RhZyI6IkZFRUQuaW1hZ2VfdXJsZ2VuLjEwMjV4MTI2OS5zZHIuZjI5MzUwLmRlZmF1bHRfaW1hZ2UuYzIifQ&_nc_ht=scontent-atl3-1.cdninstagram.com&_nc_cat=100&_nc_oc=Q6cZ2QH-6wMVtxAExDlsXWZC9ICzPqhbksDvD-ZyckPEW1_DYUvjvXaASbuWZJ3M3SFZSTM&_nc_ohc=ga_S6zBkwVMQ7kNvwEYrrz_&_nc_gid=YEqNxlyPo70xe03KdrS66w&edm=APoiHPcBAAAA&ccb=7-5&ig_cache_key=MzQxNjY0NjA2NjAzNDg0NzM1Nw%3D%3D.3-ccb7-5&oh=00_Afo53ruU1Xlc4L0iMgQcwb31behfUTfV2tnaGDosebAX7A&oe=6978B644&_nc_sid=22de04,None,7/20/2024 18:52,https://www.instagram.com/p/C9qXX6xPi59,C9qXX6xPi59
,,,,,
"Terra do caf especial, a Serra do Brigadeiro  uma das maiores reservas naturais de Minas Gerais.

Fazenda do Remanso, Estouro, Araponga MG.

Pico do Bon.
.
.
.
.
.
#serradobrigadeiro #picodobon #arapongamg #visiteminasgerais #parqueestadualdaserradobrigadeiro #turismomg #cafepicodobone #terradocaf #visitefervedouro #pousadasmg #canaamg #montanhistasdobrasil #naturezamg",https://scontent-atl3-2.cdninstagram.com/v/t51.71878-15/503323277_1114988987327017_9181540387384256657_n.jpg?stp=dst-jpg_e15_tt6&_nc_cat=104&ig_cache_key=MzM4NTg2MDIxMzAzNzM0ODg5MA%3D%3D.3-ccb7-5&ccb=7-5&_nc_sid=58cdad&efg=eyJ2ZW5jb2RlX3RhZyI6InhwaWRzLjcyMHgxMjgwLnNkci5DMyJ9&_nc_ohc=UvkbB26yErsQ7kNvwHtVack&_nc_oc=AdmVDHfpGS8quaocOzXF9PgmcMLhTyCq0gyvnktOtSi-F1O69XxAYzNawInI0DQL4b0&_nc_ad=z-m&_nc_cid=0&_nc_zt=23&_nc_ht=scontent-atl3-2.cdninstagram.com&_nc_gid=YEqNxlyPo70xe03KdrS66w&oh=00_Afqk6Fkw62TRb1MO96fO9angprQ--bXWAVnoO3tKAMnYJg&oe=6978B828,https://scontent-atl3-2.cdninstagram.com/o1/v/t2/f2/m82/AQMBSuQ5MdjO7OfNZJ-WvvtKixD-63XEY3Ck4PuJLJJ9vvqfYQLd6vc_yzi0UrboamKfyMlA9mNG0zJPv2400MXDSeoXF97iojle2pg.mp4?_nc_cat=105&_nc_sid=5e9851&_nc_ht=scontent-atl3-2.cdninstagram.com&_nc_ohc=bH-z2j9nKBYQ7kNvwHCz7Uv&efg=eyJ2ZW5jb2RlX3RhZyI6Inhwdl9wcm9ncmVzc2l2ZS5JTlNUQUdSQU0uQ0xJUFMuQzMuNzIwLmRhc2hfYmFzZWxpbmVfMV92MSIsInhwdl9hc3NldF9pZCI6ODU0ODE5NzAzMzQzOTQ4LCJhc3NldF9hZ2VfZGF5cyI6NTkzLCJ2aV91c2VjYXNlX2lkIjoxMDA5OSwiZHVyYXRpb25fcyI6NDYsInVybGdlbl9zb3VyY2UiOiJ3d3cifQ%3D%3D&ccb=17-1&_nc_gid=YEqNxlyPo70xe03KdrS66w&_nc_zt=28&vs=526593879db2a408&_nc_vs=HBksFQIYT2lnX3hwdl9yZWVsc19wZXJtYW5lbnRfcHJvZC9CNDQ2Q0YwOEZFMThENEE5QzVCNDhFMjY1MDI1NEFCQV92aWRlb19kYXNoaW5pdC5tcDQVAALIARIAFQIYR2lnX3hwdl9yZWVsc19wZXJtYW5lbnRfc3JfcHJvZC8xMDUyNDQ1MTEyODg1NzE5XzMwMzA3ODUyOTUxMTYzNTA0ODYubXA0FQICyAESACgAGAAbAogHdXNlX29pbAExEnByb2dyZXNzaXZlX3JlY2lwZQExFQAAJpitnoyH3YQDFQIoAkMzLBdARwAAAAAAABgSZGFzaF9iYXNlbGluZV8xX3YxEQB1_gdl5p0BAA&oh=00_AfrY1pMSY6wqC6hrLmsLpAJCLpdk-B-jtXXd5RJWT8QjzA&oe=6974C56E,6/14/2024 13:28,https://www.instagram.com/p/C78_ey5ODga,C78_ey5ODga
,,,,,
"Araponga Mg,terra de gente simples e acolhedora, terra dos cafs especiais, aqui temos o privilgio de cultivar caf no alto das montanhas, nesse vdeo vemos o Pico do Bon, seu cume tem 1875 m de altitude e  um dos mais visitados do Parque Estadual da Serra do Brigadeiro, se fosse em linha reta nossa lavoura Sussurros da Floresta  estaria a menos de 1 km. S sei de uma coisa, eu KTIA, me sinto privilegiada por trabalhar e morar na roa de Araponga Mg, e voc, trabalharia ou moraria por aqui?

Imagens drones @joaoandres 

#montanhas #araponga #serradobrigadeiro #cafeespecial #unico #iguarias #cafepicodobone #dronestagram",https://scontent-atl3-3.cdninstagram.com/v/t51.71878-15/504177152_2524409774570118_4595577195162089894_n.jpg?stp=dst-jpg_e15_tt6&_nc_cat=108&ig_cache_key=MzM4NDAyMDA2NTQ4MDE1NTQzNw%3D%3D.3-ccb7-5&ccb=7-5&_nc_sid=58cdad&efg=eyJ2ZW5jb2RlX3RhZyI6InhwaWRzLjExNzB4MjA4MC5zZHIuQzMifQ%3D%3D&_nc_ohc=2hIS9JLJahUQ7kNvwFA3ie2&_nc_oc=Adm8VsyBLJdWHr0YBNQWxeFzD1lewhQLKOjAw3KkVLbmlJzJAR2Gl29w7Y_6s8uHC10&_nc_ad=z-m&_nc_cid=0&_nc_zt=23&_nc_ht=scontent-atl3-3.cdninstagram.com&_nc_gid=YEqNxlyPo70xe03KdrS66w&oh=00_AfqlvetlDFaawVNesQeYqOTMJqsLMRXbICqazA-xLNRcnw&oe=6978BC5C,https://scontent-atl3-3.cdninstagram.com/o1/v/t2/f2/m82/AQOD1y_jj3hkxs_fF8fIlh_xlGJ08GcZah65hYxT_bn6OEJtUM5ZC9y8vMXMHrfbHbegZe504hqVzKsKMCUO2ISTI3JwwaLxcfiMmiU.mp4?_nc_cat=111&_nc_sid=5e9851&_nc_ht=scontent-atl3-3.cdninstagram.com&_nc_ohc=ZDGI8bYd3I4Q7kNvwG1YTh7&efg=eyJ2ZW5jb2RlX3RhZyI6Inhwdl9wcm9ncmVzc2l2ZS5JTlNUQUdSQU0uQ0xJUFMuQzMuNzIwLmRhc2hfYmFzZWxpbmVfMV92MSIsInhwdl9hc3NldF9pZCI6MjIyMzA4ODY4ODAzNTU2MywiYXNzZXRfYWdlX2RheXMiOjU5NiwidmlfdXNlY2FzZV9pZCI6MTAwOTksImR1cmF0aW9uX3MiOjY1LCJ1cmxnZW5fc291cmNlIjoid3d3In0%3D&ccb=17-1&_nc_gid=YEqNxlyPo70xe03KdrS66w&_nc_zt=28&vs=25cb411d8bdb72b5&_nc_vs=HBksFQIYT2lnX3hwdl9yZWVsc19wZXJtYW5lbnRfcHJvZC8zQzQ4OTgxQkU1MzQ0N0I3QTE4NUE1MzQzRjRCNEE4Ql92aWRlb19kYXNoaW5pdC5tcDQVAALIARIAFQIYR2lnX3hwdl9yZWVsc19wZXJtYW5lbnRfc3JfcHJvZC8xNDU3NDc1MDU0ODc4NDc5XzY4OTg4NzYxNzcyNTA4OTk1MzIubXA0FQICyAESACgAGAAbAogHdXNlX29pbAExEnByb2dyZXNzaXZlX3JlY2lwZQExFQAAJtbb77jl-PIHFQIoAkMzLBdAUH3S8an75xgSZGFzaF9iYXNlbGluZV8xX3YxEQB1_gdl5p0BAA&oh=00_Afp9wX7t050Jrx6Tb7E23wEoV5Jb9fsi3p-e3tgiQLJByg&oe=6974A154,6/5/2024 18:31,https://www.instagram.com/p/C72dFH7vSEt,C72dFH7vSEt
,,,,,
,https://scontent-atl3-3.cdninstagram.com/v/t51.71878-15/503807025_3139738796190777_2548526757562682101_n.jpg?stp=dst-jpg_e15_tt6&_nc_cat=110&ig_cache_key=MzM3NDY4NjQ5MzEyMDcxNDg3Mg%3D%3D.3-ccb7-5&ccb=7-5&_nc_sid=58cdad&efg=eyJ2ZW5jb2RlX3RhZyI6InhwaWRzLjM5MHg2OTMuc2RyLkMzIn0%3D&_nc_ohc=OF5GxHJ1eHwQ7kNvwFFjeJD&_nc_oc=AdlcCvuXnz0wawFXratqr2QHIhNc5mr7R5YrjqelvhTn4RhweB4wlCDLerH-1GeskyU&_nc_ad=z-m&_nc_cid=0&_nc_zt=23&_nc_ht=scontent-atl3-3.cdninstagram.com&_nc_gid=YEqNxlyPo70xe03KdrS66w&oh=00_AfovSyuaBsej8GGTrRosqNvQqs7c6X-AkeyGQ3il5JCSxQ&oe=6978865F,https://scontent-atl3-2.cdninstagram.com/o1/v/t2/f2/m82/AQMDToNopA_d12LiUPr7A3ITj3RlUqAyPIs9pID0b0bvGaJMGXh51GIYs_YrWtKfTZSqr8yQ9WjWBn8RTt1Q-czCKDgBIA4uCoMndII.mp4?_nc_cat=105&_nc_sid=5e9851&_nc_ht=scontent-atl3-2.cdninstagram.com&_nc_ohc=QJ746O99hsAQ7kNvwG89n8N&efg=eyJ2ZW5jb2RlX3RhZyI6Inhwdl9wcm9ncmVzc2l2ZS5JTlNUQUdSQU0uQ0xJUFMuQzMuNzIwLmRhc2hfYmFzZWxpbmVfMV92MSIsInhwdl9hc3NldF9pZCI6Mjc3NTc3NTQzOTI1Mzc4MywiYXNzZXRfYWdlX2RheXMiOjYwOSwidmlfdXNlY2FzZV9pZCI6MTAwOTksImR1cmF0aW9uX3MiOjIwLCJ1cmxnZW5fc291cmNlIjoid3d3In0%3D&ccb=17-1&_nc_gid=YEqNxlyPo70xe03KdrS66w&_nc_zt=28&vs=ed1e2e759e372257&_nc_vs=HBksFQIYT2lnX3hwdl9yZWVsc19wZXJtYW5lbnRfcHJvZC84RjRCREI2RUZCNEFBNDhEMDJCOTUzQUMzNTQ3MDY4Nl92aWRlb19kYXNoaW5pdC5tcDQVAALIARIAFQIYR2lnX3hwdl9yZWVsc19wZXJtYW5lbnRfc3JfcHJvZC8xNjYwMzUyMjY3ODM2MTI2Xzc2NjA5MDczODQxNjYxNjk0NzUubXA0FQICyAESACgAGAAbAogHdXNlX29pbAExEnByb2dyZXNzaXZlX3JlY2lwZQExFQAAJq7Ew9Cyo-4JFQIoAkMzLBdANDMzMzMzMxgSZGFzaF9iYXNlbGluZV8xX3YxEQB1_gdl5p0BAA&oh=00_Afp6JIWFMdaVb_QUMyxVG03qw2NjFiuc3soYCVLr0tlP_Q&oe=697495CA,5/23/2024 21:29,https://www.instagram.com/p/C7VS3xSxNh4,C7VS3xSxNh4
,,,,,
Repost @esther_assis1,https://scontent-atl3-1.cdninstagram.com/v/t51.29350-15/445777041_1139432220619002_91082016446770411_n.jpg?stp=dst-jpg_e35_tt6&efg=eyJ2ZW5jb2RlX3RhZyI6IkZFRUQuaW1hZ2VfdXJsZ2VuLjcwNng3MDYuc2RyLmYyOTM1MC5kZWZhdWx0X2ltYWdlLmMyIn0&_nc_ht=scontent-atl3-1.cdninstagram.com&_nc_cat=106&_nc_oc=Q6cZ2QH-6wMVtxAExDlsXWZC9ICzPqhbksDvD-ZyckPEW1_DYUvjvXaASbuWZJ3M3SFZSTM&_nc_ohc=SEOkIbTNZ1IQ7kNvwHdF7rc&_nc_gid=YEqNxlyPo70xe03KdrS66w&edm=APoiHPcBAAAA&ccb=7-5&ig_cache_key=MzM3Mjc1NTEyODQ0Mjk4NzY4Ng%3D%3D.3-ccb7-5&oh=00_Afp4aA4rTPqRb-M_fL1PArJVkFUC1HagIcI1hZ11GaUS8Q&oe=69788624&_nc_sid=22de04,None,5/21/2024 5:29,https://www.instagram.com/p/C7ObutxOKSm,C7ObutxOKSm
,,,,,
"#Repost @dayvelevi

",https://scontent-atl3-1.cdninstagram.com/v/t51.29350-15/442242244_780710827492056_6437871693691963269_n.jpg?stp=dst-jpg_e35_tt6&efg=eyJ2ZW5jb2RlX3RhZyI6IkZFRUQuaW1hZ2VfdXJsZ2VuLjIxNjB4MjE2MC5zZHIuZjI5MzUwLmRlZmF1bHRfaW1hZ2UuYzIifQ&_nc_ht=scontent-atl3-1.cdninstagram.com&_nc_cat=100&_nc_oc=Q6cZ2QH-6wMVtxAExDlsXWZC9ICzPqhbksDvD-ZyckPEW1_DYUvjvXaASbuWZJ3M3SFZSTM&_nc_ohc=ZkQzrH_eC9MQ7kNvwFxq0_D&_nc_gid=YEqNxlyPo70xe03KdrS66w&edm=APoiHPcBAAAA&ccb=7-5&ig_cache_key=MzM2MTkyOTQyMjM4NTU4NDM0MQ%3D%3D.3-ccb7-5&oh=00_AfpwEx0oIO6GpfkOZox-oDY_AKmppoIj1CnQvXymEUZb4w&oe=69789545&_nc_sid=22de04,None,5/6/2024 7:00,https://www.instagram.com/p/C6n-P9VOhjV,C6n-P9VOhjV
,,,,,
Informaes pelo WatsApp 31/9 9999.7850,https://scontent-atl3-2.cdninstagram.com/v/t51.71878-15/500914152_1884472412350737_8116106235421435630_n.jpg?stp=dst-jpg_e15_tt6&_nc_cat=101&ig_cache_key=MzM2MDUzNDI2NzM4ODU2NjIxMg%3D%3D.3-ccb7-5&ccb=7-5&_nc_sid=58cdad&efg=eyJ2ZW5jb2RlX3RhZyI6InhwaWRzLjEwODB4MTkyMC5zZHIuQzMifQ%3D%3D&_nc_ohc=ce2pKCr_fv4Q7kNvwFqX8qr&_nc_oc=Adn6poiHW8c14-M-miN-LQhCWGGv9blzCOtHNtwx9GSqQmKThU0RWcPh6hSPTYVdxZg&_nc_ad=z-m&_nc_cid=0&_nc_zt=23&_nc_ht=scontent-atl3-2.cdninstagram.com&_nc_gid=YEqNxlyPo70xe03KdrS66w&oh=00_AfrfXi4eYk7U87wOBFKvgpvg-oErskPPbjlMuRIZE90QOg&oe=6978A76C,https://scontent-atl3-1.cdninstagram.com/o1/v/t2/f2/m82/AQM5WeXlf-l4Q_baLD3lihx3Fx0tKLhOessH5cTYBF9gxTvoxxZwm-4siwUxvYj9FLiGDUXEUgcDfznBunlALFkT1ejX4mpruRr3tzE.mp4?_nc_cat=106&_nc_sid=5e9851&_nc_ht=scontent-atl3-1.cdninstagram.com&_nc_ohc=mZQQfgcz-mIQ7kNvwHTJJAv&efg=eyJ2ZW5jb2RlX3RhZyI6Inhwdl9wcm9ncmVzc2l2ZS5JTlNUQUdSQU0uQ0xJUFMuQzMuNzIwLmRhc2hfYmFzZWxpbmVfMV92MSIsInhwdl9hc3NldF9pZCI6MTYxMTU5OTM3NjMwNDcxMCwiYXNzZXRfYWdlX2RheXMiOjYyOCwidmlfdXNlY2FzZV9pZCI6MTAwOTksImR1cmF0aW9uX3MiOjQ1LCJ1cmxnZW5fc291cmNlIjoid3d3In0%3D&ccb=17-1&_nc_gid=YEqNxlyPo70xe03KdrS66w&_nc_zt=28&vs=44b6819270191a09&_nc_vs=HBksFQIYT2lnX3hwdl9yZWVsc19wZXJtYW5lbnRfcHJvZC83MTQ1REQxRTJFNDZGRTQ2QjNDMTc2RkE0ODE5NkQ5Nl92aWRlb19kYXNoaW5pdC5tcDQVAALIARIAFQIYOnBhc3N0aHJvdWdoX2V2ZXJzdG9yZS9HT1RqU3hwZXpqcUpnR2NEQUNJWmdRZ0N2MVlLYnFfRUFBQUYVAgLIARIAKAAYABsCiAd1c2Vfb2lsATEScHJvZ3Jlc3NpdmVfcmVjaXBlATEVAAAmjKnChbfv3AUVAigCQzMsF0BGrtkWhysCGBJkYXNoX2Jhc2VsaW5lXzFfdjERAHX-B2XmnQEA&oh=00_Afqna6_1V4hEnSsWuqJChXwVBnoHB8hMr8jc4YX58AXO2w&oe=6974997F,5/4/2024 8:54,https://www.instagram.com/p/C6jBBx_ORrE,C6jBBx_ORrE
,,,,,
"#Repost @michelefernandarosadelfino with @use.repost

Muitos querem a brisa das alturas e a vista deslumbrante das paisagens, mas no querem escalar as montanhas. Augusto Cury

#natureza #montanhas #caminhadadodia",https://scontent-atl3-1.cdninstagram.com/v/t51.29350-15/441029852_953186799931716_8105029063370295570_n.jpg?stp=dst-jpg_e35_tt6&efg=eyJ2ZW5jb2RlX3RhZyI6IkZFRUQuaW1hZ2VfdXJsZ2VuLjE0NDB4MTgwMC5zZHIuZjI5MzUwLmRlZmF1bHRfaW1hZ2UuYzIifQ&_nc_ht=scontent-atl3-1.cdninstagram.com&_nc_cat=100&_nc_oc=Q6cZ2QH-6wMVtxAExDlsXWZC9ICzPqhbksDvD-ZyckPEW1_DYUvjvXaASbuWZJ3M3SFZSTM&_nc_ohc=aBy9vEGJS-UQ7kNvwEiC1yU&_nc_gid=YEqNxlyPo70xe03KdrS66w&edm=APoiHPcBAAAA&ccb=7-5&ig_cache_key=MzM1NjQ3ODIwNzQzODk5OTE5Nw%3D%3D.3-ccb7-5&oh=00_AfrY-OW_5PWhjE_l8EIkr5q1amM9h1NUVv4GtJpl3UE9_Q&oe=6978885E&_nc_sid=22de04,None,4/28/2024 18:30,https://www.instagram.com/p/C6UmyVyvc6d,C6UmyVyvc6d
,,,,,
 assim a? ,https://scontent-atl3-3.cdninstagram.com/v/t51.71878-15/503644023_1110923291071471_3228308070829647209_n.jpg?stp=dst-jpg_e15_tt6&_nc_cat=108&ig_cache_key=MzM1NDY0OTE5MDE3MTQyNDg2MA%3D%3D.3-ccb7-5&ccb=7-5&_nc_sid=58cdad&efg=eyJ2ZW5jb2RlX3RhZyI6InhwaWRzLjQ4MHg4NTQuc2RyLkMzIn0%3D&_nc_ohc=viEWr9D4cnEQ7kNvwFePOz1&_nc_oc=Adk4_w-3_PCXcE-PmJqOALbjrIScMngKHiTDw_d2eTHEe_F0lQu8vAPVLRAHSheupEo&_nc_ad=z-m&_nc_cid=0&_nc_zt=23&_nc_ht=scontent-atl3-3.cdninstagram.com&_nc_gid=YEqNxlyPo70xe03KdrS66w&oh=00_Afp826c4LKa8Jlc4JJu012HfgBjyKVmuSWgJtcC4Jme4EQ&oe=69789715,https://scontent-atl3-3.cdninstagram.com/o1/v/t2/f2/m82/AQMEOPrT21wm8fgnhq3uC_629iIvsNatPfqMTy89RFh550_CZOYNgCigzDgY-nwiR9QwgQaWWdy_UuxanIjssvv8Xvq9HnpymH_PFYI.mp4?_nc_cat=107&_nc_sid=5e9851&_nc_ht=scontent-atl3-3.cdninstagram.com&_nc_ohc=WLSKpQXywpEQ7kNvwEoayio&efg=eyJ2ZW5jb2RlX3RhZyI6Inhwdl9wcm9ncmVzc2l2ZS5JTlNUQUdSQU0uQ0xJUFMuQzMuNDgwLmRhc2hfYmFzZWxpbmVfMV92MSIsInhwdl9hc3NldF9pZCI6ODIzMTE1NTUzMTg1NTgxLCJhc3NldF9hZ2VfZGF5cyI6NjM2LCJ2aV91c2VjYXNlX2lkIjoxMDA5OSwiZHVyYXRpb25fcyI6MTMsInVybGdlbl9zb3VyY2UiOiJ3d3cifQ%3D%3D&ccb=17-1&vs=c92dfc16483cc0bf&_nc_vs=HBksFQIYT2lnX3hwdl9yZWVsc19wZXJtYW5lbnRfcHJvZC9GNDQwNDQwRkJFODc2ODdDNDVCRTYzNzdENjNDQ0ZCNV92aWRlb19kYXNoaW5pdC5tcDQVAALIARIAFQIYOnBhc3N0aHJvdWdoX2V2ZXJzdG9yZS9HUG14UVJwblJvbnNWRklFQURzV3FOcVlEYVZ1YnFfRUFBQUYVAgLIARIAKAAYABsCiAd1c2Vfb2lsATEScHJvZ3Jlc3NpdmVfcmVjaXBlATEVAAAm2vzA4tCn9gIVAigCQzMsF0ArVP3ztkWiGBJkYXNoX2Jhc2VsaW5lXzFfdjERAHX-B2XmnQEA&_nc_gid=YEqNxlyPo70xe03KdrS66w&_nc_zt=28&oh=00_AfoWdKlXB3QcI0RMd8NxQDoECTl8xghhOS2nX3FUCQNSlg&oe=6974BC78,4/26/2024 5:56,https://www.instagram.com/p/C6OG6ouODhc,C6OG6ouODhc
,,,,,
#Repost @_leticia__lopes,https://scontent-atl3-2.cdninstagram.com/v/t51.29350-15/439611733_1075676936853253_2359546690611952759_n.jpg?stp=dst-jpg_e35_tt6&efg=eyJ2ZW5jb2RlX3RhZyI6IkZFRUQuaW1hZ2VfdXJsZ2VuLjE0NDB4MTgwMC5zZHIuZjI5MzUwLmRlZmF1bHRfaW1hZ2UuYzIifQ&_nc_ht=scontent-atl3-2.cdninstagram.com&_nc_cat=101&_nc_oc=Q6cZ2QGGf-1EdHz_aQ3VAykYEnrdgUI_vGv55BS8f14KqXPPXU_AMHYH_tuerJ5tCdazaZQ&_nc_ohc=0xqIRWkHbKsQ7kNvwGANKOJ&_nc_gid=8v3uHBhSr-TPq7P7KzPPGw&edm=APoiHPcBAAAA&ccb=7-5&ig_cache_key=MzM1MjE4ODE0NDMzMzU2MjI4MQ%3D%3D.3-ccb7-5&oh=00_Afq_KWxkjItvF80Nsnau2BoVDMDPozN2nPzTiLNgUoq4LQ&oe=69789DB3&_nc_sid=22de04,None,4/22/2024 20:26,https://www.instagram.com/p/C6FXVtLRyGp,C6FXVtLRyGp
,,,,,
Bora?,https://scontent-atl3-3.cdninstagram.com/v/t51.71878-15/501206898_1248549663373269_5125726359113506115_n.jpg?stp=dst-jpg_e15_tt6&_nc_cat=110&ig_cache_key=MzM0OTcyNTc4ODY1NDYzOTIwNA%3D%3D.3-ccb7-5&ccb=7-5&_nc_sid=58cdad&efg=eyJ2ZW5jb2RlX3RhZyI6InhwaWRzLjQ4MHg4NTQuc2RyLkMzIn0%3D&_nc_ohc=MGLZ8RHJl9wQ7kNvwEeS2O3&_nc_oc=AdlTdrDDpmn00Zx6jxtrqWkDqZL2tHVIvePyeEIEvXz209__9b_GzEu7jz5aPp6F0cg&_nc_ad=z-m&_nc_cid=0&_nc_zt=23&_nc_ht=scontent-atl3-3.cdninstagram.com&_nc_gid=8v3uHBhSr-TPq7P7KzPPGw&oh=00_Afoqb5wYcSOqcEWA3-M56CiHtsPT63c_SOce2-5p-ujJEQ&oe=69788B88,https://scontent-atl3-2.cdninstagram.com/o1/v/t2/f2/m82/AQOhraCijHgV7mYPrDiORUmV5w4eTI1Ppw2gp1DADCUJY3Vl_raWjYWVcYcuNm340YDA2OCkdkDdkEjgyXwaCFp4-sHUvjsTB44_kYQ.mp4?_nc_cat=104&_nc_sid=5e9851&_nc_ht=scontent-atl3-2.cdninstagram.com&_nc_ohc=y99awugi48YQ7kNvwHmwl-B&efg=eyJ2ZW5jb2RlX3RhZyI6Inhwdl9wcm9ncmVzc2l2ZS5JTlNUQUdSQU0uQ0xJUFMuQzMuNDgwLmRhc2hfYmFzZWxpbmVfMV92MSIsInhwdl9hc3NldF9pZCI6OTc1OTAyMzczOTcxMzM0LCJhc3NldF9hZ2VfZGF5cyI6NjQzLCJ2aV91c2VjYXNlX2lkIjoxMDA5OSwiZHVyYXRpb25fcyI6NywidXJsZ2VuX3NvdXJjZSI6Ind3dyJ9&ccb=17-1&vs=89516c262b69b49f&_nc_vs=HBksFQIYT2lnX3hwdl9yZWVsc19wZXJtYW5lbnRfcHJvZC9FMDRBOTNBRDNEMjY5QjZDMEE3RUI0MkJBRkZCMEJCRV92aWRlb19kYXNoaW5pdC5tcDQVAALIARIAFQIYOnBhc3N0aHJvdWdoX2V2ZXJzdG9yZS9HS2poS2hxcE0yRXlzNDhGQU1wT2lycnZaZ1p2YnFfRUFBQUYVAgLIARIAKAAYABsCiAd1c2Vfb2lsATEScHJvZ3Jlc3NpdmVfcmVjaXBlATEVAAAmjJawpf_kuwMVAigCQzMsF0AciDEm6XjVGBJkYXNoX2Jhc2VsaW5lXzFfdjERAHX-B2XmnQEA&_nc_gid=8v3uHBhSr-TPq7P7KzPPGw&_nc_zt=28&oh=00_Afp05OEuwhLsAkQC3Ph6ibaV7qKnC9nzGCXaEPTN7oq2jA&oe=6974BB41,4/19/2024 10:54,https://www.instagram.com/p/C58ndtvuZhk,C58ndtvuZhk
,,,,,
"#Repost @analuizagomest

Terceira vez sendo desafiada pelo @picodobone.oficial ",https://scontent-atl3-2.cdninstagram.com/v/t51.29350-15/438902779_3848453052141302_5317631575848037240_n.jpg?stp=dst-jpg_e35_tt6&efg=eyJ2ZW5jb2RlX3RhZyI6IkZFRUQuaW1hZ2VfdXJsZ2VuLjE0NDB4MTgwMC5zZHIuZjI5MzUwLmRlZmF1bHRfaW1hZ2UuYzIifQ&_nc_ht=scontent-atl3-2.cdninstagram.com&_nc_cat=102&_nc_oc=Q6cZ2QGGf-1EdHz_aQ3VAykYEnrdgUI_vGv55BS8f14KqXPPXU_AMHYH_tuerJ5tCdazaZQ&_nc_ohc=3Q7WsvDfqL0Q7kNvwH2DMKK&_nc_gid=8v3uHBhSr-TPq7P7KzPPGw&edm=APoiHPcBAAAA&ccb=7-5&ig_cache_key=MzM0OTExMTQxODkwODg0ODQxNg%3D%3D.3-ccb7-5&oh=00_Afq6Au8Rg97DJRtuRQY7WWxbeMG34mse7HcPCXcPrIwa5w&oe=69789ED6&_nc_sid=22de04,None,4/18/2024 14:33,https://www.instagram.com/p/C56bxdVRDEg,C56bxdVRDEg
,,,,,
Quem tambm fica assim? ,https://scontent-atl3-2.cdninstagram.com/v/t51.71878-15/503286571_731935639265596_1951024371760478739_n.jpg?stp=dst-jpg_e15_tt6&_nc_cat=102&ig_cache_key=MzM0Mzk1Njc0MzYyODE3MDU1Ng%3D%3D.3-ccb7-5&ccb=7-5&_nc_sid=58cdad&efg=eyJ2ZW5jb2RlX3RhZyI6InhwaWRzLjQ4MHg4NTQuc2RyLkMzIn0%3D&_nc_ohc=m7cNKrNsqvUQ7kNvwHLB9aS&_nc_oc=Adl8qtNwyhKlG-X-5N6djV53cIJDulod7FJwEn1fFJySm5m-ZbS1j_oOUoVxVY8vnww&_nc_ad=z-m&_nc_cid=0&_nc_zt=23&_nc_ht=scontent-atl3-2.cdninstagram.com&_nc_gid=8v3uHBhSr-TPq7P7KzPPGw&oh=00_AfoOXX7ovyCU54i_ZJG0juZOjfS7L32bi_od2f1oMfVTgA&oe=6978B8E8,https://scontent-atl3-2.cdninstagram.com/o1/v/t2/f2/m82/AQPgO2oxm7cZby8FbDC1XG2PBZCesRuTMkD0cLoWzNrg0DfyRSg5lO47AAQFvh2ZWz7FUhQuILSmKjcnUCNKDRybImqqU4AD0S5wo44.mp4?_nc_cat=105&_nc_sid=5e9851&_nc_ht=scontent-atl3-2.cdninstagram.com&_nc_ohc=x4TkB3BInGgQ7kNvwFnXtR1&efg=eyJ2ZW5jb2RlX3RhZyI6Inhwdl9wcm9ncmVzc2l2ZS5JTlNUQUdSQU0uQ0xJUFMuQzMuNDgwLmRhc2hfYmFzZWxpbmVfMV92MSIsInhwdl9hc3NldF9pZCI6NDU2NDQ0MTYzNDgxNDEzLCJhc3NldF9hZ2VfZGF5cyI6NjUxLCJ2aV91c2VjYXNlX2lkIjoxMDA5OSwiZHVyYXRpb25fcyI6NywidXJsZ2VuX3NvdXJjZSI6Ind3dyJ9&ccb=17-1&_nc_gid=8v3uHBhSr-TPq7P7KzPPGw&_nc_zt=28&vs=d2ca68390b4b3035&_nc_vs=HBksFQIYT2lnX3hwdl9yZWVsc19wZXJtYW5lbnRfcHJvZC81ODQ1MTBCOTlEM0QyMTZDQUE0RjZCQTA1MjMxNjE4OV92aWRlb19kYXNoaW5pdC5tcDQVAALIARIAFQIYOnBhc3N0aHJvdWdoX2V2ZXJzdG9yZS9HQTVnRWhxNGZuV2duRTBCQUFLemRma1R1VllqYnFfRUFBQUYVAgLIARIAKAAYABsCiAd1c2Vfb2lsATEScHJvZ3Jlc3NpdmVfcmVjaXBlATEVAAAmiv3Kg8bIzwEVAigCQzMsF0AczMzMzMzNGBJkYXNoX2Jhc2VsaW5lXzFfdjERAHX-B2XmnQEA&oh=00_AfpFq8jUMNeiGvOC4QR0uRT3M5K5FK6PxjtqjYA7Yn_uOg&oe=69749B76,4/11/2024 11:52,https://www.instagram.com/p/C5oHvD4OqU8,C5oHvD4OqU8
,,,,,
"#Repost @gracianerqueiroz

Mais um sbado de aventura!",https://scontent-atl3-2.cdninstagram.com/v/t51.29350-15/435555569_740602854730481_3767644888093328622_n.jpg?stp=dst-jpg_e35_tt6&efg=eyJ2ZW5jb2RlX3RhZyI6IkZFRUQuaW1hZ2VfdXJsZ2VuLjE0NDB4MTA4NS5zZHIuZjI5MzUwLmRlZmF1bHRfaW1hZ2UuYzIifQ&_nc_ht=scontent-atl3-2.cdninstagram.com&_nc_cat=105&_nc_oc=Q6cZ2QGGf-1EdHz_aQ3VAykYEnrdgUI_vGv55BS8f14KqXPPXU_AMHYH_tuerJ5tCdazaZQ&_nc_ohc=Ho1nqzvN830Q7kNvwHRgAtZ&_nc_gid=8v3uHBhSr-TPq7P7KzPPGw&edm=APoiHPcBAAAA&ccb=7-5&ig_cache_key=MzM0MDI4ODcwMTYxODY4ODE0NA%3D%3D.3-ccb7-5&oh=00_Afp_uIJ4lbIi2sMjnmp50mJN9XWbX2goLOhk6Hbu1v-uNQ&oe=69788CB3&_nc_sid=22de04,None,4/6/2024 10:24,https://www.instagram.com/p/C5bFuBjO5CQ,C5bFuBjO5CQ
,,,,,
,https://scontent-atl3-3.cdninstagram.com/v/t51.71878-15/500279952_519663091112701_7023202126780083982_n.jpg?stp=dst-jpg_e15_tt6&_nc_cat=108&ig_cache_key=MzMzNjg3ODk4NzUyMjQxODU3Ng%3D%3D.3-ccb7-5&ccb=7-5&_nc_sid=58cdad&efg=eyJ2ZW5jb2RlX3RhZyI6InhwaWRzLjQ4MHg4NTQuc2RyLkMzIn0%3D&_nc_ohc=cviQUaZLUw8Q7kNvwEX95dR&_nc_oc=AdlbQ2GFRwFt4y1fS_N5supRKouHN8K5CTuN8Fj8rXSrrBs2gQbloQZUYztdDOLN_xU&_nc_ad=z-m&_nc_cid=0&_nc_zt=23&_nc_ht=scontent-atl3-3.cdninstagram.com&_nc_gid=8v3uHBhSr-TPq7P7KzPPGw&oh=00_Afosb-FO3phh7UdXn9zJXJmCX8oA9IuQ2P3uYM6fvnVckA&oe=6978A819,https://scontent-atl3-3.cdninstagram.com/o1/v/t2/f2/m82/AQPfbPYQLKgza6sJD_xwWW-_NPTzOjfYLa-MAygV9U3X8WMDcptccJmY7dnUdAehpRiI5_xc1PnEdGeGXJ0Hkd-x8qo4mAwYEDwJtss.mp4?_nc_cat=107&_nc_sid=5e9851&_nc_ht=scontent-atl3-3.cdninstagram.com&_nc_ohc=IBboRSCX9nIQ7kNvwHpB3tt&efg=eyJ2ZW5jb2RlX3RhZyI6Inhwdl9wcm9ncmVzc2l2ZS5JTlNUQUdSQU0uQ0xJUFMuQzMuNDgwLmRhc2hfYmFzZWxpbmVfMV92MSIsInhwdl9hc3NldF9pZCI6MjY3NzA0Mzk5NjQxOTA2LCJhc3NldF9hZ2VfZGF5cyI6NjYxLCJ2aV91c2VjYXNlX2lkIjoxMDA5OSwiZHVyYXRpb25fcyI6OSwidXJsZ2VuX3NvdXJjZSI6Ind3dyJ9&ccb=17-1&_nc_gid=8v3uHBhSr-TPq7P7KzPPGw&_nc_zt=28&vs=4ebea03144e2b673&_nc_vs=HBksFQIYT2lnX3hwdl9yZWVsc19wZXJtYW5lbnRfcHJvZC81RDRBNjdERUEwOTczRjI3ODIwOEQ5NkZFNzRGMzNCMV92aWRlb19kYXNoaW5pdC5tcDQVAALIARIAFQIYOnBhc3N0aHJvdWdoX2V2ZXJzdG9yZS9HRlV2OEJtMV96SFRBVzhCQUo5Vl9hUGRscDQ2YnFfRUFBQUYVAgLIARIAKAAYABsCiAd1c2Vfb2lsATEScHJvZ3Jlc3NpdmVfcmVjaXBlATEVAAAm5PSpmrneeRUCKAJDMywXQCNmZmZmZmYYEmRhc2hfYmFzZWxpbmVfMV92MREAdf4HZeadAQA&oh=00_Afrg9NYUaPX_uyl6nKKcr-f-bjm_snV9-ZY4dIflAr0law&oe=69749B8C,4/1/2024 17:30,https://www.instagram.com/p/C5O-cJ1vSeQ,C5O-cJ1vSeQ
,,,,,
"#Repost @andressa.freitas__ 

Sente a paz desse lugar
D vontade de ficar pra sempre
Saio pensando em voltar
 um sonho, um paraso ",https://scontent-atl3-2.cdninstagram.com/v/t51.29350-15/434716031_819962643508190_7047977362678725398_n.jpg?stp=dst-jpg_e35_tt6&efg=eyJ2ZW5jb2RlX3RhZyI6IkZFRUQuaW1hZ2VfdXJsZ2VuLjE0NDB4MTgwMC5zZHIuZjI5MzUwLmRlZmF1bHRfaW1hZ2UuYzIifQ&_nc_ht=scontent-atl3-2.cdninstagram.com&_nc_cat=102&_nc_oc=Q6cZ2QGGf-1EdHz_aQ3VAykYEnrdgUI_vGv55BS8f14KqXPPXU_AMHYH_tuerJ5tCdazaZQ&_nc_ohc=gCe_0553HrsQ7kNvwHNHRDo&_nc_gid=8v3uHBhSr-TPq7P7KzPPGw&edm=APoiHPcBAAAA&ccb=7-5&ig_cache_key=MzMzNTgxNjY3NzE2NDgxODI0Ng%3D%3D.3-ccb7-5&oh=00_AfqM2Vjf20Ui2HvAJ-3fhoyqS1GecNe8lO_09OL1ZDw0QQ&oe=6978A5BE&_nc_sid=22de04,None,3/31/2024 6:19,https://www.instagram.com/p/C5LM5gOO59G,C5LM5gOO59G
,,,,,
Quem a j est pronto para a trilha do feriado?,https://scontent-atl3-1.cdninstagram.com/v/t51.71878-15/501941051_619997467732086_1418435220004850804_n.jpg?stp=dst-jpg_e15_tt6&_nc_cat=103&ig_cache_key=MzMzMzk5OTEwODM4NDgxMzg3MA%3D%3D.3-ccb7-5&ccb=7-5&_nc_sid=58cdad&efg=eyJ2ZW5jb2RlX3RhZyI6InhwaWRzLjQ4MHg4NTQuc2RyLkMzIn0%3D&_nc_ohc=Mme4cZsRPMoQ7kNvwFCTmPG&_nc_oc=AdmBZrjfnuEoW93zL6yHb1JGEB9qlPVDN9O17rIkCy3jvMKfZ0iUTGNUoXPlspZbPTs&_nc_ad=z-m&_nc_cid=0&_nc_zt=23&_nc_ht=scontent-atl3-1.cdninstagram.com&_nc_gid=8v3uHBhSr-TPq7P7KzPPGw&oh=00_AfpvK_oStYZPL0zZfL5E8CjwR-9X42laHA_zlQqCyaqyxA&oe=697897D0,https://scontent-atl3-1.cdninstagram.com/o1/v/t2/f2/m82/AQNOcn3UXkXVXnOmir-ImB-qqttwI8MRD2N1rkM_ilE8NGcp-edUbP7YCJ6SI4ZPlmxr5cWl-7Y9uQvfCQ14yt8baI9L6alwQdqGAnY.mp4?_nc_cat=106&_nc_sid=5e9851&_nc_ht=scontent-atl3-1.cdninstagram.com&_nc_ohc=2uizAf73kTMQ7kNvwH4wCNd&efg=eyJ2ZW5jb2RlX3RhZyI6Inhwdl9wcm9ncmVzc2l2ZS5JTlNUQUdSQU0uQ0xJUFMuQzMuNDgwLmRhc2hfYmFzZWxpbmVfMV92MSIsInhwdl9hc3NldF9pZCI6MzMwMDU3MDIzMzkyODAwLCJhc3NldF9hZ2VfZGF5cyI6NjY1LCJ2aV91c2VjYXNlX2lkIjoxMDA5OSwiZHVyYXRpb25fcyI6MTEsInVybGdlbl9zb3VyY2UiOiJ3d3cifQ%3D%3D&ccb=17-1&_nc_gid=8v3uHBhSr-TPq7P7KzPPGw&_nc_zt=28&vs=58cb75163c23697a&_nc_vs=HBksFQIYT2lnX3hwdl9yZWVsc19wZXJtYW5lbnRfcHJvZC9EMzRBRDM5NDcwMDI2NjJBODFBQzExODUxMTFBM0E4OF92aWRlb19kYXNoaW5pdC5tcDQVAALIARIAFQIYOnBhc3N0aHJvdWdoX2V2ZXJzdG9yZS9HSVdwNkJrN3BNeU9VMkVEQVBzbGREQUVCNHNTYnFfRUFBQUYVAgLIARIAKAAYABsCiAd1c2Vfb2lsATEScHJvZ3Jlc3NpdmVfcmVjaXBlATEVAAAmwLCUuuyLlgEVAigCQzMsF0An7peNT987GBJkYXNoX2Jhc2VsaW5lXzFfdjERAHX-B2XmnQEA&oh=00_AfrsF5MBJBu6wEbw0cSIrB6QM_92hzgu9DcTP0bR5fyM-g&oe=6974A3F7,3/28/2024 18:08,https://www.instagram.com/p/C5EvoZYvvMu,C5EvoZYvvMu
,,,,,
#Repost @vanderli_godinho,https://scontent-atl3-3.cdninstagram.com/v/t51.29350-15/432032090_944376383992317_4804130155248566471_n.jpg?stp=dst-jpg_e35_tt6&efg=eyJ2ZW5jb2RlX3RhZyI6IkZFRUQuaW1hZ2VfdXJsZ2VuLjE0NDB4MTgwMC5zZHIuZjI5MzUwLmRlZmF1bHRfaW1hZ2UuYzIifQ&_nc_ht=scontent-atl3-3.cdninstagram.com&_nc_cat=109&_nc_oc=Q6cZ2QGGf-1EdHz_aQ3VAykYEnrdgUI_vGv55BS8f14KqXPPXU_AMHYH_tuerJ5tCdazaZQ&_nc_ohc=yzNiFmVmLTEQ7kNvwHqyf8r&_nc_gid=8v3uHBhSr-TPq7P7KzPPGw&edm=APoiHPcBAAAA&ccb=7-5&ig_cache_key=MzMyNjc3NDM0MDIwNDU0NzA0Ng%3D%3D.3-ccb7-5&oh=00_AfozwWxTCC_w16TOLRmAqIKbozIHaY4t-GFaPrRpnQxvPA&oe=6978A5B9&_nc_sid=22de04,None,3/18/2024 18:53,https://www.instagram.com/p/C4rE6Lrxsvm,C4rE6Lrxsvm
,,,,,
"#Repost @gabriel_freittas333

Arrasta para o lado ",https://scontent-atl3-2.cdninstagram.com/v/t51.29350-15/432592582_748306320731822_2586898171070114642_n.jpg?stp=dst-jpg_e35_tt6&efg=eyJ2ZW5jb2RlX3RhZyI6IkZFRUQuaW1hZ2VfdXJsZ2VuLjIxNjB4MjE2MC5zZHIuZjI5MzUwLmRlZmF1bHRfaW1hZ2UuYzIifQ&_nc_ht=scontent-atl3-2.cdninstagram.com&_nc_cat=102&_nc_oc=Q6cZ2QGGf-1EdHz_aQ3VAykYEnrdgUI_vGv55BS8f14KqXPPXU_AMHYH_tuerJ5tCdazaZQ&_nc_ohc=Gq4N1Dq7Th0Q7kNvwFQdXMz&_nc_gid=8v3uHBhSr-TPq7P7KzPPGw&edm=APoiHPcBAAAA&ccb=7-5&ig_cache_key=MzMyNDE5OTUyOTUzMTEwNTY4OQ%3D%3D.3-ccb7-5&oh=00_AfpJ7reh-TrzwTTTr8tZmvJkQOawopzMP6mUdcz0rzZwjQ&oe=69788891&_nc_sid=22de04,None,3/15/2024 5:38,https://www.instagram.com/p/C4h7dwYOOGZ,C4h7dwYOOGZ
,,,,,
"#Repost @_aurea_silva04

Os melhores momentos so aqueles partilhados com a nossa famlia.",https://scontent-atl3-2.cdninstagram.com/v/t51.29350-15/432605732_893890772488264_4386820116136733937_n.jpg?stp=dst-jpg_e35_tt6&efg=eyJ2ZW5jb2RlX3RhZyI6IkZFRUQuaW1hZ2VfdXJsZ2VuLjIxNjB4MjE2MC5zZHIuZjI5MzUwLmRlZmF1bHRfaW1hZ2UuYzIifQ&_nc_ht=scontent-atl3-2.cdninstagram.com&_nc_cat=104&_nc_oc=Q6cZ2QHsIq6uC9jmgCm31w0CW4kkzfgcXJAzcFT4Gow-uJJMVxB0nV42gUIgu8BQFRNHgBA&_nc_ohc=4mZ--wfWzHkQ7kNvwHwc3NW&_nc_gid=QMGgNiegWD3wGyxFguGiGg&edm=APoiHPcBAAAA&ccb=7-5&ig_cache_key=MzMyMzU0OTY4ODg0OTMyMzU3NQ%3D%3D.3-ccb7-5&oh=00_AfpsfaZ0Qnhwy5ktQYkbLjFjKTmzgNt-sU3-2Pmo0t-y5g&oe=697894F0&_nc_sid=22de04,None,3/14/2024 8:06,https://www.instagram.com/p/C4fntVFOVY3,C4fntVFOVY3
,,,,,
"#Repost @larissa_americo_ 

Mais uma vez nesse lugar incrvel ",https://scontent-atl3-3.cdninstagram.com/v/t51.29350-15/431487397_425431276680643_8539972184453064619_n.jpg?stp=dst-jpg_e35_tt6&efg=eyJ2ZW5jb2RlX3RhZyI6IkZFRUQuaW1hZ2VfdXJsZ2VuLjIxNjB4MjE2MC5zZHIuZjI5MzUwLmRlZmF1bHRfaW1hZ2UuYzIifQ&_nc_ht=scontent-atl3-3.cdninstagram.com&_nc_cat=107&_nc_oc=Q6cZ2QHsIq6uC9jmgCm31w0CW4kkzfgcXJAzcFT4Gow-uJJMVxB0nV42gUIgu8BQFRNHgBA&_nc_ohc=BHkcRAH2DCIQ7kNvwEKQsBu&_nc_gid=QMGgNiegWD3wGyxFguGiGg&edm=APoiHPcBAAAA&ccb=7-5&ig_cache_key=MzMxNzM5Njg3MDcwMzUzMTMyMg%3D%3D.3-ccb7-5&oh=00_AfokLxA8gDKEO_QUje1W5Buhoay7JRteFhzaOjeg1b-XeQ&oe=6978A622&_nc_sid=22de04,None,3/5/2024 19:22,https://www.instagram.com/p/C4JwuCpRsU6,C4JwuCpRsU6
,,,,,
@valedasluas,https://scontent-atl3-3.cdninstagram.com/v/t51.71878-15/503875147_1070492538298163_3121741889793230771_n.jpg?stp=dst-jpg_e15_tt6&_nc_cat=109&ig_cache_key=MzMxNTU1MTI0NTkwNDE4NDUzNw%3D%3D.3-ccb7-5&ccb=7-5&_nc_sid=58cdad&efg=eyJ2ZW5jb2RlX3RhZyI6InhwaWRzLjQ4MHg4NTQuc2RyLkMzIn0%3D&_nc_ohc=L2xGi-hNS50Q7kNvwFPFdtp&_nc_oc=AdmQCdY60DKvLp67m78TOIiIfqoVJlRx-rIUx8ia3bI1eAaBueLKGi8FcE-t-rZF7LA&_nc_ad=z-m&_nc_cid=0&_nc_zt=23&_nc_ht=scontent-atl3-3.cdninstagram.com&_nc_gid=QMGgNiegWD3wGyxFguGiGg&oh=00_Afrsg-zAFXbMHrvtNW9j444NNOMl_KV5n7sVBMDK_jFRkw&oe=6978BA32,https://scontent-atl3-3.cdninstagram.com/o1/v/t2/f2/m82/AQNfo9K2Idk8jFDjCT4N1B-3tdj09hXO3miCThB1wjYE8JXVAqND8gsMjtb9zuaH36NNw6-01hIuuybg-AyPpZQUWw50q4jcCFqf8iU.mp4?_nc_cat=109&_nc_sid=5e9851&_nc_ht=scontent-atl3-3.cdninstagram.com&_nc_ohc=0aRjU94jixQQ7kNvwGOsTEz&efg=eyJ2ZW5jb2RlX3RhZyI6Inhwdl9wcm9ncmVzc2l2ZS5JTlNUQUdSQU0uQ0xJUFMuQzMuNDgwLmRhc2hfYmFzZWxpbmVfMV92MSIsInhwdl9hc3NldF9pZCI6Nzc2NDU5MjkxMDM0ODI0LCJhc3NldF9hZ2VfZGF5cyI6NjkwLCJ2aV91c2VjYXNlX2lkIjoxMDA5OSwiZHVyYXRpb25fcyI6NjYsInVybGdlbl9zb3VyY2UiOiJ3d3cifQ%3D%3D&ccb=17-1&_nc_gid=QMGgNiegWD3wGyxFguGiGg&_nc_zt=28&vs=b87c557423c5a705&_nc_vs=HBksFQIYT2lnX3hwdl9yZWVsc19wZXJtYW5lbnRfcHJvZC9BMDQ4NTA2ODlFQ0E2OTQ5Mzc0NjcyMUEyNzdFNUQ4Ml92aWRlb19kYXNoaW5pdC5tcDQVAALIARIAFQIYOnBhc3N0aHJvdWdoX2V2ZXJzdG9yZS9HS0dsclJsRnJwVTFVY0lDQUQtM2ZFc0ZKMHdsYnFfRUFBQUYVAgLIARIAKAAYABsCiAd1c2Vfb2lsATEScHJvZ3Jlc3NpdmVfcmVjaXBlATEVAAAmkJPMw_CL4QIVAigCQzMsF0BQpDlYEGJOGBJkYXNoX2Jhc2VsaW5lXzFfdjERAHX-B2XmnQEA&oh=00_Afr0mru6Gdxi0GQu-E1JgnnYS8L2N2ThuLJ-8Vo2-URcxQ&oe=69749692,3/3/2024 6:16,https://www.instagram.com/p/C4DNEqmuQTZ,C4DNEqmuQTZ
,,,,,
"#Repost @_milenamalta

representao da nossa nfima existncia",https://scontent-atl3-3.cdninstagram.com/v/t51.29350-15/430128409_1461348251462192_29449945812046946_n.jpg?stp=dst-jpg_e35_tt6&efg=eyJ2ZW5jb2RlX3RhZyI6IkZFRUQuaW1hZ2VfdXJsZ2VuLjE0NDB4MTA4Ni5zZHIuZjI5MzUwLmRlZmF1bHRfaW1hZ2UuYzIifQ&_nc_ht=scontent-atl3-3.cdninstagram.com&_nc_cat=108&_nc_oc=Q6cZ2QHsIq6uC9jmgCm31w0CW4kkzfgcXJAzcFT4Gow-uJJMVxB0nV42gUIgu8BQFRNHgBA&_nc_ohc=X1HwPfZlTDcQ7kNvwHMDLf2&_nc_gid=QMGgNiegWD3wGyxFguGiGg&edm=APoiHPcBAAAA&ccb=7-5&ig_cache_key=MzMxMzA3OTM5NzA4MjQ5MjUwNw%3D%3D.3-ccb7-5&oh=00_AfpFM1ZQv9d4YHElZ1na1lCwGTM3kE28fuiBLT3zOagPaw&oe=6978A3E2&_nc_sid=22de04,None,2/28/2024 20:24,https://www.instagram.com/p/C36bCh_xG5b,C36bCh_xG5b
,,,,,
#Repost @suzane3282,https://scontent-atl3-3.cdninstagram.com/v/t51.29350-15/429916147_917825566478267_1263925594086755169_n.jpg?stp=dst-jpg_e35_tt6&efg=eyJ2ZW5jb2RlX3RhZyI6IkZFRUQuaW1hZ2VfdXJsZ2VuLjE0NDB4MTgwMC5zZHIuZjI5MzUwLmRlZmF1bHRfaW1hZ2UuYzIifQ&_nc_ht=scontent-atl3-3.cdninstagram.com&_nc_cat=111&_nc_oc=Q6cZ2QHsIq6uC9jmgCm31w0CW4kkzfgcXJAzcFT4Gow-uJJMVxB0nV42gUIgu8BQFRNHgBA&_nc_ohc=1wetzIO6o7AQ7kNvwFGfvyf&_nc_gid=QMGgNiegWD3wGyxFguGiGg&edm=APoiHPcBAAAA&ccb=7-5&ig_cache_key=MzMxMjMyNjE3MTk3NDUyNDEwNg%3D%3D.3-ccb7-5&oh=00_AfqAPllttSLS-ByIAc5uvZTWyBVUMm91KyUmIIrI3hBNVw&oe=6978B783&_nc_sid=22de04,None,2/27/2024 19:27,https://www.instagram.com/p/C33vxqcxVzK,C33vxqcxVzK
,,,,,
"#Repost @butinabiker

",https://scontent-atl3-2.cdninstagram.com/v/t51.29350-15/430248054_885842460222269_1415453653961939170_n.jpg?stp=dst-jpg_e35_tt6&efg=eyJ2ZW5jb2RlX3RhZyI6IkZFRUQuaW1hZ2VfdXJsZ2VuLjE0NDB4MTU2NS5zZHIuZjI5MzUwLmRlZmF1bHRfaW1hZ2UuYzIifQ&_nc_ht=scontent-atl3-2.cdninstagram.com&_nc_cat=105&_nc_oc=Q6cZ2QHsIq6uC9jmgCm31w0CW4kkzfgcXJAzcFT4Gow-uJJMVxB0nV42gUIgu8BQFRNHgBA&_nc_ohc=e5Z8u0mUsv0Q7kNvwFm6Orf&_nc_gid=QMGgNiegWD3wGyxFguGiGg&edm=APoiHPcBAAAA&ccb=7-5&ig_cache_key=MzMxMTg5MjM5NjI4MjMwOTI4Mg%3D%3D.3-ccb7-5&oh=00_AfoIt0qGvCm5dnwvIdjhrSDeR1XJ7Og-M3_gVuk6GCdCuQ&oe=6978B6EE&_nc_sid=22de04,None,2/27/2024 5:06,https://www.instagram.com/p/C32NJZWuWqi,C32NJZWuWqi
,,,,,
#Repost @suzane3282,https://scontent-atl3-2.cdninstagram.com/v/t51.29350-15/429921787_631712865752054_6753932552019797865_n.jpg?stp=dst-jpg_e35_tt6&efg=eyJ2ZW5jb2RlX3RhZyI6IkZFRUQuaW1hZ2VfdXJsZ2VuLjE0NDB4MTgwMC5zZHIuZjI5MzUwLmRlZmF1bHRfaW1hZ2UuYzIifQ&_nc_ht=scontent-atl3-2.cdninstagram.com&_nc_cat=102&_nc_oc=Q6cZ2QHsIq6uC9jmgCm31w0CW4kkzfgcXJAzcFT4Gow-uJJMVxB0nV42gUIgu8BQFRNHgBA&_nc_ohc=_eehIODfW-gQ7kNvwEWyALL&_nc_gid=QMGgNiegWD3wGyxFguGiGg&edm=APoiHPcBAAAA&ccb=7-5&ig_cache_key=MzMxMTMxMzg2MDUxMzI5NTk5MA%3D%3D.3-ccb7-5&oh=00_AfqVyh-vnJk-UQt_0j5YRBZ-V7d6HF-t90K-wDkl2g3kag&oe=6978ADAB&_nc_sid=22de04,None,2/26/2024 9:56,https://www.instagram.com/p/C30Jml7uO52,C30Jml7uO52
,,,,,
"Serra do Brigadeiro 

Regio da Cachoeira do Bon, Pico do Bon e Pousada do Remanso

  @voealtoaudiovisual @feliciogodinho

Precisando de vdeos e fotos para redes sociais? Imagens de drone? cobertura de eventos?
Entre em contato com a gente! 

 whatsapp  31 996812072",https://scontent-atl3-2.cdninstagram.com/v/t51.71878-15/503015866_612062837856588_7322653471063930344_n.jpg?stp=dst-jpg_e15_tt6&_nc_cat=104&ig_cache_key=MzMwMjc2NTg1MjQ4NjI3MzQxNQ%3D%3D.3-ccb7-5&ccb=7-5&_nc_sid=58cdad&efg=eyJ2ZW5jb2RlX3RhZyI6InhwaWRzLjU0MHg5NjAuc2RyLkMzIn0%3D&_nc_ohc=LUA7zVfAn-MQ7kNvwGcRnae&_nc_oc=Adkek87rDPs0mbGIIMDleqFBbnFrru6VJb8AFtMtT478oTLlpFXVOliedN2OjznHXdk&_nc_ad=z-m&_nc_cid=0&_nc_zt=23&_nc_ht=scontent-atl3-2.cdninstagram.com&_nc_gid=QMGgNiegWD3wGyxFguGiGg&oh=00_AfpbavHq7vsAw4NEWl9QCSl_F7NSKyscVZsKfSrXpezrpg&oe=6978A3F3,https://scontent-atl3-2.cdninstagram.com/o1/v/t2/f2/m82/AQMUw6r1P5smE_SabM9yO1fwz5lGeM-vbTurZ_Ysq20V4RD7yItSxAbZ4Koa_Gu6ZUCIDOcHSrzG_H4SZCcFLXzZLbS7bxUkek6DMO0.mp4?_nc_cat=105&_nc_sid=5e9851&_nc_ht=scontent-atl3-2.cdninstagram.com&_nc_ohc=A8nvOJ9E6N8Q7kNvwEJSel_&efg=eyJ2ZW5jb2RlX3RhZyI6Inhwdl9wcm9ncmVzc2l2ZS5JTlNUQUdSQU0uQ0xJUFMuQzMuNzIwLmRhc2hfYmFzZWxpbmVfMV92MSIsInhwdl9hc3NldF9pZCI6MzMyODY1NTA1Nzc2MzI0LCJhc3NldF9hZ2VfZGF5cyI6NzA4LCJ2aV91c2VjYXNlX2lkIjoxMDA5OSwiZHVyYXRpb25fcyI6NTksInVybGdlbl9zb3VyY2UiOiJ3d3cifQ%3D%3D&ccb=17-1&vs=7a0652f151c231a6&_nc_vs=HBksFQIYT2lnX3hwdl9yZWVsc19wZXJtYW5lbnRfcHJvZC81MDQyQkE0MjgzNTk3NjBCRDgxODZDMjNGNzg5OUQ5RF92aWRlb19kYXNoaW5pdC5tcDQVAALIARIAFQIYOnBhc3N0aHJvdWdoX2V2ZXJzdG9yZS9HSTlHaGhsUVZRdXZ3M3dCQUdnLTFaWXZlQnBQYnFfRUFBQUYVAgLIARIAKAAYABsCiAd1c2Vfb2lsATEScHJvZ3Jlc3NpdmVfcmVjaXBlATEVAAAmiMvWo6mvlwEVAigCQzMsF0BNe6XjU_fPGBJkYXNoX2Jhc2VsaW5lXzFfdjERAHX-B2XmnQEA&_nc_gid=QMGgNiegWD3wGyxFguGiGg&_nc_zt=28&oh=00_AfqqF0Av-R-1PsafHFH2IYDBFsWNVCEZ7eqTsAkWmba2ng&oe=69749802,2/2/2025 17:07,https://www.instagram.com/p/C3VyAtFvAmH,C3VyAtFvAmH
,,,,,
"#Repost @iaravasconceelos with @use.repost

 Ainda de domingo 
.
.
.
#pico #picodobone #serradobrigadeiro #araponga #mg #trekking #serra #fyp",https://scontent-atl3-2.cdninstagram.com/v/t51.29350-15/361079879_828838315477406_7534113681410353280_n.jpg?stp=dst-jpg_e35_tt6&efg=eyJ2ZW5jb2RlX3RhZyI6IkZFRUQuaW1hZ2VfdXJsZ2VuLjE0NDB4MTgwMC5zZHIuZjI5MzUwLmRlZmF1bHRfaW1hZ2UuYzIifQ&_nc_ht=scontent-atl3-2.cdninstagram.com&_nc_cat=102&_nc_oc=Q6cZ2QHsIq6uC9jmgCm31w0CW4kkzfgcXJAzcFT4Gow-uJJMVxB0nV42gUIgu8BQFRNHgBA&_nc_ohc=mKahXeF0pYEQ7kNvwHX4BvX&_nc_gid=QMGgNiegWD3wGyxFguGiGg&edm=APoiHPcBAAAA&ccb=7-5&ig_cache_key=MzE0ODUxOTc2NDU5OTc2ODU2Mw%3D%3D.3-ccb7-5&oh=00_AfrRKJ-zoerskY_LRC6RbYEcY3VC5DAYMZoOLjz-qSYBog&oe=6978AF45&_nc_sid=22de04,None,7/16/2023 20:13,https://www.instagram.com/p/CuxygtZRAXz,CuxygtZRAXz
,,,,,
"Qual a sua programao para este final de semana? Que tal combinar o friozinho com montanhas, tranquilidade e um chal? 

Chama a gente no direct, vamos te passar mais informaes.",https://scontent-atl3-1.cdninstagram.com/v/t51.71878-15/499371260_739167468779589_4618546591756247989_n.jpg?stp=dst-jpg_e15_tt6&_nc_cat=106&ig_cache_key=MzE0MTIwNjE5MDg5NzkzODExNw%3D%3D.3-ccb7-5&ccb=7-5&_nc_sid=58cdad&efg=eyJ2ZW5jb2RlX3RhZyI6InhwaWRzLjEwODB4MTkyMC5zZHIuQzMifQ%3D%3D&_nc_ohc=33T75LKEAAMQ7kNvwHUm1qy&_nc_oc=Adm2Jmi7HFbE2qbKOVR7bZUSOnUXn9L2dp_lgYguOjRcE61CRPHkXYiEsca9FxFHUDc&_nc_ad=z-m&_nc_cid=0&_nc_zt=23&_nc_ht=scontent-atl3-1.cdninstagram.com&_nc_gid=QMGgNiegWD3wGyxFguGiGg&oh=00_AfqOiNgFgWj6V_SE0z4jPaz5o1lE2XN6EoTz9PdZkyUucg&oe=6978BD52,https://scontent-atl3-3.cdninstagram.com/o1/v/t2/f2/m82/AQOtRha5mTyUEwI98-yt3mt-RWO0BVLFs7XF6lVwbvmvARMnL70sjaKUoYNHwzO-Lve7msPDjI5_E2jkuLUq6jW2TPXeALTnUtzoEko.mp4?_nc_cat=109&_nc_sid=5e9851&_nc_ht=scontent-atl3-3.cdninstagram.com&_nc_ohc=tWSGfKVkgXkQ7kNvwFvhIq-&efg=eyJ2ZW5jb2RlX3RhZyI6Inhwdl9wcm9ncmVzc2l2ZS5JTlNUQUdSQU0uQ0xJUFMuQzMuNzIwLmRhc2hfYmFzZWxpbmVfMV92MSIsInhwdl9hc3NldF9pZCI6MjgwNzQzMTUxMjg4NjkyLCJhc3NldF9hZ2VfZGF5cyI6OTMxLCJ2aV91c2VjYXNlX2lkIjoxMDA5OSwiZHVyYXRpb25fcyI6MjIsInVybGdlbl9zb3VyY2UiOiJ3d3cifQ%3D%3D&ccb=17-1&_nc_gid=QMGgNiegWD3wGyxFguGiGg&_nc_zt=28&vs=1fab316a77cdf4bb&_nc_vs=HBksFQIYT2lnX3hwdl9yZWVsc19wZXJtYW5lbnRfcHJvZC84QjQ4QTk1QUNBMUJDQUM4RUUzQzkyNTEyMUU0NjQ4Nl92aWRlb19kYXNoaW5pdC5tcDQVAALIARIAFQIYOnBhc3N0aHJvdWdoX2V2ZXJzdG9yZS9HSVNiWHhXYUNteUMzTjhDQUhycGNNd0EwQllmYnFfRUFBQUYVAgLIARIAKAAYABsCiAd1c2Vfb2lsATEScHJvZ3Jlc3NpdmVfcmVjaXBlATEVAAAm6IXyvLPVfxUCKAJDMywXQDazMzMzMzMYEmRhc2hfYmFzZWxpbmVfMV92MREAdf4HZeadAQA&oh=00_Afp4w3DbDbxPSDm9plyW_nvzSG1UwPLaz6YKMCykFv6Fww&oe=69749A06,7/6/2023 18:03,https://www.instagram.com/p/CuXzmNGur7F,CuXzmNGur7F
,,,,,
" Segue a gente!  @picodobone.oficial 
Situado no municpio de araponga, zona da mata mineira, o pico do bon  tambm um dos lugares mais belos do pas.

Possui 1.870 m de altitude e est a 28 km da sede. De l, avista-se o distrito de Bom Jesus do Madeira, a serra do Grama, a Pedra do Pato, o Pico do Soares, a Pedra Branca e o municpio de Araponga. O nome deste atrativo vem do formato da rocha, semelhante a um bon, dependendo da posio da qual se olha. O trajeto da sede at a trilha para a atrao pode ser feito de carro, mas os 2,8 km restantes, somente a p. A trilha  bastante ngreme. Grau de dificuldade: mdio.

#picodobone #araponga #minasgerais #brasil #aventura",https://scontent-atl3-3.cdninstagram.com/v/t51.71878-15/502408020_1097224275560384_5309068752761983559_n.jpg?stp=dst-jpg_e15_tt6&_nc_cat=108&ig_cache_key=MzEyMjcxMjI0OTYwMTY0NTY4Ng%3D%3D.3-ccb7-5&ccb=7-5&_nc_sid=58cdad&efg=eyJ2ZW5jb2RlX3RhZyI6InhwaWRzLjcyMHgxMjgwLnNkci5DMyJ9&_nc_ohc=zHB8qr2oh4MQ7kNvwE7T1ze&_nc_oc=AdnfFBO31LAhaRkAwcMN1K16MSwsWS_vU3c0E6xx85lo0yMzoCtYgVXWVcXdcn_O860&_nc_ad=z-m&_nc_cid=0&_nc_zt=23&_nc_ht=scontent-atl3-3.cdninstagram.com&_nc_gid=10pULtf3o6gilHD6KwDk7A&oh=00_AfqJCaROwzlLTCKurO_VIunFs6FcDKUB-RPKK7gwOvQTPg&oe=69788636,https://scontent-atl3-3.cdninstagram.com/o1/v/t2/f2/m82/AQMmcCIGyLAVS9UX_APnIpyKj-ti71WvUc4sBFFMuSmUWpy6bpb92Y98hIyxq0KUWT5gHXfCO0CpH1gKk046RFdo5qrjgLbYsHo0DLs.mp4?_nc_cat=108&_nc_sid=5e9851&_nc_ht=scontent-atl3-3.cdninstagram.com&_nc_ohc=2DgzSve8PYQQ7kNvwEw9ryJ&efg=eyJ2ZW5jb2RlX3RhZyI6Inhwdl9wcm9ncmVzc2l2ZS5JTlNUQUdSQU0uQ0xJUFMuQzMuNzIwLmRhc2hfYmFzZWxpbmVfMV92MSIsInhwdl9hc3NldF9pZCI6NjYzOTM4NzgyMjIyMjcxLCJhc3NldF9hZ2VfZGF5cyI6OTU2LCJ2aV91c2VjYXNlX2lkIjoxMDA5OSwiZHVyYXRpb25fcyI6ODYsInVybGdlbl9zb3VyY2UiOiJ3d3cifQ%3D%3D&ccb=17-1&_nc_gid=10pULtf3o6gilHD6KwDk7A&_nc_zt=28&vs=39b45c9f0d1adb8e&_nc_vs=HBksFQIYT2lnX3hwdl9yZWVsc19wZXJtYW5lbnRfcHJvZC8zODQwMTA2ODE4NUEwQTM4QTRFM0M4RjYxODQwREM5OF92aWRlb19kYXNoaW5pdC5tcDQVAALIARIAFQIYOnBhc3N0aHJvdWdoX2V2ZXJzdG9yZS9HTkRnRlJVbEw2bDhuT1FBQUlKUV9mQ1VZRDg0YnFfRUFBQUYVAgLIARIAKAAYABsCiAd1c2Vfb2lsATEScHJvZ3Jlc3NpdmVfcmVjaXBlATEVAAAm_t6itKn2rQIVAigCQzMsF0BVt2yLQ5WBGBJkYXNoX2Jhc2VsaW5lXzFfdjERAHX-B2XmnQEA&oh=00_AfqRaVE9YMydJZ7y-vbA_t_Q6Cq6KwaRD98pD_3vr1JVeQ&oe=6974C6B5,6/11/2023 5:43,https://www.instagram.com/p/CtWGj8FRFx2,CtWGj8FRFx2
,,,,,
@lespa_vicosa @vale_das_luas,https://scontent-atl3-1.cdninstagram.com/v/t51.71878-15/497148566_697189466597350_6487960272261369780_n.jpg?stp=dst-jpg_e15_tt6&_nc_cat=106&ig_cache_key=MzExNjI4OTY0MDUwNzk1MTM5MQ%3D%3D.3-ccb7-5&ccb=7-5&_nc_sid=58cdad&efg=eyJ2ZW5jb2RlX3RhZyI6InhwaWRzLjcyMHgxMjgwLnNkci5DMyJ9&_nc_ohc=Cld1hRo4WBUQ7kNvwF2FlrS&_nc_oc=Adk8pbTBR69iFlf_7e9-4QkFF8MZR4PsLrLPLj_ZygJkWb7qdMixVUlZVsbtjA1FxOE&_nc_ad=z-m&_nc_cid=0&_nc_zt=23&_nc_ht=scontent-atl3-1.cdninstagram.com&_nc_gid=10pULtf3o6gilHD6KwDk7A&oh=00_AfpUEyIJF3HGuXWOJWijUxdy39WVe0eVBblHpt-1W3WKTA&oe=6978AF8A,https://scontent-atl3-3.cdninstagram.com/o1/v/t2/f2/m82/AQOvftj1YE0_9PIr4Ut20csvGBPz1PPXUUL_GXP_qCsFB7mTsREG8nZlvV2p-W5YUlH0LmzAXaj4IBpnm398OuAPhEQKYvixGUi5qDE.mp4?_nc_cat=108&_nc_sid=5e9851&_nc_ht=scontent-atl3-3.cdninstagram.com&_nc_ohc=2ZU-7KVf8qUQ7kNvwFN546c&efg=eyJ2ZW5jb2RlX3RhZyI6Inhwdl9wcm9ncmVzc2l2ZS5JTlNUQUdSQU0uQ0xJUFMuQzMuNzIwLmRhc2hfYmFzZWxpbmVfMV92MSIsInhwdl9hc3NldF9pZCI6MjA0NjgyNDEyNTE0NzI3LCJhc3NldF9hZ2VfZGF5cyI6OTY1LCJ2aV91c2VjYXNlX2lkIjoxMDA5OSwiZHVyYXRpb25fcyI6ODksInVybGdlbl9zb3VyY2UiOiJ3d3cifQ%3D%3D&ccb=17-1&vs=db8ef3117a1db3d7&_nc_vs=HBksFQIYT2lnX3hwdl9yZWVsc19wZXJtYW5lbnRfcHJvZC83NTQxRUFFRjhBOTlDM0QxQkE3M0MyMTkzMkI1OThCRV92aWRlb19kYXNoaW5pdC5tcDQVAALIARIAFQIYOnBhc3N0aHJvdWdoX2V2ZXJzdG9yZS9HR2FHN2hTdlJsYmNEQnNGQU1PVkFoQXZsZVVIYnFfRUFBQUYVAgLIARIAKAAYABsCiAd1c2Vfb2lsATEScHJvZ3Jlc3NpdmVfcmVjaXBlATEVAAAmzvbq54qKXRUCKAJDMywXQFZqn752yLQYEmRhc2hfYmFzZWxpbmVfMV92MREAdf4HZeadAQA&_nc_gid=10pULtf3o6gilHD6KwDk7A&_nc_zt=28&oh=00_Afqj-Cx1AoXHkm-wv-cQcuPPkFrPoUs-Lb2yWHfP0MPZrQ&oe=69749D95,6/2/2023 8:59,https://www.instagram.com/p/Cs_SOrPtMkf,Cs_SOrPtMkf
,,,,,
@vale_das_luas,https://scontent-atl3-2.cdninstagram.com/v/t51.71878-15/495744939_1367963361123885_6288145837471695411_n.jpg?stp=dst-jpg_e15_tt6&_nc_cat=104&ig_cache_key=MzExMzQwNzQyMzg4NDUyOTYyNQ%3D%3D.3-ccb7-5&ccb=7-5&_nc_sid=58cdad&efg=eyJ2ZW5jb2RlX3RhZyI6InhwaWRzLjEwODB4MTkyMC5zZHIuQzMifQ%3D%3D&_nc_ohc=xBQ_SSnlJKoQ7kNvwEfX7d5&_nc_oc=AdlPoiFh3RKVXDSZdmqVbpttwUthmhEwxT-AQmrq9hSZhsfu-_qblFtWE_wsqfpimSI&_nc_ad=z-m&_nc_cid=0&_nc_zt=23&_nc_ht=scontent-atl3-2.cdninstagram.com&_nc_gid=10pULtf3o6gilHD6KwDk7A&oh=00_Afr9I8Kq3bUXgVq0zM0P-59unWjvCq9wcUbPtuS7x4PYbg&oe=6978A2A7,https://scontent-atl3-3.cdninstagram.com/o1/v/t2/f2/m82/AQPbIGOxRARHbk0PGOTNPYzR5hQkT0TNjV8GZwpF5XcEZLRCUN4_C9JSAtfbgqCNLyHGmxxZCpyRYeNc_xKRIJWd3I7iKMXG-O_ImOI.mp4?_nc_cat=110&_nc_sid=5e9851&_nc_ht=scontent-atl3-3.cdninstagram.com&_nc_ohc=MqB73URQenkQ7kNvwEBV5vC&efg=eyJ2ZW5jb2RlX3RhZyI6Inhwdl9wcm9ncmVzc2l2ZS5JTlNUQUdSQU0uQ0xJUFMuQzMuNzIwLmRhc2hfYmFzZWxpbmVfMV92MSIsInhwdl9hc3NldF9pZCI6OTM1OTIxNDQ0MzI4MDgxLCJhc3NldF9hZ2VfZGF5cyI6OTY5LCJ2aV91c2VjYXNlX2lkIjoxMDA5OSwiZHVyYXRpb25fcyI6ODgsInVybGdlbl9zb3VyY2UiOiJ3d3cifQ%3D%3D&ccb=17-1&_nc_gid=10pULtf3o6gilHD6KwDk7A&_nc_zt=28&vs=5e19fb07d2218cb6&_nc_vs=HBksFQIYT2lnX3hwdl9yZWVsc19wZXJtYW5lbnRfcHJvZC8wQzRBMDdFMzhEMkRDMDg0NzI5NUQ1NEI3NkE4MUE4Rl92aWRlb19kYXNoaW5pdC5tcDQVAALIARIAFQIYOnBhc3N0aHJvdWdoX2V2ZXJzdG9yZS9HR3RFNWhUMDlPRGxVMXdDQUthQ3NRWDA5cEVlYnFfRUFBQUYVAgLIARIAKAAYABsCiAd1c2Vfb2lsATEScHJvZ3Jlc3NpdmVfcmVjaXBlATEVAAAmosrQk-bNqQMVAigCQzMsF0BWMQYk3S8bGBJkYXNoX2Jhc2VsaW5lXzFfdjERAHX-B2XmnQEA&oh=00_AfpCPjAZTH6AHLRxsjFo0I3ExGkUwawLa06A8OOtdzjHkg&oe=69749563,5/29/2023 10:19,https://www.instagram.com/p/Cs1C451s4_Z,Cs1C451s4_Z
,,,,,
"O que fazer em Araponga Mg? 

Voc pode vir conhecer a nossa cultura local, fazer trilhas e subir o Pico do Bon, l de cima voc vai ter uma das vistas mais lindas do mundo.
No  atoa que o Parque Estadual da Serra do Brigadeiro  considerado um dos lugares mais lindos do Mundo.

J inclui a no sua agenda; voc pode acampar ou se hospedar nas pousadas @pousada_fazenda_do_remanso ou no @vale_das_luas que  locao de chals, estas duas pousadas fica mais prxima do Pico do Bon, e do outro lado do @pebrigadeirooficial voc ter a opo de ficar na @pousadaserradagua.

O caf da manh e o almoo voc e sua famlia tem o ponto certo, que  no @restaurantepicodobone, tudo l  feito com o maior carinho e experincia de anos no fogo a lenha pela Dona Aparecida. Neh por nada no, mas se voc ainda no comeu o po de queijo e o frango com quiabo feito por ela no sabe o que t perdendo.

Depois do almoo voc vai tomar um caf Pico do Bon feito na hora, e claro, que a noite no pode faltar uma fogueira e um caldo

S vem para Araponga Mg.

#turismo #caf #cachoeirasdobrasil #cachoeirasdeminasgeiras #picodobone #picodobon #araponga #cafepicodobone #trilhas #trilhasdobrasil #parqueestadualserradobrigadeiro #serradobrigadeiro #cafeespecial #fogaoalenha #comidacaseira",https://scontent-atl3-1.cdninstagram.com/v/t51.71878-15/496652461_672979638689932_2892107057430808430_n.jpg?stp=dst-jpg_e15_tt6&_nc_cat=106&ig_cache_key=MzExMDAzNjI4MTg4MzM1MTY5OQ%3D%3D.3-ccb7-5&ccb=7-5&_nc_sid=58cdad&efg=eyJ2ZW5jb2RlX3RhZyI6InhwaWRzLjIyNjh4NDAzMi5zZHIuQzMifQ%3D%3D&_nc_ohc=kM46OM_Zmn4Q7kNvwGe3asR&_nc_oc=Adlauj5Gxs3w3JS5kg-K-gvX1Cdq2m0WOjTlHwLqicA_0JAfcm4UxpEHwWyjytV14vU&_nc_ad=z-m&_nc_cid=0&_nc_zt=23&_nc_ht=scontent-atl3-1.cdninstagram.com&_nc_gid=10pULtf3o6gilHD6KwDk7A&oh=00_AfpRc_XoSF5ckLUS3MKomnzKM4Aft4yiRPoGCV1UcOk1EA&oe=6978A515,https://scontent-atl3-3.cdninstagram.com/o1/v/t2/f2/m82/AQOrV3CkAscyhruL52WLP8hWJZabmAqnmDblK__VvZF3tg1OfXNQYZDWhtcuFJ2fV6m7qWeCDHRdyCWpFL7ixUiKaF5wKpAcHaszCvI.mp4?_nc_cat=107&_nc_sid=5e9851&_nc_ht=scontent-atl3-3.cdninstagram.com&_nc_ohc=OOYxasTGMswQ7kNvwG-R6U6&efg=eyJ2ZW5jb2RlX3RhZyI6Inhwdl9wcm9ncmVzc2l2ZS5JTlNUQUdSQU0uQ0xJUFMuQzMuNzIwLmRhc2hfYmFzZWxpbmVfMV92MSIsInhwdl9hc3NldF9pZCI6MjM2MjU1ODg5MDI4OTc4LCJhc3NldF9hZ2VfZGF5cyI6OTc0LCJ2aV91c2VjYXNlX2lkIjoxMDA5OSwiZHVyYXRpb25fcyI6NTYsInVybGdlbl9zb3VyY2UiOiJ3d3cifQ%3D%3D&ccb=17-1&_nc_gid=10pULtf3o6gilHD6KwDk7A&_nc_zt=28&vs=2e63b64e6a74aae4&_nc_vs=HBksFQIYT2lnX3hwdl9yZWVsc19wZXJtYW5lbnRfcHJvZC9EOTQ3OTFBMEVGQzY2QjAwQ0QxNDA4QjMwMkQ2QjY4M192aWRlb19kYXNoaW5pdC5tcDQVAALIARIAFQIYOnBhc3N0aHJvdWdoX2V2ZXJzdG9yZS9HRjkteXhUdHZadUVsVG9DQUg1TXFRTTBCa0pVYnFfRUFBQUYVAgLIARIAKAAYABsCiAd1c2Vfb2lsATEScHJvZ3Jlc3NpdmVfcmVjaXBlATEVAAAm5N27xfO3axUCKAJDMywXQEwu2RaHKwIYEmRhc2hfYmFzZWxpbmVfMV92MREAdf4HZeadAQA&oh=00_Afqe9WlcPYZWnTL76NhuyyBEipPhfhodcJNyTGxmIwG6eA&oe=6974B880,5/24/2023 17:56,https://www.instagram.com/p/CspEYVMO9qT,CspEYVMO9qT
,,,,,
,https://scontent-atl3-3.cdninstagram.com/v/t51.71878-15/499238686_1267275321480735_4154409622739247605_n.jpg?stp=dst-jpg_e15_tt6&_nc_cat=109&ig_cache_key=MzEwOTMyOTY4MjExNzg1MjQ1MQ%3D%3D.3-ccb7-5&ccb=7-5&_nc_sid=58cdad&efg=eyJ2ZW5jb2RlX3RhZyI6InhwaWRzLjcyMHgxMjgwLnNkci5DMyJ9&_nc_ohc=r8ewSDAdcIgQ7kNvwH9QR7H&_nc_oc=Adl0CY54iKE4sUFZMVjUVHLpWQV4oTNSxG0BotZPm4l74Boj3FmlLfPtL0YSPKwwfKc&_nc_ad=z-m&_nc_cid=0&_nc_zt=23&_nc_ht=scontent-atl3-3.cdninstagram.com&_nc_gid=10pULtf3o6gilHD6KwDk7A&oh=00_Afp3BZ2TjRWIB68AcQ6_vrVbVCBVfmC3k8Zv93SeXbSIVQ&oe=6978B5ED,https://scontent-atl3-2.cdninstagram.com/o1/v/t2/f2/m82/AQMF4rbBjluGv3jzEdThthseZWpTJVDgX0FjT9sgxOXitxt3Q1530RQwJbapL6uuEDw_o9ORTgAv2GsXZKY0Tfc8eANe6-om2iBadEk.mp4?_nc_cat=102&_nc_sid=5e9851&_nc_ht=scontent-atl3-2.cdninstagram.com&_nc_ohc=zl1KID2fTHwQ7kNvwHuJ_wp&efg=eyJ2ZW5jb2RlX3RhZyI6Inhwdl9wcm9ncmVzc2l2ZS5JTlNUQUdSQU0uQ0xJUFMuQzMuNzIwLmRhc2hfYmFzZWxpbmVfMV92MSIsInhwdl9hc3NldF9pZCI6ODIyNzkzMjcyNTk1NjExLCJhc3NldF9hZ2VfZGF5cyI6OTc1LCJ2aV91c2VjYXNlX2lkIjoxMDA5OSwiZHVyYXRpb25fcyI6MTAsInVybGdlbl9zb3VyY2UiOiJ3d3cifQ%3D%3D&ccb=17-1&_nc_gid=10pULtf3o6gilHD6KwDk7A&_nc_zt=28&vs=27551bf26978674a&_nc_vs=HBksFQIYT2lnX3hwdl9yZWVsc19wZXJtYW5lbnRfcHJvZC80NDQzQUM2NThBNTgyNTlFQjI0Rjg1MDhFN0QxQTVBQl92aWRlb19kYXNoaW5pdC5tcDQVAALIARIAFQIYOnBhc3N0aHJvdWdoX2V2ZXJzdG9yZS9HTmZneXhRRTV4YWYyeWdGQUtEaXY3blRLR0o2YnFfRUFBQUYVAgLIARIAKAAYABsCiAd1c2Vfb2lsATEScHJvZ3Jlc3NpdmVfcmVjaXBlATEVAAAmttLky--U9gIVAigCQzMsF0AkiDEm6XjVGBJkYXNoX2Jhc2VsaW5lXzFfdjERAHX-B2XmnQEA&oh=00_Afrv_ol1A6A2PHi7nUkVvZcPTv2m45D2vo5HgCzCDfO9jg&oe=6974A05B,5/23/2023 18:30,https://www.instagram.com/p/Csmjt84Nn0j,Csmjt84Nn0j
,,,,,
"#Repost @sabriina.viana with @use.repost

 Nada supera a paz que a natureza nos transmite. 
 1.870 m
@picodobone.oficial",https://scontent-atl3-2.cdninstagram.com/v/t51.29350-15/347888795_1531980880885873_4076496224149325837_n.jpg?stp=dst-jpg_e35_tt6&efg=eyJ2ZW5jb2RlX3RhZyI6IkZFRUQuaW1hZ2VfdXJsZ2VuLjE0NDB4MTY3Ni5zZHIuZjI5MzUwLmRlZmF1bHRfaW1hZ2UuYzIifQ&_nc_ht=scontent-atl3-2.cdninstagram.com&_nc_cat=101&_nc_oc=Q6cZ2QHhIoPX_ndcBTQkYTsAES-euaMJwQiwig8e3vznSZvRrvfSU3d_Kaa39WSWeOu9c-s&_nc_ohc=v3Oo7Axo1VYQ7kNvwFDehai&_nc_gid=10pULtf3o6gilHD6KwDk7A&edm=APoiHPcBAAAA&ccb=7-5&ig_cache_key=MzEwODUxMjI4MDA5ODkzODUwMw%3D%3D.3-ccb7-5&oh=00_AfqTW6S1r9OOUFSRdZmUiD6dZxV_v2oPUdcvcvggdTA-iQ&oe=697890BE&_nc_sid=22de04,None,5/22/2023 15:26,https://www.instagram.com/p/Csjp3L7PJ6H,Csjp3L7PJ6H
,,,,,
"#Repost @agro_otavio with @use.repost

Valeu serra do brigadeiro!!!!

@serradobrigadeiro @picodobone.oficial 

#picodobone #serradobrigadeiro #parquedobrigadeiro #natureza #passeio",https://scontent-atl3-1.cdninstagram.com/v/t51.29350-15/347813188_260958019821531_6355807333328317863_n.jpg?stp=dst-jpg_e35_tt6&efg=eyJ2ZW5jb2RlX3RhZyI6IkZFRUQuaW1hZ2VfdXJsZ2VuLjE0NDB4MTQ0MC5zZHIuZjI5MzUwLmRlZmF1bHRfaW1hZ2UuYzIifQ&_nc_ht=scontent-atl3-1.cdninstagram.com&_nc_cat=103&_nc_oc=Q6cZ2QHhIoPX_ndcBTQkYTsAES-euaMJwQiwig8e3vznSZvRrvfSU3d_Kaa39WSWeOu9c-s&_nc_ohc=ocmDHFw0UnUQ7kNvwF1OpF6&_nc_gid=10pULtf3o6gilHD6KwDk7A&edm=APoiHPcBAAAA&ccb=7-5&ig_cache_key=MzEwNzg0MjcwMjMxNDUyMzc1NQ%3D%3D.3-ccb7-5&oh=00_AfqU2H1Sdje-EezY7VJxqljm0aF4hlVFLdr38tppXp1quQ&oe=6978A39B&_nc_sid=22de04,None,5/21/2023 17:15,https://www.instagram.com/p/CshRnjBP0xr,CshRnjBP0xr
,,,,,
"#Repost @justemablanco with @use.repost

(Fim da sequncia de fts do por do sol)",https://scontent-atl3-1.cdninstagram.com/v/t51.29350-15/347314638_5954242531369926_6831982577561083103_n.jpg?stp=dst-jpg_e35_tt6&efg=eyJ2ZW5jb2RlX3RhZyI6IkZFRUQuaW1hZ2VfdXJsZ2VuLjE0NDB4MTA1OS5zZHIuZjI5MzUwLmRlZmF1bHRfaW1hZ2UuYzIifQ&_nc_ht=scontent-atl3-1.cdninstagram.com&_nc_cat=106&_nc_oc=Q6cZ2QHhIoPX_ndcBTQkYTsAES-euaMJwQiwig8e3vznSZvRrvfSU3d_Kaa39WSWeOu9c-s&_nc_ohc=05XPToxZnKMQ7kNvwGjZXNE&_nc_gid=10pULtf3o6gilHD6KwDk7A&edm=APoiHPcBAAAA&ccb=7-5&ig_cache_key=MzEwMzU3NjAyNzA1MDcwNzEzNQ%3D%3D.3-ccb7-5&oh=00_AfoJr9DHhM2b6aecnKc9yOoufvNcMhYQnbqVUVzAJfdq7g&oe=6978AF0A&_nc_sid=22de04,None,5/15/2023 19:58,https://www.instagram.com/p/CsSHfQBxoi_,CsSHfQBxoi_
,,,,,
"#Repost @rita.cesario.vrb with @use.repost

Aquele lugar que voc j visitou vrias vezes e nunca se cansa.",https://scontent-atl3-2.cdninstagram.com/v/t51.29350-15/346907641_620392069717036_4066871031718942709_n.jpg?stp=dst-jpg_e35_tt6&efg=eyJ2ZW5jb2RlX3RhZyI6IkZFRUQuaW1hZ2VfdXJsZ2VuLjE0NDB4MTQ0MC5zZHIuZjI5MzUwLmRlZmF1bHRfaW1hZ2UuYzIifQ&_nc_ht=scontent-atl3-2.cdninstagram.com&_nc_cat=104&_nc_oc=Q6cZ2QHhIoPX_ndcBTQkYTsAES-euaMJwQiwig8e3vznSZvRrvfSU3d_Kaa39WSWeOu9c-s&_nc_ohc=W12bLryzEyMQ7kNvwFNnm0b&_nc_gid=10pULtf3o6gilHD6KwDk7A&edm=APoiHPcBAAAA&ccb=7-5&ig_cache_key=MzEwMTg5OTI2MjQ3MjY5NzkzNw%3D%3D.3-ccb7-5&oh=00_Afom9siJjLL8qTUEKtnbmJqIHak8T4l5bkNcnbQs8zQqFw&oe=69789952&_nc_sid=22de04,None,5/13/2023 12:27,https://www.instagram.com/p/CsMKPHUuzhR,CsMKPHUuzhR
,,,,,
"#Repost @indiarasales with @use.repost

 1.870m 

 Pico do bon",https://scontent-atl3-2.cdninstagram.com/v/t51.29350-15/346272746_1015106623232965_1281854885753970062_n.jpg?stp=dst-jpg_e35_tt6&efg=eyJ2ZW5jb2RlX3RhZyI6IkZFRUQuaW1hZ2VfdXJsZ2VuLjE0NDB4MTgwMC5zZHIuZjI5MzUwLmRlZmF1bHRfaW1hZ2UuYzIifQ&_nc_ht=scontent-atl3-2.cdninstagram.com&_nc_cat=101&_nc_oc=Q6cZ2QHhIoPX_ndcBTQkYTsAES-euaMJwQiwig8e3vznSZvRrvfSU3d_Kaa39WSWeOu9c-s&_nc_ohc=9CFV7H2xF0AQ7kNvwG0LqgX&_nc_gid=10pULtf3o6gilHD6KwDk7A&edm=APoiHPcBAAAA&ccb=7-5&ig_cache_key=MzEwMTAwMzYwOTExMDQyMDYyOQ%3D%3D.3-ccb7-5&oh=00_AfonoOZnhgnvaSPMvzkRzEAm-T-7vYjPmVOvJlKafz_goA&oe=6978B27A&_nc_sid=22de04,None,5/12/2023 6:47,https://www.instagram.com/p/CsI-lpIOxyV,CsI-lpIOxyV
,,,,,
Quem mais est assim? ,https://scontent-atl3-1.cdninstagram.com/v/t51.29350-15/345543310_938343580820418_7057172487278718013_n.jpg?stp=dst-jpg_e35_tt6&efg=eyJ2ZW5jb2RlX3RhZyI6IkZFRUQuaW1hZ2VfdXJsZ2VuLjczOHg3Mzguc2RyLmYyOTM1MC5kZWZhdWx0X2ltYWdlLmMyIn0&_nc_ht=scontent-atl3-1.cdninstagram.com&_nc_cat=106&_nc_oc=Q6cZ2QEnqSc4bd7RWQAcLHY1lq3jz_XPWTLOrc_ct4psesSUvWIDn__S-Q7bE_jTs2yjCfg&_nc_ohc=tG25s0pU7aIQ7kNvwHKzGgn&_nc_gid=UxyzVy4JC6i-D0lpiovFRg&edm=APoiHPcBAAAA&ccb=7-5&ig_cache_key=MzA5ODUwMjI5MjA3Mjc5ODgxNg%3D%3D.3-ccb7-5&oh=00_AfqafYbVbjjK4WRK76lpJ7DtTvSPNJNBVFdCd9QcyZs0VA&oe=6978A463&_nc_sid=22de04,None,5/8/2023 19:57,https://www.instagram.com/p/CsAF2sGu5pg,CsAF2sGu5pg
,,,,,
"Era uma manh de sol quando estvamos voltando da trilha do Pico do Bon e l fui eu desbravar a natureza, amo sair andando rio abaixo ou acima para ver o que tem, quando estava voltando de uam cachoeira linda que achei para chamar @joaoandres @carolinaohuti @marconiresende e @resendemailson para irem ver a cachoeira eu bem na paz e conexo com a Me Natureza vejo a Jade tomando um banho de sol tranquila  encima do toco de pau e avistando a beleza daquela lugar.

Segue a minha conversa com ela:

Jade,  coloca a lngua, mostra a lngua  
 Jaaadee, mostra a lngua 

Ela mostrou a lngua 

Aiii oh, muito obrigada Jade, tchau  

E ohh, vai picar os turistas no heim, se comporte 

E assim seguimos nossos caminhos deixando a Jade ( nome carinhoso que eu dei para ela) no cantinho dela.

Se voc encontra uma cobra, no mate. Chame algum para retirar ou siga seu caminho e deixe ela quieta l. Afinal, ela tambm faz parte do Ecossistema

#araponga 
#cobra #biodiversity #biodiversidade #equilibrio #cafepicodobone #naturezaperfeita #naturezalinda .",https://scontent-atl3-2.cdninstagram.com/v/t51.71878-15/499797422_29581625534818823_6317687350175090486_n.jpg?stp=dst-jpg_e15_tt6&_nc_cat=101&ig_cache_key=MzA5NzQ1MzcyMDg4Nzc1NjgwOQ%3D%3D.3-ccb7-5&ccb=7-5&_nc_sid=58cdad&efg=eyJ2ZW5jb2RlX3RhZyI6InhwaWRzLjEwODB4MTkyMC5zZHIuQzMifQ%3D%3D&_nc_ohc=0jqIduyE30UQ7kNvwFheqwO&_nc_oc=AdlHm6DviHkORAp-Fx0xyvjYRJ9Cl1tHrwAPuugErpVnE7EtUJhVXq-lDxqIpbueuxc&_nc_ad=z-m&_nc_cid=0&_nc_zt=23&_nc_ht=scontent-atl3-2.cdninstagram.com&_nc_gid=UxyzVy4JC6i-D0lpiovFRg&oh=00_Afp1KP8KJ_xYwoyH0pZ7w6L2T3Lm16chbPNOyPfQ6_ZsCg&oe=6978AF8A,https://scontent-atl3-1.cdninstagram.com/o1/v/t2/f2/m82/AQPJXLqmVzzD48VF8Jwm16gDhdxalTtEQOXOoeaFxP7Zioz87R_O443HiDdaegUnklLkOCSQ7ePfV-tOT7QG5fn8radV0Q9pEyPxvNY.mp4?_nc_cat=106&_nc_sid=5e9851&_nc_ht=scontent-atl3-1.cdninstagram.com&_nc_ohc=EmCIEnsd2tEQ7kNvwHJycp4&efg=eyJ2ZW5jb2RlX3RhZyI6Inhwdl9wcm9ncmVzc2l2ZS5JTlNUQUdSQU0uQ0xJUFMuQzMuNzIwLmRhc2hfYmFzZWxpbmVfMV92MSIsInhwdl9hc3NldF9pZCI6OTE1ODE0MDAyNDI2MDY3NCwiYXNzZXRfYWdlX2RheXMiOjk5MSwidmlfdXNlY2FzZV9pZCI6MTAwOTksImR1cmF0aW9uX3MiOjE4LCJ1cmxnZW5fc291cmNlIjoid3d3In0%3D&ccb=17-1&_nc_gid=UxyzVy4JC6i-D0lpiovFRg&_nc_zt=28&vs=ca9d6ec529566ad1&_nc_vs=HBksFQIYT2lnX3hwdl9yZWVsc19wZXJtYW5lbnRfcHJvZC81NTQyRkRGNjVCRUE5RTJCQTBDMTFCRDg1MTVEOEY4Nl92aWRlb19kYXNoaW5pdC5tcDQVAALIARIAFQIYOnBhc3N0aHJvdWdoX2V2ZXJzdG9yZS9HT0F6blJSVFZsdTFjUk1EQUdxSS11QXptZWNPYnFfRUFBQUYVAgLIARIAKAAYABsCiAd1c2Vfb2lsATEScHJvZ3Jlc3NpdmVfcmVjaXBlATEVAAAmhKGYr_TRxCAVAigCQzMsF0AygAAAAAAAGBJkYXNoX2Jhc2VsaW5lXzFfdjERAHX-B2XmnQEA&oh=00_Afrg4zcknkDsxiD517SdhpIfEYxpkf-WLQJjGYt3si5KgQ&oe=69749B77,5/7/2023 9:23,https://www.instagram.com/p/Cr8Xb-FuggJ,Cr8Xb-FuggJ
,,,,,
"#Repost @toninhopj with @use.repost

Passeio top d+!",https://scontent-atl3-2.cdninstagram.com/v/t51.29350-15/344600605_1891933144512746_473656837220395663_n.jpg?stp=dst-jpg_e35_tt6&efg=eyJ2ZW5jb2RlX3RhZyI6IkZFRUQuaW1hZ2VfdXJsZ2VuLjE0NDB4MTgwMC5zZHIuZjI5MzUwLmRlZmF1bHRfaW1hZ2UuYzIifQ&_nc_ht=scontent-atl3-2.cdninstagram.com&_nc_cat=102&_nc_oc=Q6cZ2QEnqSc4bd7RWQAcLHY1lq3jz_XPWTLOrc_ct4psesSUvWIDn__S-Q7bE_jTs2yjCfg&_nc_ohc=DHfA-O2tSqkQ7kNvwGqDL9z&_nc_gid=UxyzVy4JC6i-D0lpiovFRg&edm=APoiHPcBAAAA&ccb=7-5&ig_cache_key=MzA5NDg2NzIyNDIxMzA3MDM1Ng%3D%3D.3-ccb7-5&oh=00_AfroBuW3_7Bh372xRCsPRVpW-Px_RJ9exSTYA3XVsqCydw&oe=69789575&_nc_sid=22de04,None,5/3/2023 19:35,https://www.instagram.com/p/CrzLVfWOCIU,CrzLVfWOCIU
,,,,,
"#Repost @rrodrigo.reisd with @use.repost

",https://scontent-atl3-2.cdninstagram.com/v/t51.29350-15/344580363_610599484084033_6920461559171799333_n.jpg?stp=dst-jpg_e35_tt6&efg=eyJ2ZW5jb2RlX3RhZyI6IkZFRUQuaW1hZ2VfdXJsZ2VuLjE0NDB4MTgwMC5zZHIuZjI5MzUwLmRlZmF1bHRfaW1hZ2UuYzIifQ&_nc_ht=scontent-atl3-2.cdninstagram.com&_nc_cat=101&_nc_oc=Q6cZ2QEnqSc4bd7RWQAcLHY1lq3jz_XPWTLOrc_ct4psesSUvWIDn__S-Q7bE_jTs2yjCfg&_nc_ohc=KGff3mHlrcYQ7kNvwH3tXsy&_nc_gid=UxyzVy4JC6i-D0lpiovFRg&edm=APoiHPcBAAAA&ccb=7-5&ig_cache_key=MzA5MjUwMjQ5Mzk0Njk3MzA4MA%3D%3D.3-ccb7-5&oh=00_AfrePwV-Hl3p3yFIGZrxmYI7aLRn8SMJ1KrkS1rcb0kIxQ&oe=69788FA1&_nc_sid=22de04,None,4/30/2023 13:17,https://www.instagram.com/p/CrqxqIquAuY,CrqxqIquAuY
,,,,,
"O Pico do Bon tem uma Altitude de 1850 m, de l tem uma viso que da para curar a alma e ver a grandeza que a natureza tem. 

Na tera feira dia 25/04 eu, @joaoandres @marconiresende @resendemailson e @carolinaohuti samos de casa umas 3:57 am com destino ao Pico do Bon com inteno de darmos bom dia para o sol l de cima. 

O Pico do Bon  um dos Picos mais visitados da regio de Araponga Mg, durante a trilha voc ver uma biodiversidade de ficar boquiaberta, vai de orqudeas a sapos bois, de guas cristalinas at vestgios de uma mata secundria que cresceu com fora e resistncia depois de seu desmatamento na poca da companhia de carvo ( Belgo Mineira) por volta da dcada de 60.

Gastamos duas horas e 5 min para chegar no Pico, saindo da minha casa que fica pouco abaixo do p da trilha, mas se fosse durante o dia o tempo diminuiria, j fiz com 1 hora e meia.  uma trilha limpa e que vale muito a pena voc colocar no seu roteiro para conhecer. 

Quando voc vier te indico o Restaurante Pico do Bon para voc almoar ou tomar seu caf Pico do Bon, estaremos aqui te aguardando para fazer esse passeio que vai te fazer um bem danado.

#biodiversidade #picodobone #cafepicodobone #araponga #naturephotography #naturezaperfeita #naturezalinda #pico #montanha #serradobrigadeiro",https://scontent-atl3-3.cdninstagram.com/v/t51.71878-15/502082987_4096436160644771_6539952766451442742_n.jpg?stp=dst-jpg_e15_tt6&_nc_cat=111&ig_cache_key=MzA5MDQ3OTI2NDA0NjM3MzQ4OA%3D%3D.3-ccb7-5&ccb=7-5&_nc_sid=58cdad&efg=eyJ2ZW5jb2RlX3RhZyI6InhwaWRzLjEwODB4MTkyMC5zZHIuQzMifQ%3D%3D&_nc_ohc=ggfYTTs9SYMQ7kNvwEZrZlo&_nc_oc=Adk1_3GnNoplMs-DOFNZSHFY_isDliPCM4oeV8H7Vy0NlEFCB3qFCtVzIUz9oPFGZx8&_nc_ad=z-m&_nc_cid=0&_nc_zt=23&_nc_ht=scontent-atl3-3.cdninstagram.com&_nc_gid=UxyzVy4JC6i-D0lpiovFRg&oh=00_Afq91mzkMtuUqtc-CEbgB-Nl-oxu5KM0rXZC8zbu_TkaJg&oe=69788F1C,https://scontent-atl3-2.cdninstagram.com/o1/v/t2/f2/m82/AQNiBTotC6rULRxwBOoq7IIqZEaQdY53hHZs-6yiWVIY6ckOVrRhcnPhiFb0qkF7MxIIt5QS0bP6AZpYOH7yGpeGFAGMUTdU-4lqWnc.mp4?_nc_cat=101&_nc_sid=5e9851&_nc_ht=scontent-atl3-2.cdninstagram.com&_nc_ohc=SfQMRKi4wtsQ7kNvwHacNJh&efg=eyJ2ZW5jb2RlX3RhZyI6Inhwdl9wcm9ncmVzc2l2ZS5JTlNUQUdSQU0uQ0xJUFMuQzMuNzIwLmRhc2hfYmFzZWxpbmVfMV92MSIsInhwdl9hc3NldF9pZCI6MzQ5ODMxNzQ4MDQ1NjY0NSwiYXNzZXRfYWdlX2RheXMiOjEwMDEsInZpX3VzZWNhc2VfaWQiOjEwMDk5LCJkdXJhdGlvbl9zIjozOSwidXJsZ2VuX3NvdXJjZSI6Ind3dyJ9&ccb=17-1&_nc_gid=UxyzVy4JC6i-D0lpiovFRg&_nc_zt=28&vs=9f1fe1896c02499f&_nc_vs=HBksFQIYT2lnX3hwdl9yZWVsc19wZXJtYW5lbnRfcHJvZC80RjRDMTQxNEMwM0RBMEYyNEI4NTI5NUQxMjQxRjA5NV92aWRlb19kYXNoaW5pdC5tcDQVAALIARIAFQIYOnBhc3N0aHJvdWdoX2V2ZXJzdG9yZS9HQTBjZ0JTeDdIWlZOcGNFQUR6YjZOaWNHcE5sYnFfRUFBQUYVAgLIARIAKAAYABsCiAd1c2Vfb2lsATEScHJvZ3Jlc3NpdmVfcmVjaXBlATEVAAAmisffq_DstgwVAigCQzMsF0BDhDlYEGJOGBJkYXNoX2Jhc2VsaW5lXzFfdjERAHX-B2XmnQEA&oh=00_AfoSex-ju5qLY0uOOfgINmgFneB84AHooBbxtgl7AuCw1g&oe=6974BEAA,4/27/2023 18:40,https://www.instagram.com/p/CrjloQ_Mdpw,CrjloQ_Mdpw
,,,,,
"#Repost @iasmim.msoares with @use.repost

Sobre ser sua melhor verso a cada dia que passa. No  melhor que ningum, mas, melhor que voc  mesmo dia aps dia.
 A cada trilha uma experincia, um desafio novo, amizades novas e energia nova.

E o mais importante uma nova verso  de mim mesma 
@picodobone.oficial",https://scontent-atl3-3.cdninstagram.com/v/t51.29350-15/343111608_889157228849060_2950779064975293911_n.jpg?stp=dst-jpg_e35_tt6&efg=eyJ2ZW5jb2RlX3RhZyI6IkZFRUQuaW1hZ2VfdXJsZ2VuLjE0NDB4MTQ0MC5zZHIuZjI5MzUwLmRlZmF1bHRfaW1hZ2UuYzIifQ&_nc_ht=scontent-atl3-3.cdninstagram.com&_nc_cat=108&_nc_oc=Q6cZ2QEnqSc4bd7RWQAcLHY1lq3jz_XPWTLOrc_ct4psesSUvWIDn__S-Q7bE_jTs2yjCfg&_nc_ohc=LddNOwKCxP0Q7kNvwGIu_lW&_nc_gid=UxyzVy4JC6i-D0lpiovFRg&edm=APoiHPcBAAAA&ccb=7-5&ig_cache_key=MzA4NzQ2MDcxMDc4MzUwMDMzNQ%3D%3D.3-ccb7-5&oh=00_Afr3sMDlV_0hwh8t1ZiVSF53xFIYhltypeQtM5Mi9I98jQ&oe=6978ACF5&_nc_sid=22de04,None,4/23/2023 14:20,https://www.instagram.com/p/CrY3SiMOcAv,CrY3SiMOcAv
,,,,,
"#Repost @romulo_vitor13 with @use.repost

Aqui estamos vivendo o tempo, e no apenas vendo ele passar. ",https://scontent-atl3-2.cdninstagram.com/v/t51.29350-15/342560907_103046599440878_6947359695473055885_n.jpg?stp=dst-jpg_e35_tt6&efg=eyJ2ZW5jb2RlX3RhZyI6IkZFRUQuaW1hZ2VfdXJsZ2VuLjE0NDB4MTgwMC5zZHIuZjI5MzUwLmRlZmF1bHRfaW1hZ2UuYzIifQ&_nc_ht=scontent-atl3-2.cdninstagram.com&_nc_cat=102&_nc_oc=Q6cZ2QEnqSc4bd7RWQAcLHY1lq3jz_XPWTLOrc_ct4psesSUvWIDn__S-Q7bE_jTs2yjCfg&_nc_ohc=z2eXc2TeChwQ7kNvwEvfoyJ&_nc_gid=UxyzVy4JC6i-D0lpiovFRg&edm=APoiHPcBAAAA&ccb=7-5&ig_cache_key=MzA4NjU2NDI5NTEwNjU2NzU4Mw%3D%3D.3-ccb7-5&oh=00_AfrWuyEgr4KunzukDSrEN1B9nRyP_Gm01JT-TLqgwWNmqA&oe=6978AC2B&_nc_sid=22de04,None,4/22/2023 8:39,https://www.instagram.com/p/CrVrd-COx2f,CrVrd-COx2f
,,,,,
"#Repost @jorgelucasbrasil with @use.repost

Sempre juntos superando nossos limites!",https://scontent-atl3-2.cdninstagram.com/v/t51.29350-15/328971813_585388823025484_9057319309950491636_n.jpg?stp=dst-jpg_e35_tt6&efg=eyJ2ZW5jb2RlX3RhZyI6IkZFRUQuaW1hZ2VfdXJsZ2VuLjE0NDB4MTQ0MC5zZHIuZjI5MzUwLmRlZmF1bHRfaW1hZ2UuYzIifQ&_nc_ht=scontent-atl3-2.cdninstagram.com&_nc_cat=104&_nc_oc=Q6cZ2QEnqSc4bd7RWQAcLHY1lq3jz_XPWTLOrc_ct4psesSUvWIDn__S-Q7bE_jTs2yjCfg&_nc_ohc=ezO1-0uLAZkQ7kNvwEiY8tc&_nc_gid=UxyzVy4JC6i-D0lpiovFRg&edm=APoiHPcBAAAA&ccb=7-5&ig_cache_key=MzAzMTA2OTkxNzg2NTU1NzUzNQ%3D%3D.3-ccb7-5&oh=00_AfrFy8Qdq6T17UGHLtudTWNN2P0y4ytmT9iRG0oEj_VCnQ&oe=6978A1FD&_nc_sid=22de04,None,2/4/2023 18:01,https://www.instagram.com/p/CoQhgfvv74f,CoQhgfvv74f
,,,,,
"Chal do @vale_das_luas 

@vanderli_godinho 
@elis_internaceliaca",https://scontent-atl3-3.cdninstagram.com/v/t51.29350-15/325686295_908952510224207_2154538331315834858_n.jpg?stp=dst-jpg_e35_tt6&efg=eyJ2ZW5jb2RlX3RhZyI6IkNBUk9VU0VMX0lURU0uaW1hZ2VfdXJsZ2VuLjE0NDB4MTgwMC5zZHIuZjI5MzUwLmRlZmF1bHRfaW1hZ2UuYzIifQ&_nc_ht=scontent-atl3-3.cdninstagram.com&_nc_cat=111&_nc_oc=Q6cZ2QEnqSc4bd7RWQAcLHY1lq3jz_XPWTLOrc_ct4psesSUvWIDn__S-Q7bE_jTs2yjCfg&_nc_ohc=VjpslffgZecQ7kNvwGHEJbt&_nc_gid=UxyzVy4JC6i-D0lpiovFRg&edm=APoiHPcBAAAA&ccb=7-5&ig_cache_key=MzAxNzA5NTY3NzczNDMyNjM2Mw%3D%3D.3-ccb7-5&oh=00_AfpvCcHLegetU_sXfAIcHcNyxKWNYMpDFyYhx1avIGcdIQ&oe=69788FF0&_nc_sid=22de04,None,1/16/2023 11:17,https://www.instagram.com/p/Cne4InhO438,Cne4InhO438
,,,,,
"#Repost @walter.alimura with @use.repost


#TBT 
#picodobon #arapongamg",https://scontent-atl3-1.cdninstagram.com/v/t51.29350-15/319009665_510142554478716_8745666186046519114_n.jpg?stp=dst-jpg_e35_tt6&efg=eyJ2ZW5jb2RlX3RhZyI6IkZFRUQuaW1hZ2VfdXJsZ2VuLjE0NDB4MTQ0MC5zZHIuZjI5MzUwLmRlZmF1bHRfaW1hZ2UuYzIifQ&_nc_ht=scontent-atl3-1.cdninstagram.com&_nc_cat=100&_nc_oc=Q6cZ2QEnqSc4bd7RWQAcLHY1lq3jz_XPWTLOrc_ct4psesSUvWIDn__S-Q7bE_jTs2yjCfg&_nc_ohc=58VM_2Uug1kQ7kNvwH6yUOR&_nc_gid=UxyzVy4JC6i-D0lpiovFRg&edm=APoiHPcBAAAA&ccb=7-5&ig_cache_key=Mjk4OTA0NjU3NjYxNDk2MDQ1NQ%3D%3D.3-ccb7-5&oh=00_AfrG3Xq6FBGpQSigwEmulk8jP52eo8XC7wpcPAE0PJwoJA&oe=6978B8A2&_nc_sid=22de04,None,12/8/2022 18:29,https://www.instagram.com/p/Cl7OgZYO21H,Cl7OgZYO21H
,,,,,
"#Repost @nubiaassis12 with @use.repost

Piscina natural  cachoeira

#recenseador #recenseadoribge #cachoeira #natureza #picodobone #arapongamg #happy",https://scontent-lga3-2.cdninstagram.com/v/t51.29350-15/318348988_198158929418941_4143058866481325740_n.jpg?stp=dst-jpg_e35_tt6&efg=eyJ2ZW5jb2RlX3RhZyI6IkZFRUQuaW1hZ2VfdXJsZ2VuLjE0NDB4MTA4MC5zZHIuZjI5MzUwLmRlZmF1bHRfaW1hZ2UuYzIifQ&_nc_ht=scontent-lga3-2.cdninstagram.com&_nc_cat=101&_nc_oc=Q6cZ2QGb22c3sZzl0ym-v7OA_fQiACjLmJjMSnOTwfILlKip8MUiGgovtHnFVUXEe2La3ag&_nc_ohc=Q82BQbv5n3IQ7kNvwEoOEdZ&_nc_gid=a0pRwmxKSu4_4ING7wUqTw&edm=APoiHPcBAAAA&ccb=7-5&ig_cache_key=Mjk4OTAzOTY5ODQ0MzEyODMwOQ%3D%3D.3-ccb7-5&oh=00_Afr-gPpj7QuwX0tWIcFmQdX9ThsRPcY5DnkrwEmXpymrrw&oe=6978BBA2&_nc_sid=22de04,None,12/8/2022 18:15,https://www.instagram.com/p/Cl7M8TlPk31,Cl7M8TlPk31
,,,,,
"#Repost @vale_das_luas with @use.repost

#trilha #cabana #chal #montanha #serradobrigadeiro #lareira #picodobon #valedasluas #turismo #trekking #minas #uai",https://scontent-lga3-2.cdninstagram.com/v/t51.71878-15/499592598_1753667048882168_7298794374680801713_n.jpg?stp=dst-jpg_e15_tt6&_nc_cat=101&ig_cache_key=Mjk3ODUzODM2MTcyNzUwMTAwMQ%3D%3D.3-ccb7-5&ccb=7-5&_nc_sid=58cdad&efg=eyJ2ZW5jb2RlX3RhZyI6InhwaWRzLjQ4MHg4NTQuc2RyLkMzIn0%3D&_nc_ohc=I9KYiqv5UsYQ7kNvwHXpAnG&_nc_oc=AdlVP4J-5hFzGwEL2f7cURupOMgT6BMbntKGajqPmusmzsZRPeKtvD19NVwQlznCeOQ&_nc_ad=z-m&_nc_cid=0&_nc_zt=23&_nc_ht=scontent-lga3-2.cdninstagram.com&_nc_gid=a0pRwmxKSu4_4ING7wUqTw&oh=00_AfpyxlPTNgwQBplAyDKr5KWp3oli1NkbiSQ46chTwhjGOg&oe=6978A8B0,https://scontent-lga3-1.cdninstagram.com/o1/v/t2/f2/m82/AQOWxTOa0tqWBRtzZublVuQuca20n5Dged9oJKoPzuwOCWiFTAqV_0rmMDxQ-89ZuPGShdAeIateo56m9u__Y_s5QczKdhsjoccFghA.mp4?_nc_cat=103&_nc_sid=5e9851&_nc_ht=scontent-lga3-1.cdninstagram.com&_nc_ohc=3ljLPl94NM8Q7kNvwHWKs-9&efg=eyJ2ZW5jb2RlX3RhZyI6Inhwdl9wcm9ncmVzc2l2ZS5JTlNUQUdSQU0uQ0xJUFMuQzMuNDgwLmRhc2hfYmFzZWxpbmVfMV92MSIsInhwdl9hc3NldF9pZCI6MTE4MDY0OTQwOTUxNzI3MSwiYXNzZXRfYWdlX2RheXMiOjExNTUsInZpX3VzZWNhc2VfaWQiOjEwMDk5LCJkdXJhdGlvbl9zIjo4LCJ1cmxnZW5fc291cmNlIjoid3d3In0%3D&ccb=17-1&vs=dbc1928c5254d20b&_nc_vs=HBksFQIYT2lnX3hwdl9yZWVsc19wZXJtYW5lbnRfcHJvZC80RjRGOTU3NDkzMUI5QUUyNTI1RDA0QzU1OEFGQjc5MV92aWRlb19kYXNoaW5pdC5tcDQVAALIARIAFQIYOnBhc3N0aHJvdWdoX2V2ZXJzdG9yZS9HR2plNUJMdDhwT28wSndBQU1Mdld4cGg5X0lwYnFfRUFBQUYVAgLIARIAKAAYABsCiAd1c2Vfb2lsATEScHJvZ3Jlc3NpdmVfcmVjaXBlATEVAAAmrtvEyuvymAQVAigCQzMsF0Agd0vGp--eGBJkYXNoX2Jhc2VsaW5lXzFfdjERAHX-B2XmnQEA&_nc_gid=a0pRwmxKSu4_4ING7wUqTw&_nc_zt=28&oh=00_AfoomM0CSNveonYmYwTrVT0BbC17AvsX8FoDmIuy0XNZqA&oe=6974C730,11/24/2022 6:31,https://www.instagram.com/p/ClV5NvopELJ,ClV5NvopELJ
,,,,,
"#Repost @a.carol.yoga with @use.repost

Galavasana - Posio do Mestre Galava.
Mestre da disciplina e da determinao. 
 

O ideal dessa posio  manter a perna alongada para trs. Ou, uma variao, perna vertical em relao ao solo.
Fiquei no meio termo.

Com disciplina (Tapas), determinao e auto entrega (Ishwarapranidhana) seguimos com coerncia e naturalidade!

Om Shiva  ",https://scontent-lga3-2.cdninstagram.com/v/t51.29350-15/316580509_1854820094886785_8439673843494584150_n.jpg?stp=dst-jpg_e35_tt6&efg=eyJ2ZW5jb2RlX3RhZyI6IkZFRUQuaW1hZ2VfdXJsZ2VuLjE0NDB4MTQ0MC5zZHIuZjI5MzUwLmRlZmF1bHRfaW1hZ2UuYzIifQ&_nc_ht=scontent-lga3-2.cdninstagram.com&_nc_cat=105&_nc_oc=Q6cZ2QGb22c3sZzl0ym-v7OA_fQiACjLmJjMSnOTwfILlKip8MUiGgovtHnFVUXEe2La3ag&_nc_ohc=o5I_Dv3wP-YQ7kNvwFbNkOy&_nc_gid=a0pRwmxKSu4_4ING7wUqTw&edm=APoiHPcBAAAA&ccb=7-5&ig_cache_key=Mjk3NzA2MjAyODAxNjQzNzkzMg%3D%3D.3-ccb7-5&oh=00_Afq7z0QAR3b1_gqI0Sv357O7A0xliTao61YP4B7CdpkT9g&oe=6978AB0A&_nc_sid=22de04,None,11/22/2022 5:37,https://www.instagram.com/p/ClQpiQuOUqs,ClQpiQuOUqs
,,,,,
"#Repost @vale_das_luas with @use.repost

#sextou 



Informaes e reservas pelo whatsapp 31 9 8267.0103

#triharder #trilha #chale #uai #minas #turismo #alugueltemporada #fimdesemana #valedasluas #serradobrigadeiro #picodobon #ecologie",https://scontent-lga3-3.cdninstagram.com/v/t51.29350-15/316178060_411208351093006_3028723563809273319_n.jpg?stp=dst-jpg_e35_tt6&efg=eyJ2ZW5jb2RlX3RhZyI6IkZFRUQuaW1hZ2VfdXJsZ2VuLjE0NDB4MTQ0MC5zZHIuZjI5MzUwLmRlZmF1bHRfaW1hZ2UuYzIifQ&_nc_ht=scontent-lga3-3.cdninstagram.com&_nc_cat=110&_nc_oc=Q6cZ2QGb22c3sZzl0ym-v7OA_fQiACjLmJjMSnOTwfILlKip8MUiGgovtHnFVUXEe2La3ag&_nc_ohc=pDZjRgOoB_8Q7kNvwH-9_0e&_nc_gid=a0pRwmxKSu4_4ING7wUqTw&edm=APoiHPcBAAAA&ccb=7-5&ig_cache_key=Mjk3NDIzMzk3NzU4MjgwMjQwOA%3D%3D.3-ccb7-5&oh=00_Afr5rnUTlsJO7vjlQb-LxtOLIZGQVHY1OZAgOqYVKiYVXg&oe=6978C512&_nc_sid=22de04,None,11/18/2022 7:59,https://www.instagram.com/p/ClGmgtguFXo,ClGmgtguFXo
,,,,,
"#Repost @vale_das_luas with @use.repost



Mais informaes pelo tel ( 31) 9 8982 9129 
@universointeriorterapias 

#minasgerais #terapia #retiroespiritual #retiro #chal #montanha #vivenciaespiritual #namaste #serradobrigadeiro #picodobon #trilha",https://scontent-lga3-2.cdninstagram.com/v/t51.71878-15/497504626_983084323648525_6023128723044044142_n.jpg?stp=dst-jpg_e15_tt6&_nc_cat=105&ig_cache_key=Mjk3MzA3ODUxNTI2NTU0NjM3Nw%3D%3D.3-ccb7-5&ccb=7-5&_nc_sid=58cdad&efg=eyJ2ZW5jb2RlX3RhZyI6InhwaWRzLjQ4MHg4NTQuc2RyLkMzIn0%3D&_nc_ohc=KP5UCD49VhAQ7kNvwE9Ote6&_nc_oc=AdnRMMYS5jCXDNgQGcu20VIVAKQzVEEfa7fFNY7Y1upzyC5Mei9LQGvH5NnobdhlutE&_nc_ad=z-m&_nc_cid=0&_nc_zt=23&_nc_ht=scontent-lga3-2.cdninstagram.com&_nc_gid=a0pRwmxKSu4_4ING7wUqTw&oh=00_AfpPB5jBt0uCWchNiOCCCObBD-1VlobMd_DnQY0-hhgeiA&oe=6978AFEA,https://scontent-lga3-1.cdninstagram.com/o1/v/t2/f2/m82/AQM9XOjICH3TjpGBN4m16aw8wo1qm9_hiqFEl0ZCgN5cKyPxrUXWrifDT5Hbpy8J10Wz8kEaGLX9XJRRdBQFJqdo31g_0a71m11_Uj0.mp4?_nc_cat=103&_nc_sid=5e9851&_nc_ht=scontent-lga3-1.cdninstagram.com&_nc_ohc=OtoByNXZqiIQ7kNvwEckmuL&efg=eyJ2ZW5jb2RlX3RhZyI6Inhwdl9wcm9ncmVzc2l2ZS5JTlNUQUdSQU0uQ0xJUFMuQzMuNDgwLmRhc2hfYmFzZWxpbmVfMV92MSIsInhwdl9hc3NldF9pZCI6NDgzMjM1NTMzNjMzNDA5LCJhc3NldF9hZ2VfZGF5cyI6MTE2MywidmlfdXNlY2FzZV9pZCI6MTAwOTksImR1cmF0aW9uX3MiOjU1LCJ1cmxnZW5fc291cmNlIjoid3d3In0%3D&ccb=17-1&_nc_gid=a0pRwmxKSu4_4ING7wUqTw&_nc_zt=28&vs=d313ea0a0354a97b&_nc_vs=HBksFQIYT2lnX3hwdl9yZWVsc19wZXJtYW5lbnRfcHJvZC8yQTRFNUIwRTQ3OEQwMTMxQ0I2NEFGNUY5MzRBMDk4RF92aWRlb19kYXNoaW5pdC5tcDQVAALIARIAFQIYOnBhc3N0aHJvdWdoX2V2ZXJzdG9yZS9HQmtiMXhKS3RtYUJNc3dCQVBacEdzRFNnZDFHYnFfRUFBQUYVAgLIARIAKAAYABsCiAd1c2Vfb2lsATEScHJvZ3Jlc3NpdmVfcmVjaXBlATEVAAAmgt6ZpYHg2wEVAigCQzMsF0BL1T987ZFoGBJkYXNoX2Jhc2VsaW5lXzFfdjERAHX-B2XmnQEA&oh=00_AfobJ94nc3P0p0mGXTIL9REWXMih5ep-jKtch7Bkgt_gQQ&oe=6974C4D4,11/16/2022 17:44,https://www.instagram.com/p/ClCfyhXv6iJ,ClCfyhXv6iJ
,,,,,
"#Repost @meireles8216 with @use.repost

Seja sempre alegre.Nunca  deixe de ORAR.  1 tessalonicenses 5:16-17",https://scontent-lga3-2.cdninstagram.com/v/t51.29350-15/315224588_1132619397642885_927509286213926500_n.jpg?stp=dst-jpg_e35_tt6&efg=eyJ2ZW5jb2RlX3RhZyI6IkZFRUQuaW1hZ2VfdXJsZ2VuLjEzMDF4MTMwMS5zZHIuZjI5MzUwLmRlZmF1bHRfaW1hZ2UuYzIifQ&_nc_ht=scontent-lga3-2.cdninstagram.com&_nc_cat=109&_nc_oc=Q6cZ2QGb22c3sZzl0ym-v7OA_fQiACjLmJjMSnOTwfILlKip8MUiGgovtHnFVUXEe2La3ag&_nc_ohc=gsASjckASuUQ7kNvwEmCT8y&_nc_gid=a0pRwmxKSu4_4ING7wUqTw&edm=APoiHPcBAAAA&ccb=7-5&ig_cache_key=Mjk3MjA5NTU3MDM5MjA1Nzk1NA%3D%3D.3-ccb7-5&oh=00_Afqk4x09fpAkTAerAwTZ2r7xFFUJJBvkhFZ3R-LL6zm5Ig&oe=6978BA4F&_nc_sid=22de04,None,11/15/2022 9:10,https://www.instagram.com/p/Ck_ASynuwhi,Ck_ASynuwhi
,,,,,
"Conhea o Parque Estadual Serra do Brigadeiro.

Trilhas, cachoeiras e muita natureza.",https://scontent-lga3-2.cdninstagram.com/v/t51.71878-15/501564609_1395147948188594_3963377537223751756_n.jpg?stp=dst-jpg_e15_tt6&_nc_cat=100&ig_cache_key=Mjk3MDg3MDM3MzE0ODMxMTA3Mw%3D%3D.3-ccb7-5&ccb=7-5&_nc_sid=58cdad&efg=eyJ2ZW5jb2RlX3RhZyI6InhwaWRzLjcyMHgxMjgwLnNkci5DMyJ9&_nc_ohc=q8u7Ih0yB0kQ7kNvwHw8k-Q&_nc_oc=AdklToKECuDy6NMgOMOQHwZ2nvsRFCtAPuD3eAAZDXJlVRQkYatrK0rsftIJRE_NbXE&_nc_ad=z-m&_nc_cid=0&_nc_zt=23&_nc_ht=scontent-lga3-2.cdninstagram.com&_nc_gid=a0pRwmxKSu4_4ING7wUqTw&oh=00_AfrFe_70pL-Vv_ZSrBHHHoXub48BW1-CLiu6OLQr6OsVrA&oe=6978AA02,https://scontent-lga3-3.cdninstagram.com/o1/v/t2/f2/m82/AQNxzZS7lPsJtyt9JK3gVs9IE15-ILHXar9MqmOXN35ectUDqAOwnMMnVvz38aJJ1KWfjPs9yhNoCb4bewFoqM_yUY4Py6BDPFgZ6DU.mp4?_nc_cat=104&_nc_sid=5e9851&_nc_ht=scontent-lga3-3.cdninstagram.com&_nc_ohc=AhbAe2kgEyIQ7kNvwElkVfy&efg=eyJ2ZW5jb2RlX3RhZyI6Inhwdl9wcm9ncmVzc2l2ZS5JTlNUQUdSQU0uQ0xJUFMuQzMuNzIwLmRhc2hfYmFzZWxpbmVfMV92MSIsInhwdl9hc3NldF9pZCI6ODQ2MzA1MTE5NzM5NTQ5LCJhc3NldF9hZ2VfZGF5cyI6MTE2NiwidmlfdXNlY2FzZV9pZCI6MTAwOTksImR1cmF0aW9uX3MiOjE2LCJ1cmxnZW5fc291cmNlIjoid3d3In0%3D&ccb=17-1&_nc_gid=a0pRwmxKSu4_4ING7wUqTw&_nc_zt=28&vs=5d6889af7310eec6&_nc_vs=HBksFQIYT2lnX3hwdl9yZWVsc19wZXJtYW5lbnRfcHJvZC82NDRENTg3Mjk5N0EyNDA4RDE1RjE0MTE3QTc1QTc4Nl92aWRlb19kYXNoaW5pdC5tcDQVAALIARIAFQIYOnBhc3N0aHJvdWdoX2V2ZXJzdG9yZS9HSHVQMFJJaklLNlJSZ0lNQUZPSGIwNzVjVnRsYnFfRUFBQUYVAgLIARIAKAAYABsCiAd1c2Vfb2lsATEScHJvZ3Jlc3NpdmVfcmVjaXBlATEVAAAmuvrEwLjtgAMVAigCQzMsF0AwEOVgQYk3GBJkYXNoX2Jhc2VsaW5lXzFfdjERAHX-B2XmnQEA&oh=00_Afq3Gfnu2DoT1_PPuoaJKV7dzSuXKv0cF_Z39qHz_kIVPw&oe=6974AD39,11/13/2022 16:36,https://www.instagram.com/p/Ck6pt0xPL4h,Ck6pt0xPL4h
,,,,,
"#Repost @vale_das_luas with @use.repost

Bom dia  

Nossa vista do chal 5. 

Informaes e reservas pelo whatsapp 31 9 8267.0103



#valedasluas #picodobon #serradobrigadeiro #araponga #minas #uai #trilha #cachoeira #turismo #viral",https://scontent-lga3-3.cdninstagram.com/v/t51.29350-15/314810360_424889973164480_6213955664069725899_n.jpg?stp=dst-jpg_e35_tt6&efg=eyJ2ZW5jb2RlX3RhZyI6IkZFRUQuaW1hZ2VfdXJsZ2VuLjE0NDB4MTQ0MC5zZHIuZjI5MzUwLmRlZmF1bHRfaW1hZ2UuYzIifQ&_nc_ht=scontent-lga3-3.cdninstagram.com&_nc_cat=108&_nc_oc=Q6cZ2QGb22c3sZzl0ym-v7OA_fQiACjLmJjMSnOTwfILlKip8MUiGgovtHnFVUXEe2La3ag&_nc_ohc=8oJaYtZVUy8Q7kNvwHCKBr2&_nc_gid=a0pRwmxKSu4_4ING7wUqTw&edm=APoiHPcBAAAA&ccb=7-5&ig_cache_key=Mjk2NzY2Mzg5OTMzNjc4Mjc3NQ%3D%3D.3-ccb7-5&oh=00_Afpr-LlvKzQjpbqkC7a2UiWnkPOK7vvrigaiEFTHcfLDBA&oe=6978C4C7&_nc_sid=22de04,None,11/9/2022 6:25,https://www.instagram.com/p/CkvQpfUuDO3,CkvQpfUuDO3
,,,,,
"#Repost @vale_das_luas with @use.repost

Amanhecer no pico do bon 



Informaes e reservas pelo whatsapp 31 9 8267.0103

#picodobon #valedasluas #serradobrigadeiro #minas #uai #brasil #trilha #cachoeira #matasdeminas #turismo",https://scontent-lga3-1.cdninstagram.com/v/t51.29350-15/314512260_872867480555867_2742060883393920658_n.jpg?stp=dst-jpg_e35_tt6&efg=eyJ2ZW5jb2RlX3RhZyI6IkZFRUQuaW1hZ2VfdXJsZ2VuLjE0NDB4MTQ0MC5zZHIuZjI5MzUwLmRlZmF1bHRfaW1hZ2UuYzIifQ&_nc_ht=scontent-lga3-1.cdninstagram.com&_nc_cat=111&_nc_oc=Q6cZ2QGb22c3sZzl0ym-v7OA_fQiACjLmJjMSnOTwfILlKip8MUiGgovtHnFVUXEe2La3ag&_nc_ohc=u9W5VBGLYAUQ7kNvwGq8_ay&_nc_gid=a0pRwmxKSu4_4ING7wUqTw&edm=APoiHPcBAAAA&ccb=7-5&ig_cache_key=Mjk2NjMxNjY3ODc4Mzc0NzU0OA%3D%3D.3-ccb7-5&oh=00_AfoHOSIUTsStmai7suGjZL72KLL40e5s48WYewpfnDm36A&oe=69789110&_nc_sid=22de04,None,11/7/2022 9:48,https://www.instagram.com/p/CkqeU2aOMXc,CkqeU2aOMXc
,,,,,
"#Repost gabiglana with @use.repost

De um outro dia a! 
.
#nature #picodobon #trilha #tbt",https://scontent-lga3-2.cdninstagram.com/v/t51.29350-15/314295675_1553356851784657_8576028749159586477_n.jpg?stp=dst-jpg_e35_tt6&efg=eyJ2ZW5jb2RlX3RhZyI6IkZFRUQuaW1hZ2VfdXJsZ2VuLjE0NDB4MTQ0MC5zZHIuZjI5MzUwLmRlZmF1bHRfaW1hZ2UuYzIifQ&_nc_ht=scontent-lga3-2.cdninstagram.com&_nc_cat=101&_nc_oc=Q6cZ2QGb22c3sZzl0ym-v7OA_fQiACjLmJjMSnOTwfILlKip8MUiGgovtHnFVUXEe2La3ag&_nc_ohc=xt1VIuiNCSkQ7kNvwEJ8qzk&_nc_gid=a0pRwmxKSu4_4ING7wUqTw&edm=APoiHPcBAAAA&ccb=7-5&ig_cache_key=Mjk2NTQ4NzU2MDk2NjIzNDM4OQ%3D%3D.3-ccb7-5&oh=00_Afqt-2QuCUxULEJGdbDGJGRhAEBcfb1KYvPZavBFj3FIrA&oe=6978A46A&_nc_sid=22de04,None,11/6/2022 6:21,https://www.instagram.com/p/CknhzmRO2EV,CknhzmRO2EV
,,,,,
"#Repost @pedrozaa_aline with @use.repost

Perto da natureza agente  mais feliz ! 

.
.
.
.
.
@arapongamg @cafenaserra @serradobrigadeiro @picodobone.oficial #parqueestadualserradobrigadeiro
 #turismo #turismoecologico #trilhas #cachoeiras
#nature  #natureza #minasgerias #brasil #naturezaperfeita #lugaresdeminas
#paisagem #serrasgerais #cafenaserra #serradobrigadeiro #arapongaseregio #arapongamg #reelslovers #s #reelsviral #instagramreels #videos #videoreels #insta  #alegra  #alegriacompartilhada",https://scontent-ord5-3.cdninstagram.com/v/t51.71878-15/491455872_2126511874479176_6486039149509710609_n.jpg?stp=dst-jpg_e15_tt6&_nc_cat=106&ig_cache_key=Mjk1OTk1MDcyMTAyMTYyMjI2Nw%3D%3D.3-ccb7-5&ccb=7-5&_nc_sid=58cdad&efg=eyJ2ZW5jb2RlX3RhZyI6InhwaWRzLjcyMHgxMjgwLnNkci5DMyJ9&_nc_ohc=_jm74-F4AfwQ7kNvwGlk9op&_nc_oc=Adm5IU86Zl3-1ehf0lkr5RVYSYvWb0HY_HxYWlWUVo4HB_ea2cqkdB0PsQlvuUR-i_Q&_nc_ad=z-m&_nc_cid=0&_nc_zt=23&_nc_ht=scontent-ord5-3.cdninstagram.com&_nc_gid=SNoPb_w_jWmQ_H-1Dqi9ZQ&oh=00_Afp05BltUAvygMB7Dn8JPEM-KueAgFwVkfpmZYkPvEQekg&oe=6978C399,https://scontent-ord5-2.cdninstagram.com/o1/v/t2/f2/m82/AQNRR5wjvULruQ_6pzRlNoYkSJw42vG9I4ymEL-4zlJ-pfnEn52JKRjwC48e2-CqOY8aIlIDD3bBK51wy4NT617KCTM2QzJL2q5YwIg.mp4?_nc_cat=104&_nc_sid=5e9851&_nc_ht=scontent-ord5-2.cdninstagram.com&_nc_ohc=UgInlzNWbWIQ7kNvwHoRpGL&efg=eyJ2ZW5jb2RlX3RhZyI6Inhwdl9wcm9ncmVzc2l2ZS5JTlNUQUdSQU0uQ0xJUFMuQzMuNzIwLmRhc2hfYmFzZWxpbmVfMV92MSIsInhwdl9hc3NldF9pZCI6MTUxMzM1OTI2NTc5NDQ0MywiYXNzZXRfYWdlX2RheXMiOjExODEsInZpX3VzZWNhc2VfaWQiOjEwMDk5LCJkdXJhdGlvbl9zIjo2LCJ1cmxnZW5fc291cmNlIjoid3d3In0%3D&ccb=17-1&_nc_gid=SNoPb_w_jWmQ_H-1Dqi9ZQ&_nc_zt=28&vs=3cd341f8181a55e9&_nc_vs=HBksFQIYT2lnX3hwdl9yZWVsc19wZXJtYW5lbnRfcHJvZC81NDRDOEU2RDM3MDQyNUE1QTRGQUNBQ0M2QTM0MTNBNV92aWRlb19kYXNoaW5pdC5tcDQVAALIARIAFQIYOnBhc3N0aHJvdWdoX2V2ZXJzdG9yZS9HTGdVc0JMXzRISld2bGNDQUdvTlVfb0R3Mko2YnFfRUFBQUYVAgLIARIAKAAYABsCiAd1c2Vfb2lsATEScHJvZ3Jlc3NpdmVfcmVjaXBlATEVAAAmlqakl42ZsAUVAigCQzMsF0AbVP3ztkWiGBJkYXNoX2Jhc2VsaW5lXzFfdjERAHX-B2XmnQEA&oh=00_AfogFjulgg4-OG6FFD0Vls_pNVsWJ6LGrJvugAgNrny1SQ&oe=6974CA71,10/29/2022 16:00,https://www.instagram.com/p/CkT23-PJ7f7,CkT23-PJ7f7
,,,,,
"#Repost @gisele2239 with @use.repost

#picodobone #mulheresnatrilha 
#montanhas #minasgerais
Sobre cada montanha existe um caminho, embora no possa ser visto do vale
Theodore Roethke",https://scontent-ord5-1.cdninstagram.com/v/t51.29350-15/313038013_630830715401780_3960980068794589629_n.jpg?stp=dst-jpg_e35_tt6&efg=eyJ2ZW5jb2RlX3RhZyI6IkZFRUQuaW1hZ2VfdXJsZ2VuLjE0NDB4MTc5OS5zZHIuZjI5MzUwLmRlZmF1bHRfaW1hZ2UuYzIifQ&_nc_ht=scontent-ord5-1.cdninstagram.com&_nc_cat=108&_nc_oc=Q6cZ2QHlKBS7XgMX9HBZBEkhiBd8w8hKmGuFTAH3iy2dSuCUHA3ZI1rkkoq-Ek5RXpXVkp4&_nc_ohc=feKBluvJVlUQ7kNvwHborQ0&_nc_gid=SNoPb_w_jWmQ_H-1Dqi9ZQ&edm=APoiHPcBAAAA&ccb=7-5&ig_cache_key=Mjk1OTY3MTI5Mzc4OTI4ODczNQ%3D%3D.3-ccb7-5&oh=00_AfqmKCzXM-iIp73Lsv3H5RgVItRHEmvnp93i9cb2BdTzYA&oe=69789121&_nc_sid=22de04,None,10/29/2022 6:45,https://www.instagram.com/p/CkS3VxWOzkf,CkS3VxWOzkf
,,,,,
#Repost @alinevalentte with @use.repost,https://scontent-ord5-3.cdninstagram.com/v/t51.29350-15/312803965_1767842806917906_1837682130359961803_n.jpg?stp=dst-jpg_e35_tt6&efg=eyJ2ZW5jb2RlX3RhZyI6IkZFRUQuaW1hZ2VfdXJsZ2VuLjE0NDB4MTgwMC5zZHIuZjI5MzUwLmRlZmF1bHRfaW1hZ2UuYzIifQ&_nc_ht=scontent-ord5-3.cdninstagram.com&_nc_cat=106&_nc_oc=Q6cZ2QHlKBS7XgMX9HBZBEkhiBd8w8hKmGuFTAH3iy2dSuCUHA3ZI1rkkoq-Ek5RXpXVkp4&_nc_ohc=94MoQniGH9YQ7kNvwGKH62e&_nc_gid=SNoPb_w_jWmQ_H-1Dqi9ZQ&edm=APoiHPcBAAAA&ccb=7-5&ig_cache_key=Mjk1ODIwOTY5NDAyMDg5NTMwNA%3D%3D.3-ccb7-5&oh=00_Afr2gxUizYDep8Rlzlavj2Z6mgfpsyj_mqSAYB6b7csTMw&oe=6978AB05&_nc_sid=22de04,None,10/27/2022 6:21,https://www.instagram.com/p/CkNrAsfO4JI,CkNrAsfO4JI
,,,,,
"#Repost @dudand with @use.repost

um findi muito bom ",https://scontent-ord5-3.cdninstagram.com/v/t51.29350-15/312634523_126555713344422_8862453422213932081_n.jpg?stp=dst-jpg_e35_tt6&efg=eyJ2ZW5jb2RlX3RhZyI6IkZFRUQuaW1hZ2VfdXJsZ2VuLjE0NDB4MTgwMC5zZHIuZjI5MzUwLmRlZmF1bHRfaW1hZ2UuYzIifQ&_nc_ht=scontent-ord5-3.cdninstagram.com&_nc_cat=106&_nc_oc=Q6cZ2QHlKBS7XgMX9HBZBEkhiBd8w8hKmGuFTAH3iy2dSuCUHA3ZI1rkkoq-Ek5RXpXVkp4&_nc_ohc=QDMCUccuqmAQ7kNvwG8JBQs&_nc_gid=SNoPb_w_jWmQ_H-1Dqi9ZQ&edm=APoiHPcBAAAA&ccb=7-5&ig_cache_key=Mjk1NzQ2MDUwNDkzMjA2NDY1Mw%3D%3D.3-ccb7-5&oh=00_AfrSoJbTsNBneox39tdK4G61ra-Gz60TZ7iPT0kKbzgBSw&oe=69789471&_nc_sid=22de04,None,10/26/2022 5:33,https://www.instagram.com/p/CkLAqjxuR2N,CkLAqjxuR2N
,,,,,
"#Repost @alinevalentte with @use.repost

Paz",https://scontent-ord5-2.cdninstagram.com/v/t51.29350-15/312661547_1991465397714230_6886906690446504885_n.jpg?stp=dst-jpg_e35_tt6&efg=eyJ2ZW5jb2RlX3RhZyI6IkZFRUQuaW1hZ2VfdXJsZ2VuLjE0NDB4MTQ0MC5zZHIuZjI5MzUwLmRlZmF1bHRfaW1hZ2UuYzIifQ&_nc_ht=scontent-ord5-2.cdninstagram.com&_nc_cat=102&_nc_oc=Q6cZ2QHlKBS7XgMX9HBZBEkhiBd8w8hKmGuFTAH3iy2dSuCUHA3ZI1rkkoq-Ek5RXpXVkp4&_nc_ohc=uHk9ab_MhRIQ7kNvwFO5UO6&_nc_gid=SNoPb_w_jWmQ_H-1Dqi9ZQ&edm=APoiHPcBAAAA&ccb=7-5&ig_cache_key=Mjk1Njc2MTM1OTQ5MzgyMjcyMA%3D%3D.3-ccb7-5&oh=00_AfrcSuPiJEwyQnRhVYzBWo9EmIQrK573hxRLxMpuRlUwFQ&oe=6978C1F3&_nc_sid=22de04,None,10/25/2022 6:24,https://www.instagram.com/p/CkIhsp2OvkA,CkIhsp2OvkA
,,,,,
"#Repost @carla_ffreitas with @use.repost

Outside 
.
.
#trail #nature #picodobone #workoutoutside #okar",https://scontent-ord5-3.cdninstagram.com/v/t51.29350-15/312796741_522533322637245_8866030238655375025_n.jpg?stp=dst-jpg_e35_tt6&efg=eyJ2ZW5jb2RlX3RhZyI6IkZFRUQuaW1hZ2VfdXJsZ2VuLjE0NDB4OTYwLnNkci5mMjkzNTAuZGVmYXVsdF9pbWFnZS5jMiJ9&_nc_ht=scontent-ord5-3.cdninstagram.com&_nc_cat=109&_nc_oc=Q6cZ2QHlKBS7XgMX9HBZBEkhiBd8w8hKmGuFTAH3iy2dSuCUHA3ZI1rkkoq-Ek5RXpXVkp4&_nc_ohc=BQDm_TDt6yEQ7kNvwERPcZQ&_nc_gid=SNoPb_w_jWmQ_H-1Dqi9ZQ&edm=APoiHPcBAAAA&ccb=7-5&ig_cache_key=Mjk1Njc0NzQ0NTc5NjE5ODAxMg%3D%3D.3-ccb7-5&oh=00_Afq5VuO8CMV2csLxALJCG3hfgM3wsk06j0Muo2JH-0QibQ&oe=6978B42B&_nc_sid=22de04,None,10/25/2022 5:56,https://www.instagram.com/p/CkIeiLtOdZ8,CkIeiLtOdZ8
,,,,,
"#Repost @vale_das_luas with @use.repost



Informaes e reservas pelo whatsapp 31 9 8267.0103

Foto @daniel_bhz 

#serradobrigadeiro #picodobon #valedasluas #trilha #trekbikes #montanha #minas #estrellas",https://scontent-ord5-2.cdninstagram.com/v/t51.29350-15/312479213_2915811782060019_8204295064603743689_n.jpg?stp=dst-jpg_e35_tt6&efg=eyJ2ZW5jb2RlX3RhZyI6IkZFRUQuaW1hZ2VfdXJsZ2VuLjE0NDB4OTYwLnNkci5mMjkzNTAuZGVmYXVsdF9pbWFnZS5jMiJ9&_nc_ht=scontent-ord5-2.cdninstagram.com&_nc_cat=103&_nc_oc=Q6cZ2QHlKBS7XgMX9HBZBEkhiBd8w8hKmGuFTAH3iy2dSuCUHA3ZI1rkkoq-Ek5RXpXVkp4&_nc_ohc=aQwG2WCiIFEQ7kNvwGziGY_&_nc_gid=SNoPb_w_jWmQ_H-1Dqi9ZQ&edm=APoiHPcBAAAA&ccb=7-5&ig_cache_key=Mjk1NjQwNDE4MTQyMzc0NzcwOQ%3D%3D.3-ccb7-5&oh=00_AfqpZalLgU93Ff-hF1enhxTVa9kCA5dHLYfYZWupf4FKNw&oe=6978A783&_nc_sid=22de04,None,10/24/2022 18:34,https://www.instagram.com/p/CkHQfB2PfJ9,CkHQfB2PfJ9
,,,,,
"#Repost @alicegomess with @use.repost

Pico do Bon ",https://scontent-ord5-3.cdninstagram.com/v/t51.29350-15/312564775_621524589710217_7946858323067938670_n.jpg?stp=dst-jpg_e35_tt6&efg=eyJ2ZW5jb2RlX3RhZyI6IkZFRUQuaW1hZ2VfdXJsZ2VuLjE0NDB4MTc5OS5zZHIuZjI5MzUwLmRlZmF1bHRfaW1hZ2UuYzIifQ&_nc_ht=scontent-ord5-3.cdninstagram.com&_nc_cat=109&_nc_oc=Q6cZ2QHlKBS7XgMX9HBZBEkhiBd8w8hKmGuFTAH3iy2dSuCUHA3ZI1rkkoq-Ek5RXpXVkp4&_nc_ohc=gugB0m9tB0IQ7kNvwFPTs48&_nc_gid=SNoPb_w_jWmQ_H-1Dqi9ZQ&edm=APoiHPcBAAAA&ccb=7-5&ig_cache_key=Mjk1NjE4Mjk2MzQzNzA2OTY1OQ%3D%3D.3-ccb7-5&oh=00_AfpXvFYCqfJ1gtokietBu8ac_S1QZWtiAPE-Dc_7_iHLqQ&oe=697896AA&_nc_sid=22de04,None,10/24/2022 11:14,https://www.instagram.com/p/CkGeL4iumVb,CkGeL4iumVb
,,,,,
"#Repost @amorimwallace2 with @use.repost

vivendo longe, longe de mta coisa, e cada vez mais perto de mim",https://scontent-ord5-2.cdninstagram.com/v/t51.29350-15/310111293_951445805831390_7985773284930445500_n.jpg?stp=dst-jpg_e35_tt6&efg=eyJ2ZW5jb2RlX3RhZyI6IkZFRUQuaW1hZ2VfdXJsZ2VuLjE0NDB4MTgwMC5zZHIuZjI5MzUwLmRlZmF1bHRfaW1hZ2UuYzIifQ&_nc_ht=scontent-ord5-2.cdninstagram.com&_nc_cat=102&_nc_oc=Q6cZ2QHlKBS7XgMX9HBZBEkhiBd8w8hKmGuFTAH3iy2dSuCUHA3ZI1rkkoq-Ek5RXpXVkp4&_nc_ohc=ZhKjd4plgw0Q7kNvwGTXvPp&_nc_gid=SNoPb_w_jWmQ_H-1Dqi9ZQ&edm=APoiHPcBAAAA&ccb=7-5&ig_cache_key=Mjk1NjAxNDk0MTU1NjQ5Mjc3OQ%3D%3D.3-ccb7-5&oh=00_AfqQHFt2QSOYpUVo1q-MWg6kAptMaTODiYaPLNDxss8dUg&oe=6978B56D&_nc_sid=22de04,None,10/24/2022 5:41,https://www.instagram.com/p/CkF3-1-OMnr,CkF3-1-OMnr
,,,,,
"#Repost @adv.lucashuds with @use.repost

Mais alguns registros da nossa subida ao Pico do Bon, que fica no Parque Estadual da Serra do Brigadeiro ",https://scontent-ord5-3.cdninstagram.com/v/t51.29350-15/312358540_494925255882501_3824443734450076205_n.jpg?stp=dst-jpg_e35_tt6&efg=eyJ2ZW5jb2RlX3RhZyI6IkZFRUQuaW1hZ2VfdXJsZ2VuLjE0NDB4MTU3Ni5zZHIuZjI5MzUwLmRlZmF1bHRfaW1hZ2UuYzIifQ&_nc_ht=scontent-ord5-3.cdninstagram.com&_nc_cat=109&_nc_oc=Q6cZ2QHlKBS7XgMX9HBZBEkhiBd8w8hKmGuFTAH3iy2dSuCUHA3ZI1rkkoq-Ek5RXpXVkp4&_nc_ohc=D0RfK90RX6AQ7kNvwGt_xAO&_nc_gid=SNoPb_w_jWmQ_H-1Dqi9ZQ&edm=APoiHPcBAAAA&ccb=7-5&ig_cache_key=Mjk1NjAxNDU2ODc0MTYyODU4Nw%3D%3D.3-ccb7-5&oh=00_Afo6kn5ujO4FReJ0s8aRhuEi-nupNFmSGkGDD6yLOk3iQA&oe=6978B69E&_nc_sid=22de04,None,10/24/2022 5:40,https://www.instagram.com/p/CkF35awuWqr,CkF35awuWqr
,,,,,
"#Repost @sampaioananda with @use.repost

Criando novas memrias e histrias nesse lugar maravilhoso 
.
#picodobone #friends #boasrisadas",https://scontent-ord5-3.cdninstagram.com/v/t51.29350-15/312243454_1052003315494788_2821777201009391952_n.jpg?stp=dst-jpg_e35_tt6&efg=eyJ2ZW5jb2RlX3RhZyI6IkZFRUQuaW1hZ2VfdXJsZ2VuLjE0NDB4MTQ0MC5zZHIuZjI5MzUwLmRlZmF1bHRfaW1hZ2UuYzIifQ&_nc_ht=scontent-ord5-3.cdninstagram.com&_nc_cat=100&_nc_oc=Q6cZ2QH2bM8ccoDunyw6vK1me0sZ4r2yf9ZUg2hh-ALDNfQ23R9d2q4BLhlI-wb6BAlRgH0&_nc_ohc=4Gjy9BLu--cQ7kNvwFHpr3B&_nc_gid=P6hBq0G-kxxIVpukRhMVLQ&edm=APoiHPcBAAAA&ccb=7-5&ig_cache_key=Mjk1NTM0MzQxMTI2NDcyNDcxNw%3D%3D.3-ccb7-5&oh=00_AfpOYZA4zbSs-fUCPYsJSjZO_kEN_4GDY_acKNtqrcgkeg&oe=6978B953&_nc_sid=22de04,None,10/23/2022 7:26,https://www.instagram.com/p/CkDfSypuZ7t,CkDfSypuZ7t
,,,,,
"#Repost @vale_das_luas with @use.repost

Belezas que voc encontra aqui no Vale das luas.



Agende sua reserva pelo WhatsApp (31)9.8267-0103

#valedasluas #serradobrigadeiro #picodobon #trekking  #trilha",https://scontent-ord5-3.cdninstagram.com/v/t51.29350-15/312284249_808221837063402_4527437903342149135_n.jpg?stp=dst-jpg_e35_tt6&efg=eyJ2ZW5jb2RlX3RhZyI6IkZFRUQuaW1hZ2VfdXJsZ2VuLjE0NDB4MTQ0MC5zZHIuZjI5MzUwLmRlZmF1bHRfaW1hZ2UuYzIifQ&_nc_ht=scontent-ord5-3.cdninstagram.com&_nc_cat=106&_nc_oc=Q6cZ2QH2bM8ccoDunyw6vK1me0sZ4r2yf9ZUg2hh-ALDNfQ23R9d2q4BLhlI-wb6BAlRgH0&_nc_ohc=4TviUu4pXqUQ7kNvwFB3qjK&_nc_gid=P6hBq0G-kxxIVpukRhMVLQ&edm=APoiHPcBAAAA&ccb=7-5&ig_cache_key=Mjk1NDAyNDk0MTQyNDE5NzQ2OA%3D%3D.3-ccb7-5&oh=00_AfrOiZPhIT5xeCd1u8zqMuMaQfbNDMTfy75Wi2z44gLJKQ&oe=6978A367&_nc_sid=22de04,None,10/21/2022 11:47,https://www.instagram.com/p/Cj-zgh7O79c,Cj-zgh7O79c
,,,,,
#Repost @barbarapaula11 with @use.repost,https://scontent-ord5-1.cdninstagram.com/v/t51.29350-15/312021857_1808096562859631_5984651508085366817_n.jpg?stp=dst-jpg_e35_tt6&efg=eyJ2ZW5jb2RlX3RhZyI6IkZFRUQuaW1hZ2VfdXJsZ2VuLjE0NDB4MTgwMC5zZHIuZjI5MzUwLmRlZmF1bHRfaW1hZ2UuYzIifQ&_nc_ht=scontent-ord5-1.cdninstagram.com&_nc_cat=111&_nc_oc=Q6cZ2QH2bM8ccoDunyw6vK1me0sZ4r2yf9ZUg2hh-ALDNfQ23R9d2q4BLhlI-wb6BAlRgH0&_nc_ohc=8l7xDHNjY7sQ7kNvwFxOvU6&_nc_gid=P6hBq0G-kxxIVpukRhMVLQ&edm=APoiHPcBAAAA&ccb=7-5&ig_cache_key=Mjk1MTI2NDQ2Njc1NjM5MDg5Mw%3D%3D.3-ccb7-5&oh=00_AfpSlFQe_RNstwhJCpEJK4y9OxHcDSkYx1T2J27yQG2X3w&oe=69789B6D&_nc_sid=22de04,None,10/17/2022 16:22,https://www.instagram.com/p/Cj0_2VjP0_t,Cj0_2VjP0_t
,,,,,
"#Repost juceliachristo with @use.repost

Perfeito lugar!!!",https://scontent-ord5-3.cdninstagram.com/v/t51.29350-15/311526252_5784421554935676_5510192274680946062_n.jpg?stp=dst-jpg_e35_tt6&efg=eyJ2ZW5jb2RlX3RhZyI6IkZFRUQuaW1hZ2VfdXJsZ2VuLjE0NDB4MTA4MC5zZHIuZjI5MzUwLmRlZmF1bHRfaW1hZ2UuYzIifQ&_nc_ht=scontent-ord5-3.cdninstagram.com&_nc_cat=100&_nc_oc=Q6cZ2QH2bM8ccoDunyw6vK1me0sZ4r2yf9ZUg2hh-ALDNfQ23R9d2q4BLhlI-wb6BAlRgH0&_nc_ohc=s11kGiLpKsAQ7kNvwE-Gp_y&_nc_gid=P6hBq0G-kxxIVpukRhMVLQ&edm=APoiHPcBAAAA&ccb=7-5&ig_cache_key=Mjk0OTg0NDgzOTk2Njg4ODkxOQ%3D%3D.3-ccb7-5&oh=00_AfrMbSAUEu9NjrR_-oH2eRCYVgxTAIiJIpQ2c11KL4XqEg&oe=6978C6D7&_nc_sid=22de04,None,10/15/2022 17:22,https://www.instagram.com/p/Cjv9EDEvtPX,Cjv9EDEvtPX
,,,,,
"#Repost @amandatati with @use.repost

As vezes devemos correr riscos,  viver algo novo, entender que no temos todo o tempo do mundo. Sair conhecer lugares e pessoas, estar com pessoas que amamos, ver algo que nos faa bem. 
Tire um tempo pra voc e se necessrio for viaje. 
Aproveite enquanto ainda tem a oportunidade de viver !

#parquedobrigadeiro #minasgerais #naturezaperfeita #arapongamg #equilbrio #felicidade #amorproprio #amazing #roa #simplicidade",https://scontent-ord5-2.cdninstagram.com/v/t51.71878-15/500904886_4098410727090147_5375706473600296511_n.jpg?stp=dst-jpg_e15_tt6&_nc_cat=103&ig_cache_key=Mjk0NjAyNTMzMjA0MjE1OTE4OA%3D%3D.3-ccb7-5&ccb=7-5&_nc_sid=58cdad&efg=eyJ2ZW5jb2RlX3RhZyI6InhwaWRzLjcyMHgxMjgwLnNkci5DMyJ9&_nc_ohc=YPKpmRedvAQQ7kNvwH7L14z&_nc_oc=Adnr40skx2kegUqa1Wi0kpJhmxF3UHFgA5Yt2OsQiHixN8IqMbbbbPa6Yeo06pyEAeI&_nc_ad=z-m&_nc_cid=0&_nc_zt=23&_nc_ht=scontent-ord5-2.cdninstagram.com&_nc_gid=P6hBq0G-kxxIVpukRhMVLQ&oh=00_AfqlNy-mlvI21msTeTPGSeqZbMLs5mxaITNkcEF47glV0w&oe=6978ACFE,https://scontent-ord5-3.cdninstagram.com/o1/v/t2/f2/m86/AQP7mnakf8sYNqVnmsPOTpxGYc-yFxvdW_issGeaiU2qpiPielrhp_KppQYvo-V6QSlCBhRQHCE6lnUgSLO4K_D_ejRis5Cb4ukMzfM.mp4?_nc_cat=110&_nc_sid=5e9851&_nc_ht=scontent-ord5-3.cdninstagram.com&_nc_ohc=YT56Ff3mLLQQ7kNvwH5Bw8i&efg=eyJ2ZW5jb2RlX3RhZyI6Inhwdl9wcm9ncmVzc2l2ZS5JTlNUQUdSQU0uQ0xJUFMuQzMuNzIwLmRhc2hfYmFzZWxpbmVfMV92MSIsInhwdl9hc3NldF9pZCI6MzM1MTE1MzcxODQ4MjUyMiwiYXNzZXRfYWdlX2RheXMiOjEyMDAsInZpX3VzZWNhc2VfaWQiOjEwMDk5LCJkdXJhdGlvbl9zIjoxMiwidXJsZ2VuX3NvdXJjZSI6Ind3dyJ9&ccb=17-1&_nc_gid=P6hBq0G-kxxIVpukRhMVLQ&_nc_zt=28&vs=49b5a51a48f26ecb&_nc_vs=HBksFQIYUmlnX3hwdl9yZWVsc19wZXJtYW5lbnRfc3JfcHJvZC84RDRFMEREM0NFMEMzNEQ0QTk1RkRBMTQzRTk2OURCRl92aWRlb19kYXNoaW5pdC5tcDQVAALIARIAFQIYOnBhc3N0aHJvdWdoX2V2ZXJzdG9yZS9HTGNaZkJLS0J1VV8xTThDQUJ1Tnk2X3BLWFVnYnFfRUFBQUYVAgLIARIAKAAYABsCiAd1c2Vfb2lsATEScHJvZ3Jlc3NpdmVfcmVjaXBlATEVAAAmtNnS7-j28wsVAigCQzMsF0AoAAAAAAAAGBJkYXNoX2Jhc2VsaW5lXzFfdjERAHX-B2XmnQEA&oh=00_Afr1wCpRg6q-GXHGG4p9Es4zVforvi2FDy-hSiTlLkdqNA&oe=6974B83F,10/10/2022 10:53,https://www.instagram.com/p/CjiYm5HrNRU,CjiYm5HrNRU
,,,,,
"#Repost @cantinhodospuris with @use.repost

 sobre isso... no Cantinho dos Purs temos passado grande parte do nosso tempo.

 um previlgio poder apreciar todos os dias uma paisagem diferente.

Alguns dias ensolarados, outros nublados, noites estreladas... a natureza  incrvel 
 
Amamos viver essa experincia. A cada dia temos dado um novo passo rumo ao nosso sonho e estamos aproveitando cada instante de todo processo.

#sitio #sitiodozero #natureza #camping #campingbrasil #nautikalazer #vidasimples #vidanaroa #meusitio #cantindodospuris #arapongamg #serradobrigadeiro",https://scontent-ord5-3.cdninstagram.com/v/t51.71878-15/497210635_1728300231132719_6898492433413822232_n.jpg?stp=dst-jpg_e15_tt6&_nc_cat=100&ig_cache_key=Mjk0Mjk3ODc3MTA0NTgyMTIwMg%3D%3D.3-ccb7-5&ccb=7-5&_nc_sid=58cdad&efg=eyJ2ZW5jb2RlX3RhZyI6InhwaWRzLjcyMHgxMjgwLnNkci5DMyJ9&_nc_ohc=gbP93IOoG48Q7kNvwFfEUAA&_nc_oc=AdkuWevk6INpAUmRMiFKB3Un_R1p6tRdyPY6McToyBhh9FFrh8LoOEq8QwZUYIVW_vc&_nc_ad=z-m&_nc_cid=0&_nc_zt=23&_nc_ht=scontent-ord5-3.cdninstagram.com&_nc_gid=P6hBq0G-kxxIVpukRhMVLQ&oh=00_AfoqdPtT3oAOsxw5lSP8E1HnVtr27_AOgsgdhwuxV2MbMw&oe=69789980,https://scontent-ord5-2.cdninstagram.com/o1/v/t2/f2/m86/AQOw_88ZgGPrWtSNH9QvgLbTWzMZrqlNFzg3APEbRi14a2zF6yoAf4unmM_S08pSnEJFESOFmd9PS_0cUrepaTixatQf7MKW6GmeM-g.mp4?_nc_cat=105&_nc_sid=5e9851&_nc_ht=scontent-ord5-2.cdninstagram.com&_nc_ohc=5N2UssXzfp4Q7kNvwGabDJc&efg=eyJ2ZW5jb2RlX3RhZyI6Inhwdl9wcm9ncmVzc2l2ZS5JTlNUQUdSQU0uQ0xJUFMuQzMuNzIwLmRhc2hfYmFzZWxpbmVfMV92MSIsInhwdl9hc3NldF9pZCI6MTE0OTczODc0MjMyMjIwNywiYXNzZXRfYWdlX2RheXMiOjEyMDQsInZpX3VzZWNhc2VfaWQiOjEwMDk5LCJkdXJhdGlvbl9zIjoyNSwidXJsZ2VuX3NvdXJjZSI6Ind3dyJ9&ccb=17-1&_nc_gid=P6hBq0G-kxxIVpukRhMVLQ&_nc_zt=28&vs=1efc1351e9b6b448&_nc_vs=HBksFQIYUmlnX3hwdl9yZWVsc19wZXJtYW5lbnRfc3JfcHJvZC9FNTRCRjM2NjFFNjNBNDM2OEZFMjBBQ0Y2Q0RGMzM5Rl92aWRlb19kYXNoaW5pdC5tcDQVAALIARIAFQIYOnBhc3N0aHJvdWdoX2V2ZXJzdG9yZS9HSDNraFJMN3RCWEo1TllDQUZRSFJxUVhuUEpJYnFfRUFBQUYVAgLIARIAKAAYABsCiAd1c2Vfb2lsATEScHJvZ3Jlc3NpdmVfcmVjaXBlATEVAAAmvtCQlc3rigQVAigCQzMsF0A5AAAAAAAAGBJkYXNoX2Jhc2VsaW5lXzFfdjERAHX-B2XmnQEA&oh=00_AfqpL3cn5Gq0-xQCupUVHackje4aezAjH2oAu_kK6ViRpg&oe=6974A72A,10/6/2022 6:00,https://www.instagram.com/p/CjXj5mFs6sS,CjXj5mFs6sS
,,,,,
"#Repost @alisson_simiao with @use.repost

",https://scontent-ord5-2.cdninstagram.com/v/t51.29350-15/310581236_473320271512598_4644278050502963188_n.jpg?stp=dst-jpg_e35_tt6&efg=eyJ2ZW5jb2RlX3RhZyI6IkZFRUQuaW1hZ2VfdXJsZ2VuLjE0NDB4MTQ0MC5zZHIuZjI5MzUwLmRlZmF1bHRfaW1hZ2UuYzIifQ&_nc_ht=scontent-ord5-2.cdninstagram.com&_nc_cat=102&_nc_oc=Q6cZ2QH2bM8ccoDunyw6vK1me0sZ4r2yf9ZUg2hh-ALDNfQ23R9d2q4BLhlI-wb6BAlRgH0&_nc_ohc=mZZ7QmecDOcQ7kNvwG_yIvk&_nc_gid=P6hBq0G-kxxIVpukRhMVLQ&edm=APoiHPcBAAAA&ccb=7-5&ig_cache_key=Mjk0Mjk3NTE2NDA0NTQ5NjYxOA%3D%3D.3-ccb7-5&oh=00_Afr3DtCZG13Ejgg3jcSsiRSJoZYz1jLCrNlE3RK-I1ZMqA&oe=6978B15E&_nc_sid=22de04,None,10/6/2022 5:53,https://www.instagram.com/p/CjXjFGzupEq,CjXjFGzupEq
,,,,,
O dia que quase ficamos perdidos na trilha do pico do bon,https://scontent-ord5-1.cdninstagram.com/v/t51.71878-15/495846868_1405190237281921_6453014298268079209_n.jpg?stp=dst-jpg_e15_tt6&_nc_cat=101&ig_cache_key=MjkzODA5MDU4OTQxNTIwODI2Mg%3D%3D.3-ccb7-5&ccb=7-5&_nc_sid=58cdad&efg=eyJ2ZW5jb2RlX3RhZyI6InhwaWRzLjEwODB4MTkyMC5zZHIuQzMifQ%3D%3D&_nc_ohc=O7F2gNqyb_gQ7kNvwEkIVWQ&_nc_oc=AdmJSaRtZk1vFCKuAJHPJ6sOtVitd1ri_vQbwoDgmS4PaB7jtjUjofhSAWOqW2dAUoo&_nc_ad=z-m&_nc_cid=0&_nc_zt=23&_nc_ht=scontent-ord5-1.cdninstagram.com&_nc_gid=P6hBq0G-kxxIVpukRhMVLQ&oh=00_AfqJIIVNj5sMfGNa_Wki1Y6udTllKDmWQ2Sp8EIgAk086A&oe=6978B122,https://scontent-ord5-2.cdninstagram.com/o1/v/t2/f2/m86/AQObgR5olIEdmt-ZzuiHUQzKZmpLhex7sOOGCjAPDCQf170I1h5M7T-gSEW0jK1if2Sbj4LZWzbPG3PhT9-jm6O2Uy8_T8D029-n8-s.mp4?_nc_cat=103&_nc_sid=5e9851&_nc_ht=scontent-ord5-2.cdninstagram.com&_nc_ohc=VZkdBNsT11MQ7kNvwHPeEU7&efg=eyJ2ZW5jb2RlX3RhZyI6Inhwdl9wcm9ncmVzc2l2ZS5JTlNUQUdSQU0uQ0xJUFMuQzIuNzIwLmRhc2hfYmFzZWxpbmVfMV92MSIsInhwdl9hc3NldF9pZCI6ODI0MDU2NDg4NzI4NjM1LCJhc3NldF9hZ2VfZGF5cyI6MTIxMSwidmlfdXNlY2FzZV9pZCI6MTAwOTksImR1cmF0aW9uX3MiOjUxLCJ1cmxnZW5fc291cmNlIjoid3d3In0%3D&ccb=17-1&_nc_gid=P6hBq0G-kxxIVpukRhMVLQ&_nc_zt=28&vs=ddbff921c0d41afd&_nc_vs=HBksFQIYUmlnX3hwdl9yZWVsc19wZXJtYW5lbnRfc3JfcHJvZC8xNzQ0MTVGQjZBRTI3REJGQTc5MEQwQjkwRTBDODlCRF92aWRlb19kYXNoaW5pdC5tcDQVAALIARIAFQIYOnBhc3N0aHJvdWdoX2V2ZXJzdG9yZS9HSDRqWUJJZnQ2X1VSOHNCQU5qM0ZqX09EN3R5YnFfRUFBQUYVAgLIARIAKAAYABsCiAd1c2Vfb2lsATEScHJvZ3Jlc3NpdmVfcmVjaXBlATEVAAAm9uDIpLPe9gIVAigCQzIsF0BJqp--dsi0GBJkYXNoX2Jhc2VsaW5lXzFfdjERAHX-B2XmnQEA&oh=00_AfrjBUsQ4Xi1CDZTiSmTVLOg-VNHrm3in2S4D1Pk64Rpzg&oe=6974BA48,9/29/2022 12:10,https://www.instagram.com/p/CjGMdMMAvVG,CjGMdMMAvVG
,,,,,
"#Repost @david.montanha with @use.repost

               ...   ,           .

#lifestyle #trilhasmg #picobon #arapongamg #parqueestadualserradobrigadeiro #serrabrigadeiro",https://scontent-ord5-2.cdninstagram.com/v/t51.71878-15/497675948_1058118456217623_4720671366480287743_n.jpg?stp=dst-jpg_e15_tt6&_nc_cat=105&ig_cache_key=MjkzODAxMjU0ODkwNjA4MTQ5OA%3D%3D.3-ccb7-5&ccb=7-5&_nc_sid=58cdad&efg=eyJ2ZW5jb2RlX3RhZyI6InhwaWRzLjgyOHgxNDcyLnNkci5DMyJ9&_nc_ohc=fnrq-Z39BHwQ7kNvwGpPJJ4&_nc_oc=AdnfdBU6xUJDaPXzWbCsVkKEwoiRUFtXlWCp94vLlRQCiaqUmBDT7EOpKwME2l069zU&_nc_ad=z-m&_nc_cid=0&_nc_zt=23&_nc_ht=scontent-ord5-2.cdninstagram.com&_nc_gid=P6hBq0G-kxxIVpukRhMVLQ&oh=00_AfogHfuqYabX11m-MVDZWhC_K5cfdR7PyVca_9NVABwCFg&oe=6978AC20,https://scontent-ord5-3.cdninstagram.com/o1/v/t2/f2/m86/AQOFHdSUD0nzkEi9TQDpmOMfO3coVEJ_EVmpjja_Pp9pBlwxV1p6u7j2jQDxirGttKrSwVrNsb8wgfXAt6_svBQHiwWwYMteHM_KOsQ.mp4?_nc_cat=106&_nc_sid=5e9851&_nc_ht=scontent-ord5-3.cdninstagram.com&_nc_ohc=Uso5LVquNlcQ7kNvwHQZMB-&efg=eyJ2ZW5jb2RlX3RhZyI6Inhwdl9wcm9ncmVzc2l2ZS5JTlNUQUdSQU0uQ0xJUFMuQzMuNzIwLmRhc2hfYmFzZWxpbmVfMV92MSIsInhwdl9hc3NldF9pZCI6NDgyMTQ4ODAzODE0NTk0LCJhc3NldF9hZ2VfZGF5cyI6MTIxMSwidmlfdXNlY2FzZV9pZCI6MTAwOTksImR1cmF0aW9uX3MiOjUxLCJ1cmxnZW5fc291cmNlIjoid3d3In0%3D&ccb=17-1&vs=f3987094701cd103&_nc_vs=HBksFQIYUmlnX3hwdl9yZWVsc19wZXJtYW5lbnRfc3JfcHJvZC8zNDRBRThDQzhENjUyNjk4MDIxNDg3NTQxQzkxRDU5OV92aWRlb19kYXNoaW5pdC5tcDQVAALIARIAFQIYOnBhc3N0aHJvdWdoX2V2ZXJzdG9yZS9HUG52Y0JLeVdLb2NyWHNCQUVwN29qR3FDcDBLYnFfRUFBQUYVAgLIARIAKAAYABsCiAd1c2Vfb2lsATEScHJvZ3Jlc3NpdmVfcmVjaXBlATEVAAAmhJPxwuCg2wEVAigCQzMsF0BJszMzMzMzGBJkYXNoX2Jhc2VsaW5lXzFfdjERAHX-B2XmnQEA&_nc_gid=P6hBq0G-kxxIVpukRhMVLQ&_nc_zt=28&oh=00_Afq2hSOEpewpLJ5raLgxzKOykDWKLLe2P01zHsRdPkg19Q&oe=6974A943,9/29/2022 9:34,https://www.instagram.com/p/CjF6tjTL9za,CjF6tjTL9za
,,,,,
"#Repost @amandatati with @use.repost

Me reconectando 

#lugardepaz #serradobrigadeiro #arapongamg #minasgerais #paz #naturezaperfeita #turismobrasil #parqueestadualserradobrigadeiro #preservacaoambiental #valorizeambientes #cachoeiras",https://scontent-ord5-1.cdninstagram.com/v/t51.71878-15/499480089_1652348482081697_6007954440637240904_n.jpg?stp=dst-jpg_e15_tt6&_nc_cat=111&ig_cache_key=MjkzNzkwNTM4MDQ2MjA5NjI0Mw%3D%3D.3-ccb7-5&ccb=7-5&_nc_sid=58cdad&efg=eyJ2ZW5jb2RlX3RhZyI6InhwaWRzLjcyMHgxMjgwLnNkci5DMyJ9&_nc_ohc=-ZxTDqZkm3QQ7kNvwF7lF5h&_nc_oc=Adm8NgUueXYDUYdmAfnIv-_UkqvjVPkwdI1j-O-f9SVx-A_E1t9VBsI6bI-yZTM0ZMU&_nc_ad=z-m&_nc_cid=0&_nc_zt=23&_nc_ht=scontent-ord5-1.cdninstagram.com&_nc_gid=P6hBq0G-kxxIVpukRhMVLQ&oh=00_Afo0zRMJ-zpD727r61s-UMXBWnF15ncrrT_2R-pz3eYpgQ&oe=6978A8D5,https://scontent-ord5-2.cdninstagram.com/o1/v/t2/f2/m86/AQNrUHpsOquAsqFWAivpfAX-IAThQLhZ2rixBl-awFuMzLNX8AunvklKa28yVNiorUXgo4Gxkf5wYrOBBq1eEs-pN0l7IsQiYduj97U.mp4?_nc_cat=104&_nc_sid=5e9851&_nc_ht=scontent-ord5-2.cdninstagram.com&_nc_ohc=jtzB_uQA92MQ7kNvwEi8IrB&efg=eyJ2ZW5jb2RlX3RhZyI6Inhwdl9wcm9ncmVzc2l2ZS5JTlNUQUdSQU0uQ0xJUFMuQzMuNzIwLmRhc2hfYmFzZWxpbmVfMV92MSIsInhwdl9hc3NldF9pZCI6MTA5MjAxNTYyNDc4MTY1NSwiYXNzZXRfYWdlX2RheXMiOjEyMTEsInZpX3VzZWNhc2VfaWQiOjEwMDk5LCJkdXJhdGlvbl9zIjo2LCJ1cmxnZW5fc291cmNlIjoid3d3In0%3D&ccb=17-1&_nc_gid=P6hBq0G-kxxIVpukRhMVLQ&_nc_zt=28&vs=a0c645a8f6a6c215&_nc_vs=HBksFQIYUmlnX3hwdl9yZWVsc19wZXJtYW5lbnRfc3JfcHJvZC80QTQ0NTI2MDQ2NTUxMzVCNjMzQ0IyQzlFQkU3QjBCQV92aWRlb19kYXNoaW5pdC5tcDQVAALIARIAFQIYOnBhc3N0aHJvdWdoX2V2ZXJzdG9yZS9HSk1mZEJLT1JiTGxLTW9CQUxZaU14ZkI1cFI0YnFfRUFBQUYVAgLIARIAKAAYABsCiAd1c2Vfb2lsATEScHJvZ3Jlc3NpdmVfcmVjaXBlATEVAAAmrv27ttbL8AMVAigCQzMsF0AYQ5WBBiTdGBJkYXNoX2Jhc2VsaW5lXzFfdjERAHX-B2XmnQEA&oh=00_AfrPPtpFtrEnweUaIFhofYb8epVeBFZ23PXcVT_uyqx0Zg&oe=6974BFBD,9/29/2022 6:00,https://www.instagram.com/p/CjFiWC6Ju9z,CjFiWC6Ju9z
,,,,,
"#Repost @harmonicaadventure with @use.repost

Pico do Bon 
Localizado em um dos ncleos do Parque Estadual da Serra do Brigadeiro com 1870m de altitude 
.
.
@picodobone.oficial 
.
.
#picodobone #montanhasdeminas #mg #vibepositiva #goodvibes #natureza #exuberncia",https://scontent-ord5-3.cdninstagram.com/v/t51.29350-15/309084165_2989763477994918_7964748682905136194_n.jpg?stp=dst-jpg_e35_tt6&efg=eyJ2ZW5jb2RlX3RhZyI6IkZFRUQuaW1hZ2VfdXJsZ2VuLjE0NDB4MTQ0MC5zZHIuZjI5MzUwLmRlZmF1bHRfaW1hZ2UuYzIifQ&_nc_ht=scontent-ord5-3.cdninstagram.com&_nc_cat=106&_nc_oc=Q6cZ2QHq-w4ms7uIGu12BwC1POeCEaywBxMG9ZmH_REZuXarzsUCIHwU3K4_4mV4-GEOzyc&_nc_ohc=pZJ1LvbMA3wQ7kNvwGUTAXo&_nc_gid=thbtMpyQ0ku85spKw4uG6w&edm=APoiHPcBAAAA&ccb=7-5&ig_cache_key=MjkzMzkzMjc3OTg1NjQ4MDUzOA%3D%3D.3-ccb7-5&oh=00_AfpsSHiseSVccrwlVG1tOpgb4WcW_B8r9h2K0ZX1nUWpXA&oe=6978939B&_nc_sid=22de04,None,9/23/2022 18:27,https://www.instagram.com/p/Ci3bFGSOEka,Ci3bFGSOEka
,,,,,
"#Repost @isactexeiras with @use.repost

",https://scontent-ord5-3.cdninstagram.com/v/t51.29350-15/306913356_173209781920327_5846955252395284494_n.jpg?stp=dst-jpg_e35_tt6&efg=eyJ2ZW5jb2RlX3RhZyI6IkZFRUQuaW1hZ2VfdXJsZ2VuLjE0NDB4MTgwMC5zZHIuZjI5MzUwLmRlZmF1bHRfaW1hZ2UuYzIifQ&_nc_ht=scontent-ord5-3.cdninstagram.com&_nc_cat=107&_nc_oc=Q6cZ2QHq-w4ms7uIGu12BwC1POeCEaywBxMG9ZmH_REZuXarzsUCIHwU3K4_4mV4-GEOzyc&_nc_ohc=5UxoeevRtLAQ7kNvwEaQ9Jz&_nc_gid=thbtMpyQ0ku85spKw4uG6w&edm=APoiHPcBAAAA&ccb=7-5&ig_cache_key=MjkyODEzODA3MTcxMjQ5MjAzMQ%3D%3D.3-ccb7-5&oh=00_AfpwTTlk6dAu--5Wj_yxlidSKl5dDL9Cyoy8Mb-P0m598w&oe=6978A53C&_nc_sid=22de04,None,9/15/2022 18:34,https://www.instagram.com/p/Cii1g_xuGn_,Cii1g_xuGn_
,,,,,
#Repost @souzaa.wl with @use.repost,https://scontent-ord5-1.cdninstagram.com/v/t51.71878-15/497232731_1042796063989742_1084797436611524771_n.jpg?stp=dst-jpg_e15_tt6&_nc_cat=108&ig_cache_key=MjkyNDk4ODkzNTQ4NjkxMzA4NQ%3D%3D.3-ccb7-5&ccb=7-5&_nc_sid=58cdad&efg=eyJ2ZW5jb2RlX3RhZyI6InhwaWRzLjcyMHgxMjgwLnNkci5DMyJ9&_nc_ohc=lBMpClEUwbgQ7kNvwHlyM7_&_nc_oc=Adlh_0y9_xt2KkXcaes3ghWOROpep5pnD9W_cbtNDCglyRtusuY3nUFxgvQKCBN5yS4&_nc_ad=z-m&_nc_cid=0&_nc_zt=23&_nc_ht=scontent-ord5-1.cdninstagram.com&_nc_gid=thbtMpyQ0ku85spKw4uG6w&oh=00_AfqD1tUi1lK2956z4p_FPAa-WWHK9yvpBooVaQUfyeuxYA&oe=6978B8B5,https://scontent-ord5-2.cdninstagram.com/o1/v/t2/f2/m86/AQO4sXhHzztFjEb1_v1msYAw0NomjOCf9YGnbkNbjRQy9B_ehessXVZ4ARsrrR4N4sLwy-_Jt8mSs10t0_Q4gBqiWlDhyejWIVGv4IY.mp4?_nc_cat=103&_nc_sid=5e9851&_nc_ht=scontent-ord5-2.cdninstagram.com&_nc_ohc=nCzdU1dcPAUQ7kNvwHCpRbx&efg=eyJ2ZW5jb2RlX3RhZyI6Inhwdl9wcm9ncmVzc2l2ZS5JTlNUQUdSQU0uQ0xJUFMuQzMuNDgwLmRhc2hfYmFzZWxpbmVfMl92MSIsInhwdl9hc3NldF9pZCI6NDg5MDk1OTc5MzU5NzU2LCJhc3NldF9hZ2VfZGF5cyI6MTIyOSwidmlfdXNlY2FzZV9pZCI6MTAwOTksImR1cmF0aW9uX3MiOjE0LCJ1cmxnZW5fc291cmNlIjoid3d3In0%3D&ccb=17-1&vs=8ffeeea457bdd5a0&_nc_vs=HBksFQIYUmlnX3hwdl9yZWVsc19wZXJtYW5lbnRfc3JfcHJvZC82MjREMEU3MEY5RUU3NTVFN0YwRjA3OEMxN0NDMEM4OV92aWRlb19kYXNoaW5pdC5tcDQVAALIARIAFQIYOnBhc3N0aHJvdWdoX2V2ZXJzdG9yZS9HTnVMUUJJOGt0VHBXS3dBQUl4RW0tcFpDb0lpYnFfRUFBQUYVAgLIARIAKAAYABsCiAd1c2Vfb2lsATEScHJvZ3Jlc3NpdmVfcmVjaXBlATEVAAAmmPjigZG13gEVAigCQzMsF0AtmZmZmZmaGBJkYXNoX2Jhc2VsaW5lXzJfdjERAHX-B2XmnQEA&_nc_gid=thbtMpyQ0ku85spKw4uG6w&_nc_zt=28&oh=00_AfrX67vjd5whlLphgn1bws6ioR6__tc6ynJZlCYuVQD2zQ&oe=6974BDF8,9/11/2022 10:18,https://www.instagram.com/p/CiXpfCHpTo9,CiXpfCHpTo9
,,,,,
"#Repost @denisluciano30 with @use.repost

S os famosos! Primos na estrada

#primaiadanaestrada #viagens #lifestyle #gopro #goprobr",https://scontent-ord5-2.cdninstagram.com/v/t51.29350-15/305705857_2299268173575941_398031634310483502_n.jpg?stp=dst-jpg_e35_tt6&efg=eyJ2ZW5jb2RlX3RhZyI6IkZFRUQuaW1hZ2VfdXJsZ2VuLjE0NDB4MTgwMC5zZHIuZjI5MzUwLmRlZmF1bHRfaW1hZ2UuYzIifQ&_nc_ht=scontent-ord5-2.cdninstagram.com&_nc_cat=105&_nc_oc=Q6cZ2QHq-w4ms7uIGu12BwC1POeCEaywBxMG9ZmH_REZuXarzsUCIHwU3K4_4mV4-GEOzyc&_nc_ohc=oN7HIiuGpOAQ7kNvwHiqzqD&_nc_gid=thbtMpyQ0ku85spKw4uG6w&edm=APoiHPcBAAAA&ccb=7-5&ig_cache_key=MjkyMjE4OTI5NjU2NTI2NDEyMA%3D%3D.3-ccb7-5&oh=00_AfqILAI08eVbQcYl0FY7WJXCxDrmZm7GjP-p7qM7SgVfcA&oe=6978B4C0&_nc_sid=22de04,None,9/7/2022 13:35,https://www.instagram.com/p/CiNs67MOJ74,CiNs67MOJ74
,,,,,
"#Repost @angelica_m_abranches with @use.repost

Domingo de trilha 
Chegamos l em cima com muitas nuvens, mas depois deu uma limpada. Lindo lindo de se v.
Valeu todo o caminho percorrido l de cima  tudo lindo. Deus  maravilhoso 
#picodobone #arapongamg",https://scontent-ord5-2.cdninstagram.com/v/t51.71878-15/497850835_1863010087880771_8334267612641852113_n.jpg?stp=dst-jpg_e15_tt6&_nc_cat=104&ig_cache_key=MjkyMTYwMTM1NjI0MzI5OTAyOA%3D%3D.3-ccb7-5&ccb=7-5&_nc_sid=58cdad&efg=eyJ2ZW5jb2RlX3RhZyI6InhwaWRzLjcyMHgxMjgwLnNkci5DMyJ9&_nc_ohc=jY-fZMW16egQ7kNvwHoDZv-&_nc_oc=AdlXIjKRy5bKdzhRDI90Zk8JIbU7itXlHDzQuTSCHMNIIE9_ZjOfySM5GBYaLPD2I3c&_nc_ad=z-m&_nc_cid=0&_nc_zt=23&_nc_ht=scontent-ord5-2.cdninstagram.com&_nc_gid=thbtMpyQ0ku85spKw4uG6w&oh=00_Afoa6Ko-X86_Dg2fxneOqAz3k-O3K62zdMCnNQKw27TPKQ&oe=69789202,https://scontent-ord5-3.cdninstagram.com/o1/v/t2/f2/m86/AQOze8S5PFrLtE__8AjBFi8blzWBkddnUnoydks6C9V1Yh3I1cmweeqKiM_BtVXWo7_1Tvm_U8qEO5duHB6chgFudstbl0Aj6-EAJA0.mp4?_nc_cat=107&_nc_sid=5e9851&_nc_ht=scontent-ord5-3.cdninstagram.com&_nc_ohc=YtkKoGbEXQIQ7kNvwHbC1yM&efg=eyJ2ZW5jb2RlX3RhZyI6Inhwdl9wcm9ncmVzc2l2ZS5JTlNUQUdSQU0uQ0xJUFMuQzMuNzIwLmRhc2hfYmFzZWxpbmVfMV92MSIsInhwdl9hc3NldF9pZCI6MTIzOTM5NjkwMDI0MjA5NiwiYXNzZXRfYWdlX2RheXMiOjEyMzQsInZpX3VzZWNhc2VfaWQiOjEwMDk5LCJkdXJhdGlvbl9zIjoyOCwidXJsZ2VuX3NvdXJjZSI6Ind3dyJ9&ccb=17-1&vs=f80dabf733741192&_nc_vs=HBksFQIYUmlnX3hwdl9yZWVsc19wZXJtYW5lbnRfc3JfcHJvZC80QTQ1MjA4QTg4NUY4MjVFRjU3RDMwRTlBRTc3RjdBOF92aWRlb19kYXNoaW5pdC5tcDQVAALIARIAFQIYOnBhc3N0aHJvdWdoX2V2ZXJzdG9yZS9HRW5FQUJKaVJPYlptRlFMQUt3MVVRZnFYdE1oYnFfRUFBQUYVAgLIARIAKAAYABsCiAd1c2Vfb2lsATEScHJvZ3Jlc3NpdmVfcmVjaXBlATEVAAAm4IrMv7LOswQVAigCQzMsF0A890vGp--eGBJkYXNoX2Jhc2VsaW5lXzFfdjERAHX-B2XmnQEA&_nc_gid=thbtMpyQ0ku85spKw4uG6w&_nc_zt=28&oh=00_AfoXEwGMedChdzCH4jVdSw5VI3keyHGFHjD72VJFsGeumg&oe=6974A798,9/6/2022 18:07,https://www.instagram.com/p/CiLnPRGLmrU,CiLnPRGLmrU
,,,,,
"#Repost @cesar_diasn with @use.repost

Sem dvidas um dos lugares mais bonitos que j fui ....

#araponga
#maisde1900metros",https://scontent-ord5-2.cdninstagram.com/v/t51.29350-15/305141551_1547824292303666_4152430779079840119_n.jpg?stp=dst-jpg_e35_tt6&efg=eyJ2ZW5jb2RlX3RhZyI6IkZFRUQuaW1hZ2VfdXJsZ2VuLjE0NDB4MTQ0MC5zZHIuZjI5MzUwLmRlZmF1bHRfaW1hZ2UuYzIifQ&_nc_ht=scontent-ord5-2.cdninstagram.com&_nc_cat=102&_nc_oc=Q6cZ2QHq-w4ms7uIGu12BwC1POeCEaywBxMG9ZmH_REZuXarzsUCIHwU3K4_4mV4-GEOzyc&_nc_ohc=PAGmrJTcH9IQ7kNvwGsYs4G&_nc_gid=thbtMpyQ0ku85spKw4uG6w&edm=APoiHPcBAAAA&ccb=7-5&ig_cache_key=MjkyMTI5MTU5MTkxMTY4MTk0Ng%3D%3D.3-ccb7-5&oh=00_Afqz1Qa4zPUoBeOiVrjOtXyHRLclNMev-iDSlZorCEYzxA&oe=6978A209&_nc_sid=22de04,None,9/6/2022 7:51,https://www.instagram.com/p/CiKgzmlOy-a,CiKgzmlOy-a
,,,,,
"#Repost @lusouza19 with @use.repost

Paz & sossego!!! 
.
.
.
#natureza #camping #nature #naturephotography #naturezaperfeita #mato #acampamento #cachoeira",https://scontent-ord5-2.cdninstagram.com/v/t51.71878-15/502249923_1755874702011244_687683515210341059_n.jpg?stp=dst-jpg_e15_tt6&_nc_cat=103&ig_cache_key=MjkxNzYxMjU5MjQ0OTIyMTUzNA%3D%3D.3-ccb7-5&ccb=7-5&_nc_sid=58cdad&efg=eyJ2ZW5jb2RlX3RhZyI6InhwaWRzLjYwNngxMDc4LnNkci5DMyJ9&_nc_ohc=tZ--g_sFQKIQ7kNvwHSb3Bu&_nc_oc=AdkSxatzXrmCy41_3wx2m00QeANAC23fBnoA97kC442KLAAk69a4knpbDMDjMJgbCPs&_nc_ad=z-m&_nc_cid=0&_nc_zt=23&_nc_ht=scontent-ord5-2.cdninstagram.com&_nc_gid=thbtMpyQ0ku85spKw4uG6w&oh=00_AfqbRmcbGUISx8VNLfkDx63CfKE-N0caMbHBpws4DvVauw&oe=6978A9BE,https://scontent-ord5-2.cdninstagram.com/o1/v/t2/f2/m86/AQNgoC8aH3ew_tucSdEbltON0lqNIo58Hfd4kK4-LRhsZFnek5k9X3m__IKM1rbbwqCOn4PKY0Q_TpRQkhKy-t-SyCutXdB24-dd8Y0.mp4?_nc_cat=102&_nc_sid=5e9851&_nc_ht=scontent-ord5-2.cdninstagram.com&_nc_ohc=opXpbXURU7UQ7kNvwGa18bB&efg=eyJ2ZW5jb2RlX3RhZyI6Inhwdl9wcm9ncmVzc2l2ZS5JTlNUQUdSQU0uQ0xJUFMuQzMuNjA2LmRhc2hfYmFzZWxpbmVfMV92MSIsInhwdl9hc3NldF9pZCI6MTExMjc2NjI4Mjk4ODc1OSwiYXNzZXRfYWdlX2RheXMiOjEyMzksInZpX3VzZWNhc2VfaWQiOjEwMDk5LCJkdXJhdGlvbl9zIjo4NCwidXJsZ2VuX3NvdXJjZSI6Ind3dyJ9&ccb=17-1&vs=c0fedf5cc10ae82c&_nc_vs=HBksFQIYUmlnX3hwdl9yZWVsc19wZXJtYW5lbnRfc3JfcHJvZC83NzQ2M0Q0RkFCQUU5MDQ5REZBQTQzMkY2RTkzM0JBMF92aWRlb19kYXNoaW5pdC5tcDQVAALIARIAFQIYOnBhc3N0aHJvdWdoX2V2ZXJzdG9yZS9HQlk2S2hJb0l0RXIzemtDQUdXNS03bGEwTzAzYnFfRUFBQUYVAgLIARIAKAAYABsCiAd1c2Vfb2lsATEScHJvZ3Jlc3NpdmVfcmVjaXBlATEVAAAmrvOf8MKD-gMVAigCQzMsF0BVFU_fO2RaGBJkYXNoX2Jhc2VsaW5lXzFfdjERAHX-B2XmnQEA&_nc_gid=thbtMpyQ0ku85spKw4uG6w&_nc_zt=28&oh=00_AfrBQo3FYJ4T6MQ-zTo5yFuOHOxmhhUR4L67l2H0-OPAQQ&oe=6974BB03,9/1/2022 6:03,https://www.instagram.com/p/Ch9cTHVJHOe,Ch9cTHVJHOe
,,,,,
"#Repost @cafepicodobone with @use.repost

Como no amar cada fase do caf, as belezas dos gros madurinhos e sua doura natural que dispensa acar, nossos cafs oferece para voc mais sade! Beba um caf Pico do Bon e voc ter mais disposio para o dia a dia! 

#bomdia 
#maissade #sustentavel #sustentable #agriculturafamiliar #loucospocafe #cafepicodobone #cafedamanhasaudavel #cafenobrasil",https://scontent-ord5-2.cdninstagram.com/v/t51.29350-15/302182167_393161302890880_5073033267358882196_n.jpg?stp=dst-jpg_e35_tt6&efg=eyJ2ZW5jb2RlX3RhZyI6IkZFRUQuaW1hZ2VfdXJsZ2VuLjE0NDB4MTc5NS5zZHIuZjI5MzUwLmRlZmF1bHRfaW1hZ2UuYzIifQ&_nc_ht=scontent-ord5-2.cdninstagram.com&_nc_cat=104&_nc_oc=Q6cZ2QHq-w4ms7uIGu12BwC1POeCEaywBxMG9ZmH_REZuXarzsUCIHwU3K4_4mV4-GEOzyc&_nc_ohc=4hWtLPxKju8Q7kNvwEIoJUG&_nc_gid=thbtMpyQ0ku85spKw4uG6w&edm=APoiHPcBAAAA&ccb=7-5&ig_cache_key=MjkxNzYxMDM1NzE5NzAwNTM3Nw%3D%3D.3-ccb7-5&oh=00_AfrHTTHp4FYz0iJBQhjNmaDB4b5GkMSdwO2VS4X-5xZAQA&oe=69789ACA&_nc_sid=22de04,None,9/1/2022 5:58,https://www.instagram.com/p/Ch9byllumJB,Ch9byllumJB
,,,,,
"#Repost @ceciliagracianolaud with @use.repost

A sensao de ter conseguido chegar at o topo  surreal.
Obrigada @cynnaralaud por sempre me apoiar e me motivar.
Te amo

Pico do Bon - Serra do Brigadeiro
Caminhada de 13km (ida e volta)
Elevao 1850m",https://scontent-ord5-3.cdninstagram.com/v/t51.29350-15/302094154_3205924286295922_3360101267652923267_n.jpg?stp=dst-jpg_e35_tt6&efg=eyJ2ZW5jb2RlX3RhZyI6IkZFRUQuaW1hZ2VfdXJsZ2VuLjE0NDB4MTQ0MC5zZHIuZjI5MzUwLmRlZmF1bHRfaW1hZ2UuYzIifQ&_nc_ht=scontent-ord5-3.cdninstagram.com&_nc_cat=110&_nc_oc=Q6cZ2QHq-w4ms7uIGu12BwC1POeCEaywBxMG9ZmH_REZuXarzsUCIHwU3K4_4mV4-GEOzyc&_nc_ohc=W2QSozZIHMcQ7kNvwHk0sv9&_nc_gid=thbtMpyQ0ku85spKw4uG6w&edm=APoiHPcBAAAA&ccb=7-5&ig_cache_key=MjkxNTg0MjM1MzY5NzY1NjQ3MQ%3D%3D.3-ccb7-5&oh=00_Afrradw0tCtdV2XXzL5wLe4Qq-hFm63it6MEuT9UB9PkOA&oe=6978A5E6&_nc_sid=22de04,None,8/29/2022 19:25,https://www.instagram.com/p/Ch3JywBMA6X,Ch3JywBMA6X
,,,,,
#Repost @vanderlif.bento with @use.repost,https://scontent-ord5-1.cdninstagram.com/v/t51.71878-15/503743637_1007579404759408_4737191889458272264_n.jpg?stp=dst-jpg_e15_tt6&_nc_cat=101&ig_cache_key=MjkxNDMzMTYwOTY2MzM4MDA4OQ%3D%3D.3-ccb7-5&ccb=7-5&_nc_sid=58cdad&efg=eyJ2ZW5jb2RlX3RhZyI6InhwaWRzLjcyMHgxMjgwLnNkci5DMyJ9&_nc_ohc=yEBZeeHztYAQ7kNvwEYtA6N&_nc_oc=AdmWGmjjL2GBaoiyEmqZVf8FsiMS3x59a7jC7UeN1uIxwKYZMyAKpmc0SZeJ8vVMVRk&_nc_ad=z-m&_nc_cid=0&_nc_zt=23&_nc_ht=scontent-ord5-1.cdninstagram.com&_nc_gid=thbtMpyQ0ku85spKw4uG6w&oh=00_Afpo7ri-d_aeZO04X5M0njsYTPSA4BdkwI8DB-msbQgC2Q&oe=6978C47D,https://scontent-ord5-3.cdninstagram.com/o1/v/t2/f2/m86/AQNM7MZql1JBuoNsaeyQvtLSC0Y1KOHiOZv4-JHFyCItwF6zlRGgNNZFYpPJHcv-rQhRwz-c8UK6jEFRleRSK1rHZPqKkMXTNw22muY.mp4?_nc_cat=107&_nc_sid=5e9851&_nc_ht=scontent-ord5-3.cdninstagram.com&_nc_ohc=puPqMfhNgFIQ7kNvwFkvD1C&efg=eyJ2ZW5jb2RlX3RhZyI6Inhwdl9wcm9ncmVzc2l2ZS5JTlNUQUdSQU0uQ0xJUFMuQzMuNzIwLmRhc2hfYmFzZWxpbmVfMV92MSIsInhwdl9hc3NldF9pZCI6Mzk5NTc1NTk1NTU5Nzk1LCJhc3NldF9hZ2VfZGF5cyI6MTI0NCwidmlfdXNlY2FzZV9pZCI6MTAwOTksImR1cmF0aW9uX3MiOjIwLCJ1cmxnZW5fc291cmNlIjoid3d3In0%3D&ccb=17-1&_nc_gid=thbtMpyQ0ku85spKw4uG6w&_nc_zt=28&vs=aaf5885a395613bd&_nc_vs=HBksFQIYUmlnX3hwdl9yZWVsc19wZXJtYW5lbnRfc3JfcHJvZC84MDRDNEFDRTZBMEMzRDAzRkM4OTkyNzU5OEFERjk4RV92aWRlb19kYXNoaW5pdC5tcDQVAALIARIAFQIYOnBhc3N0aHJvdWdoX2V2ZXJzdG9yZS9HRnFaOEJGRjI5aVRNc1FEQUVPQTlpcmxBSk1lYnFfRUFBQUYVAgLIARIAKAAYABsCiAd1c2Vfb2lsATEScHJvZ3Jlc3NpdmVfcmVjaXBlATEVAAAm5q35lq7atQEVAigCQzMsF0A0IgxJul41GBJkYXNoX2Jhc2VsaW5lXzFfdjERAHX-B2XmnQEA&oh=00_AfpA5ay-kb1tYhH2JJvSc-FkRm6neoYrT-84o5Tu8ZVkhw&oe=6974C540,8/27/2022 17:24,https://www.instagram.com/p/ChxySh_rZp5,ChxySh_rZp5
,,,,,
Vontade de morar nas montanhas ,https://scontent-ord5-1.cdninstagram.com/v/t51.29350-15/300720774_174450188452832_8930773238752230697_n.jpg?stp=dst-jpg_e35_tt6&efg=eyJ2ZW5jb2RlX3RhZyI6IkZFRUQuaW1hZ2VfdXJsZ2VuLjE0NDB4MTQ0MC5zZHIuZjI5MzUwLmRlZmF1bHRfaW1hZ2UuYzIifQ&_nc_ht=scontent-ord5-1.cdninstagram.com&_nc_cat=108&_nc_oc=Q6cZ2QEdJcC6UoOm31AWlkbnBqXW4wH6Zcl3HapTUhRb0CUUY07x-2yY8GoaO1hINilT1Io&_nc_ohc=ltZu7pIHvKcQ7kNvwHDN3zv&_nc_gid=evAJkaPvfum_ra06MGQwOw&edm=APoiHPcBAAAA&ccb=7-5&ig_cache_key=MjkxMTk1MTU1ODU1MzYxOTI5Nw%3D%3D.3-ccb7-5&oh=00_AfrfI-cX3JL5Ue6h-lse10oytKqvRZ2CSeHf_h_MbsbE1g&oe=69789BA5&_nc_sid=22de04,None,8/24/2022 10:34,https://www.instagram.com/p/ChpVIOqu8th,ChpVIOqu8th
,,,,,
"#Repost @joycesantosfoto with @use.repost

E essa baguna pexual? Ser que eu amei meu bolo de frutinhas?






Mame - @joissy.a.t.cardozo 
#smashthefruit  #bolodefrutas #ensaioinfantilexterno #1aninho #menino #bolodemelancia #frutas 
#festainfantil",https://scontent-ord5-3.cdninstagram.com/v/t51.71878-15/502788535_1013988264182016_6054291880215657841_n.jpg?stp=dst-jpg_e15_tt6&_nc_cat=109&ig_cache_key=MjkwOTY5ODMzMzg3Mzc3MDYwNA%3D%3D.3-ccb7-5&ccb=7-5&_nc_sid=58cdad&efg=eyJ2ZW5jb2RlX3RhZyI6InhwaWRzLjEyNDJ4MjIwOC5zZHIuQzMifQ%3D%3D&_nc_ohc=nZmo3SlwiCQQ7kNvwG3o4Nd&_nc_oc=Adl9rhCg-HSj7TDTG9VrA9Y9PW08AGx9Eh2M3RUsQHeqO0EKcVEYI13tsPxq2yOi4HU&_nc_ad=z-m&_nc_cid=0&_nc_zt=23&_nc_ht=scontent-ord5-3.cdninstagram.com&_nc_gid=evAJkaPvfum_ra06MGQwOw&oh=00_AfpfxpQrWG1EJK9ipfFQCYzo2cRdGvjZwErl6_M-w6j09g&oe=6978925B,https://scontent-ord5-3.cdninstagram.com/o1/v/t2/f2/m86/AQNWaaPLgLeUMquQg_m0Spkam58WVF26Ex09L64Nfn63V2-9DHAX84SEYZU5KNG6ov122DPAwloPd07xm04pqy9p__FRpjJt9HbjrZ4.mp4?_nc_cat=109&_nc_sid=5e9851&_nc_ht=scontent-ord5-3.cdninstagram.com&_nc_ohc=SJyonOy-9P4Q7kNvwFhivzp&efg=eyJ2ZW5jb2RlX3RhZyI6Inhwdl9wcm9ncmVzc2l2ZS5JTlNUQUdSQU0uQ0xJUFMuQzMuNzIwLmRhc2hfYmFzZWxpbmVfMV92MSIsInhwdl9hc3NldF9pZCI6Mzg5OTM0NDg2NTg3NDAwLCJhc3NldF9hZ2VfZGF5cyI6MTI1MCwidmlfdXNlY2FzZV9pZCI6MTAwOTksImR1cmF0aW9uX3MiOjgsInVybGdlbl9zb3VyY2UiOiJ3d3cifQ%3D%3D&ccb=17-1&_nc_gid=evAJkaPvfum_ra06MGQwOw&_nc_zt=28&vs=4f1ebea81b544972&_nc_vs=HBksFQIYUmlnX3hwdl9yZWVsc19wZXJtYW5lbnRfc3JfcHJvZC8xNjRDRTJDOTA2MzdCRjk5NUJENjEzRjdBNERENjdBQ192aWRlb19kYXNoaW5pdC5tcDQVAALIARIAFQIYOnBhc3N0aHJvdWdoX2V2ZXJzdG9yZS9HSkJmNXhGZE4wS2QwNVlCQUlObDhfMDU2aTBtYnFfRUFBQUYVAgLIARIAKAAYABsCiAd1c2Vfb2lsATEScHJvZ3Jlc3NpdmVfcmVjaXBlATEVAAAmkKD4qJapsQEVAigCQzMsF0Agu2RaHKwIGBJkYXNoX2Jhc2VsaW5lXzFfdjERAHX-B2XmnQEA&oh=00_Afq3LuftDjUJtY_q2raLhFOf6JYH35f0KRH1Pa9C7LaqAQ&oe=6974BC92,8/21/2022 7:58,https://www.instagram.com/p/ChhUzfqF5Bs,ChhUzfqF5Bs
,,,,,
"#Repost @camilo.duarte27 with @use.repost

",https://scontent-ord5-1.cdninstagram.com/v/t51.29350-15/300284208_471970248074173_7100253697258808045_n.jpg?stp=dst-jpg_e35_tt6&efg=eyJ2ZW5jb2RlX3RhZyI6IkZFRUQuaW1hZ2VfdXJsZ2VuLjE0NDB4MTQ0MC5zZHIuZjI5MzUwLmRlZmF1bHRfaW1hZ2UuYzIifQ&_nc_ht=scontent-ord5-1.cdninstagram.com&_nc_cat=101&_nc_oc=Q6cZ2QEdJcC6UoOm31AWlkbnBqXW4wH6Zcl3HapTUhRb0CUUY07x-2yY8GoaO1hINilT1Io&_nc_ohc=ezRwkIdJ3HUQ7kNvwGq96bM&_nc_gid=evAJkaPvfum_ra06MGQwOw&edm=APoiHPcBAAAA&ccb=7-5&ig_cache_key=MjkwODk2Nzg3OTIzMzI2MDkxOA%3D%3D.3-ccb7-5&oh=00_AfogCAT8Akb9DKFYdJeZL1EvinN1yEFPgq-fbLovUyZ2rA&oe=6978AE0A&_nc_sid=22de04,None,8/20/2022 7:46,https://www.instagram.com/p/Cheut-wuE12,Cheut-wuE12
,,,,,
"#Repost @beta.ladeira with @use.repost

De alma lavada  mais fcil !

#deontem 
#carpediem",https://scontent-ord5-2.cdninstagram.com/v/t51.29350-15/300575373_170902762118573_1621881683341021848_n.jpg?stp=dst-jpg_e35_tt6&efg=eyJ2ZW5jb2RlX3RhZyI6IkZFRUQuaW1hZ2VfdXJsZ2VuLjE0NDB4MTQ0MC5zZHIuZjI5MzUwLmRlZmF1bHRfaW1hZ2UuYzIifQ&_nc_ht=scontent-ord5-2.cdninstagram.com&_nc_cat=105&_nc_oc=Q6cZ2QEdJcC6UoOm31AWlkbnBqXW4wH6Zcl3HapTUhRb0CUUY07x-2yY8GoaO1hINilT1Io&_nc_ohc=FXQQM6ucq0QQ7kNvwHqWUBo&_nc_gid=evAJkaPvfum_ra06MGQwOw&edm=APoiHPcBAAAA&ccb=7-5&ig_cache_key=MjkwODIyNjc5OTA0MzAwNTg0Ng%3D%3D.3-ccb7-5&oh=00_AfocJn8CEwrGhLoym4uDNbG_OkAuLQ_YkonYdNQaSownfg&oe=6978AAE6&_nc_sid=22de04,None,8/19/2022 7:14,https://www.instagram.com/p/ChcGN2DOs2W,ChcGN2DOs2W
,,,,,
"#Repost @luciana_simoni with @use.repost

   ela quer PAZ  
.
.
#natureza 
#cachoeira 
#paz",https://scontent-ord5-2.cdninstagram.com/v/t51.71878-15/496392396_1237465658052340_8452532471406180821_n.jpg?stp=dst-jpg_e15_tt6&_nc_cat=104&ig_cache_key=MjkwNzg2NzUxNzYwMjQ5MjQ5Mw%3D%3D.3-ccb7-5&ccb=7-5&_nc_sid=58cdad&efg=eyJ2ZW5jb2RlX3RhZyI6InhwaWRzLjEyNDJ4MjIwOC5zZHIuQzMifQ%3D%3D&_nc_ohc=5jpU3nTRft4Q7kNvwERSeq7&_nc_oc=AdmWBJkxg6Ii5kxJSWqV2kfCM8Ds9AVqKOwhT-Rc8oTnnJdzA7USck6rtmzxJgNcH1M&_nc_ad=z-m&_nc_cid=0&_nc_zt=23&_nc_ht=scontent-ord5-2.cdninstagram.com&_nc_gid=evAJkaPvfum_ra06MGQwOw&oh=00_Afq2F461GtYapVjU5hW38wy39gSqM5jNeCTGm_SwfKrlLQ&oe=6978A572,https://scontent-ord5-3.cdninstagram.com/o1/v/t2/f2/m86/AQOom7GzPDW6XMT2FApwm2_9-FTazW_ErxxvjTvCO1PNn5v2YP1ddMDlPmrilqgjhe3xwwu0Y11sRlbhqYoXgTwjp47NldoPFe6yU50.mp4?_nc_cat=109&_nc_sid=5e9851&_nc_ht=scontent-ord5-3.cdninstagram.com&_nc_ohc=v9IJyJmJOwEQ7kNvwGxPpXb&efg=eyJ2ZW5jb2RlX3RhZyI6Inhwdl9wcm9ncmVzc2l2ZS5JTlNUQUdSQU0uQ0xJUFMuQzMuNzIwLmRhc2hfYmFzZWxpbmVfMV92MSIsInhwdl9hc3NldF9pZCI6NjEyMjc4MzAwNTcxMDgyLCJhc3NldF9hZ2VfZGF5cyI6MTI1MywidmlfdXNlY2FzZV9pZCI6MTAwOTksImR1cmF0aW9uX3MiOjQwLCJ1cmxnZW5fc291cmNlIjoid3d3In0%3D&ccb=17-1&_nc_gid=evAJkaPvfum_ra06MGQwOw&_nc_zt=28&vs=941ee0f313782571&_nc_vs=HBksFQIYUmlnX3hwdl9yZWVsc19wZXJtYW5lbnRfc3JfcHJvZC9GMjRGRUEyQjFDNzdGNjY4Q0E2QTgxNEJBOERDQkE4Ml92aWRlb19kYXNoaW5pdC5tcDQVAALIARIAFQIYOnBhc3N0aHJvdWdoX2V2ZXJzdG9yZS9HSHlXMlJGSy1pTWh1ZW9DQUpNNmVEZk5ieUFfYnFfRUFBQUYVAgLIARIAKAAYABsCiAd1c2Vfb2lsATEScHJvZ3Jlc3NpdmVfcmVjaXBlATEVAAAmlNff6aS3lgIVAigCQzMsF0BEbtkWhysCGBJkYXNoX2Jhc2VsaW5lXzFfdjERAHX-B2XmnQEA&oh=00_AfrC2xQoyGox1MjTOsHZJxyqUVx4lQuAfnb7V1OG3eHOJg&oe=6974A0BE,8/18/2022 19:21,https://www.instagram.com/p/Cha0hnIl_BN,Cha0hnIl_BN
,,,,,
"#Repost @thalleslimaphotos with @use.repost

NO PARASO 
-
#photo #photography #sky #nature #sky",https://scontent-ord5-3.cdninstagram.com/v/t51.71878-15/496498161_9507765402679875_7274418700093082143_n.jpg?stp=dst-jpg_e15_tt6&_nc_cat=110&ig_cache_key=MjkwNzYzNTYxNjMzNzc4NTQ3Mw%3D%3D.3-ccb7-5&ccb=7-5&_nc_sid=58cdad&efg=eyJ2ZW5jb2RlX3RhZyI6InhwaWRzLjEyNDJ4MjIwOC5zZHIuQzMifQ%3D%3D&_nc_ohc=8b5JrC3Hq30Q7kNvwEcdoDR&_nc_oc=Adnp6c8NaI1VL8sYZmnZiLljuwvwIdkQ6Xb6azM9u0E9CjjWexEzyn7y33qvC3QoIiU&_nc_ad=z-m&_nc_cid=0&_nc_zt=23&_nc_ht=scontent-ord5-3.cdninstagram.com&_nc_gid=evAJkaPvfum_ra06MGQwOw&oh=00_Afryx9uG2sX9FVJgdWtvMY1Isl5ArWsZhdcHGCuvC6whfA&oe=6978985A,https://scontent-ord5-1.cdninstagram.com/o1/v/t2/f2/m86/AQNuxM0gqgxHbUDvBBtIYOjgk6b6xVOayYYtvqD4gkzXI0__cbpkSpceOmb8Nifq6-U4KZsbXHPPhULLudjVTii1TQ8iGDmUe1vCZ3c.mp4?_nc_cat=108&_nc_sid=5e9851&_nc_ht=scontent-ord5-1.cdninstagram.com&_nc_ohc=x1VW1NmVhpUQ7kNvwF4ZCku&efg=eyJ2ZW5jb2RlX3RhZyI6Inhwdl9wcm9ncmVzc2l2ZS5JTlNUQUdSQU0uQ0xJUFMuQzMuNzIwLmRhc2hfYmFzZWxpbmVfMV92MSIsInhwdl9hc3NldF9pZCI6NTE4MTM1Mjk5NTMyMTE1OSwiYXNzZXRfYWdlX2RheXMiOjEyNTMsInZpX3VzZWNhc2VfaWQiOjEwMDk5LCJkdXJhdGlvbl9zIjoyMCwidXJsZ2VuX3NvdXJjZSI6Ind3dyJ9&ccb=17-1&vs=a29ae3c1baefd9f5&_nc_vs=HBksFQIYUmlnX3hwdl9yZWVsc19wZXJtYW5lbnRfc3JfcHJvZC80ODQ1NTEyQkIwOTYwMzUxNkFDQTZDNUUzQTI2NDFCOV92aWRlb19kYXNoaW5pdC5tcDQVAALIARIAFQIYOnBhc3N0aHJvdWdoX2V2ZXJzdG9yZS9HRlgtMlJGMFNOdjJ1a29CQUNWbUhUWWxIZnhKYnFfRUFBQUYVAgLIARIAKAAYABsCiAd1c2Vfb2lsATEScHJvZ3Jlc3NpdmVfcmVjaXBlATEVAAAmjtXvi7iatBIVAigCQzMsF0A0xBiTdLxqGBJkYXNoX2Jhc2VsaW5lXzFfdjERAHX-B2XmnQEA&_nc_gid=evAJkaPvfum_ra06MGQwOw&_nc_zt=28&oh=00_AfptxWzP2xuKgfidvOasOuNRQMkUoP0fEfYy4djGKnL5nA&oe=6974A19D,8/18/2022 11:40,https://www.instagram.com/p/ChZ_zAQFnKB,ChZ_zAQFnKB
,,,,,
"#Repost @livmagalhaes10 with @use.repost

Edio limitada esse rol, valeu rapaze",https://scontent-ord5-2.cdninstagram.com/v/t51.29350-15/299724476_447300294084580_3274877816239594263_n.jpg?stp=dst-jpg_e35_tt6&efg=eyJ2ZW5jb2RlX3RhZyI6IkZFRUQuaW1hZ2VfdXJsZ2VuLjE0NDB4MTgwMC5zZHIuZjI5MzUwLmRlZmF1bHRfaW1hZ2UuYzIifQ&_nc_ht=scontent-ord5-2.cdninstagram.com&_nc_cat=104&_nc_oc=Q6cZ2QEdJcC6UoOm31AWlkbnBqXW4wH6Zcl3HapTUhRb0CUUY07x-2yY8GoaO1hINilT1Io&_nc_ohc=wmpVHQmgXcEQ7kNvwHB4uVF&_nc_gid=evAJkaPvfum_ra06MGQwOw&edm=APoiHPcBAAAA&ccb=7-5&ig_cache_key=MjkwNzE0MTA0MTY1MzY4OTY1OA%3D%3D.3-ccb7-5&oh=00_AfqQFCHFVz8d5d9x78Zwqr9wWYiYWFbnPQrcz6uMYOm0VQ&oe=6978B0C7&_nc_sid=22de04,None,8/17/2022 19:17,https://www.instagram.com/p/ChYPV_rui06,ChYPV_rui06
,,,,,
"#Repost @nancidays with @use.repost

O lado bom da vida. Obrigada, Rita#comearbemodia #trilheirasdobrasil #naserra #luzdeoutono",https://scontent-ord5-2.cdninstagram.com/v/t51.29350-15/299512286_117693514357708_1227270137115329421_n.jpg?stp=dst-jpg_e35_tt6&efg=eyJ2ZW5jb2RlX3RhZyI6IkZFRUQuaW1hZ2VfdXJsZ2VuLjE0NDB4MTQ0MC5zZHIuZjI5MzUwLmRlZmF1bHRfaW1hZ2UuYzIifQ&_nc_ht=scontent-ord5-2.cdninstagram.com&_nc_cat=104&_nc_oc=Q6cZ2QEdJcC6UoOm31AWlkbnBqXW4wH6Zcl3HapTUhRb0CUUY07x-2yY8GoaO1hINilT1Io&_nc_ohc=GC187Q1m4iAQ7kNvwEbbtGi&_nc_gid=evAJkaPvfum_ra06MGQwOw&edm=APoiHPcBAAAA&ccb=7-5&ig_cache_key=MjkwNzAzOTAxNzU3NDcyOTUxOQ%3D%3D.3-ccb7-5&oh=00_Afr54rWMrXDeYisqlr0hdAFRUTfHAwvnO71UQnPoC826Bw&oe=6978BB00&_nc_sid=22de04,None,8/17/2022 15:54,https://www.instagram.com/p/ChX4JWWvgcv,ChX4JWWvgcv
,,,,,
"#Repost @gisellimussi with @use.repost

Final de semana abenoado!
Muitas aventuras,  caminhadas e risadas! Araponga MG",https://scontent-ord5-1.cdninstagram.com/v/t51.29350-15/299599871_630025565052829_1750566864271371169_n.jpg?stp=dst-jpg_e35_tt6&efg=eyJ2ZW5jb2RlX3RhZyI6IkZFRUQuaW1hZ2VfdXJsZ2VuLjE0NDB4MTQ0MC5zZHIuZjI5MzUwLmRlZmF1bHRfaW1hZ2UuYzIifQ&_nc_ht=scontent-ord5-1.cdninstagram.com&_nc_cat=101&_nc_oc=Q6cZ2QEdJcC6UoOm31AWlkbnBqXW4wH6Zcl3HapTUhRb0CUUY07x-2yY8GoaO1hINilT1Io&_nc_ohc=YJH_V9UdWAwQ7kNvwHNVD1E&_nc_gid=evAJkaPvfum_ra06MGQwOw&edm=APoiHPcBAAAA&ccb=7-5&ig_cache_key=MjkwNjg5OTQ0OTQ0MTIxODAzMQ%3D%3D.3-ccb7-5&oh=00_AfrVA5EmXLxriiagA-XOZdi_Q3vU7XE-hE9dt9NV4HU1EQ&oe=69789AF6&_nc_sid=22de04,None,8/17/2022 11:17,https://www.instagram.com/p/ChXYaXZuO3v,ChXYaXZuO3v
,,,,,
"#Repost @pelasgerais with @use.repost

Ja tem destino programado para as prximas frias? J conhece algumas desses parques? Me contem ns comentrios quais vocs conhecem. Compartilhe essa dica com os amigos!

.
.
.
.
#pelasgerais #minasgerais #minas #turismo #turismominasgerais #turismomg #fotografia #photography #paisagens #lugaresincriveis #lugares #lugaresdeminas #lugareslindos #cidades #suldeminasgerais #mantiqueira #serradamantiqueira #cidadeshistoricas #cidadeshistoricasmg #diamantina #biribiri #aiuruoca #itamb #serro #pedrabonita #serradobrigadeiro #ibitipoca",https://scontent-ord5-2.cdninstagram.com/v/t51.71878-15/497619270_995548202736144_7813339292266132945_n.jpg?stp=dst-jpg_e15_tt6&_nc_cat=105&ig_cache_key=MjkwNjM5NzUxNjQwODA3NzY2Mw%3D%3D.3-ccb7-5&ccb=7-5&_nc_sid=58cdad&efg=eyJ2ZW5jb2RlX3RhZyI6InhwaWRzLjcyMHgxMjgwLnNkci5DMyJ9&_nc_ohc=ACGKukCkO10Q7kNvwEut42q&_nc_oc=AdncAYoKUYkR8jwZRZXN1kgeoW0fv-iOpBNojf_fzp25hm69W629B_hwflojbPAridQ&_nc_ad=z-m&_nc_cid=0&_nc_zt=23&_nc_ht=scontent-ord5-2.cdninstagram.com&_nc_gid=evAJkaPvfum_ra06MGQwOw&oh=00_Afo7cDeyuGFsu-T9q5IatmzyraFXl56sFVC9PeWJ_0AU6w&oe=69789123,https://scontent-ord5-1.cdninstagram.com/o1/v/t2/f2/m86/AQMD1iLJwsHJxqVzM9Nq3wPNWV7uZja1K6pxXtgnSSTBpMVxpVtlQ7vg7HeteWd0xzX74r2s97vPjp3gos0oaxstSegaVmW8-R-QlNQ.mp4?_nc_cat=108&_nc_sid=5e9851&_nc_ht=scontent-ord5-1.cdninstagram.com&_nc_ohc=R4ifQDBuHmUQ7kNvwHExIi0&efg=eyJ2ZW5jb2RlX3RhZyI6Inhwdl9wcm9ncmVzc2l2ZS5JTlNUQUdSQU0uQ0xJUFMuQzMuNzIwLmRhc2hfYmFzZWxpbmVfMV92MSIsInhwdl9hc3NldF9pZCI6MzgzMDU2OTQzOTg1Mjc2LCJhc3NldF9hZ2VfZGF5cyI6MTI1NSwidmlfdXNlY2FzZV9pZCI6MTAwOTksImR1cmF0aW9uX3MiOjEwLCJ1cmxnZW5fc291cmNlIjoid3d3In0%3D&ccb=17-1&_nc_gid=evAJkaPvfum_ra06MGQwOw&_nc_zt=28&vs=ba090a41c79f4bad&_nc_vs=HBksFQIYUmlnX3hwdl9yZWVsc19wZXJtYW5lbnRfc3JfcHJvZC9BMTREQ0UzMUIzNzJCMzEyNUU1MEMwRDNDNERBRjI5Nl92aWRlb19kYXNoaW5pdC5tcDQVAALIARIAFQIYOnBhc3N0aHJvdWdoX2V2ZXJzdG9yZS9HS2dzM3hFU2ozYnlpeGtDQVBnTmpzNHo5OUk4YnFfRUFBQUYVAgLIARIAKAAYABsCiAd1c2Vfb2lsATEScHJvZ3Jlc3NpdmVfcmVjaXBlATEVAAAm-MmZ0eyYrgEVAigCQzMsF0Alu2RaHKwIGBJkYXNoX2Jhc2VsaW5lXzFfdjERAHX-B2XmnQEA&oh=00_AfoFAGTZPD9mJH3BY_Pa1ja8AL7kI_mOYgXEgetPdWGtVA&oe=6974ABA5,8/16/2022 18:41,https://www.instagram.com/p/ChVmSR1lL1f,ChVmSR1lL1f
,,,,,
"#Repost @biankasrodrigues with @use.repost

jamais os esquecerei rede verde & chalezinho 5. ",https://scontent-ord5-1.cdninstagram.com/v/t51.29350-15/299548425_492523012879103_7887901737106389084_n.jpg?stp=dst-jpg_e35_tt6&efg=eyJ2ZW5jb2RlX3RhZyI6IkZFRUQuaW1hZ2VfdXJsZ2VuLjE0NDB4MTgwMC5zZHIuZjI5MzUwLmRlZmF1bHRfaW1hZ2UuYzIifQ&_nc_ht=scontent-ord5-1.cdninstagram.com&_nc_cat=111&_nc_oc=Q6cZ2QH4AjImJ4y37Hkef3QAeaBfPpmpCwk76oiqucUjEuzPRMkIOHdhaThwkVHaeZ600C8&_nc_ohc=R6P7UrLx6dUQ7kNvwFZtz9I&_nc_gid=bDEGgBWpfp1XSPpdHOfekQ&edm=APoiHPcBAAAA&ccb=7-5&ig_cache_key=MjkwNjEzODA4Mzc5MzExNDIxMw%3D%3D.3-ccb7-5&oh=00_AfpU9TOez8pkMjoKKxUAXIBKAVHjw7CZcz9QkuBl03XPfw&oe=69789919&_nc_sid=22de04,None,8/16/2022 10:04,https://www.instagram.com/p/ChUrTCYuRRl,ChUrTCYuRRl
,,,,,
"#Repost @marinacunhabio with @use.repost

Esse mundo das minhas Minas Gerais
#picodobone #valedasluas #ecoturismo",https://scontent-ord5-1.cdninstagram.com/v/t51.29350-15/299485543_531530898773468_2389653843283842966_n.jpg?stp=dst-jpg_e35_tt6&efg=eyJ2ZW5jb2RlX3RhZyI6IkZFRUQuaW1hZ2VfdXJsZ2VuLjE0NDB4MTQ0MC5zZHIuZjI5MzUwLmRlZmF1bHRfaW1hZ2UuYzIifQ&_nc_ht=scontent-ord5-1.cdninstagram.com&_nc_cat=108&_nc_oc=Q6cZ2QH4AjImJ4y37Hkef3QAeaBfPpmpCwk76oiqucUjEuzPRMkIOHdhaThwkVHaeZ600C8&_nc_ohc=69f0x5e7JiIQ7kNvwE2ssWK&_nc_gid=bDEGgBWpfp1XSPpdHOfekQ&edm=APoiHPcBAAAA&ccb=7-5&ig_cache_key=MjkwNTY5MTg4MTM4NTU3NzQwMA%3D%3D.3-ccb7-5&oh=00_Afp0q3JTWx69EHQyePUnoGX9sWoe36_JR6eFwwcZeTJ4_g&oe=6978B1A4&_nc_sid=22de04,None,8/15/2022 19:18,https://www.instagram.com/p/ChTF18AuUu4,ChTF18AuUu4
,,,,,
"#Repost @jessicamariaml with @use.repost

Aos trancos e tombos, e que foram muitos, valeu a pena demais!",https://scontent-ord5-3.cdninstagram.com/v/t51.29350-15/299333536_580067320266714_307791454815680351_n.jpg?stp=dst-jpg_e35_tt6&efg=eyJ2ZW5jb2RlX3RhZyI6IkZFRUQuaW1hZ2VfdXJsZ2VuLjE0NDB4MTQ0MC5zZHIuZjI5MzUwLmRlZmF1bHRfaW1hZ2UuYzIifQ&_nc_ht=scontent-ord5-3.cdninstagram.com&_nc_cat=106&_nc_oc=Q6cZ2QH4AjImJ4y37Hkef3QAeaBfPpmpCwk76oiqucUjEuzPRMkIOHdhaThwkVHaeZ600C8&_nc_ohc=H86P7n-9AcUQ7kNvwH071-B&_nc_gid=bDEGgBWpfp1XSPpdHOfekQ&edm=APoiHPcBAAAA&ccb=7-5&ig_cache_key=MjkwNTQ0MzE4NTM2NDM2ODQxMg%3D%3D.3-ccb7-5&oh=00_AfqUM2eMHLlprTLeL8cvKyLpUEtEJt6NnTAGyLs0Ha1xIg&oe=6978B472&_nc_sid=22de04,None,8/15/2022 11:04,https://www.instagram.com/p/ChSNS7yuPwc,ChSNS7yuPwc
,,,,,
"#Repost @photoliberato with @use.repost

Eu tenho tanto pra te falar, mas com palavras no sei dizer... E  por isso que eu sempre carrego voc!
O vdeo da nossa aventura est no link da Bio.
.
.
.
#serradobrigadeiro #diadospais #picodobone #arapongamg #thenorthfacebrasil #deuterbrasil #campingbrasil #cachoeirasdobrasil #paiefilha #familiaaventureira #trilheirosdamontanha #montanhismobrasil #montanhista #trilheirosdobrasil #mantiqueiramountains",https://scontent-ord5-2.cdninstagram.com/v/t51.29350-15/299415106_1946731415530239_6809545820568083798_n.jpg?stp=dst-jpg_e35_tt6&efg=eyJ2ZW5jb2RlX3RhZyI6IkZFRUQuaW1hZ2VfdXJsZ2VuLjE0NDB4MTI5Mi5zZHIuZjI5MzUwLmRlZmF1bHRfaW1hZ2UuYzIifQ&_nc_ht=scontent-ord5-2.cdninstagram.com&_nc_cat=103&_nc_oc=Q6cZ2QH4AjImJ4y37Hkef3QAeaBfPpmpCwk76oiqucUjEuzPRMkIOHdhaThwkVHaeZ600C8&_nc_ohc=vTZcbcfpx0EQ7kNvwHg-mMu&_nc_gid=bDEGgBWpfp1XSPpdHOfekQ&edm=APoiHPcBAAAA&ccb=7-5&ig_cache_key=MjkwNTI0NjEwMjg3OTcwNjk2Ng%3D%3D.3-ccb7-5&oh=00_AfqOfmFjB52D1xjduedRS5tWwTndyi_exJK-S3bb5Ovs7w&oe=6978BB04&_nc_sid=22de04,None,8/15/2022 4:32,https://www.instagram.com/p/ChRgfAbO59W,ChRgfAbO59W
,,,,,
#Repost @warleisantoscastro with @use.repost,https://scontent-ord5-3.cdninstagram.com/v/t51.71878-15/503224144_1256545862694779_6249018948200517543_n.jpg?stp=dst-jpg_e15_tt6&_nc_cat=107&ig_cache_key=MjkwNDkyNTkyMTE3NzA0MDk0Ng%3D%3D.3-ccb7-5&ccb=7-5&_nc_sid=58cdad&efg=eyJ2ZW5jb2RlX3RhZyI6InhwaWRzLjEyNDJ4MjIwOC5zZHIuQzMifQ%3D%3D&_nc_ohc=BllhQrke8EsQ7kNvwHcBQAS&_nc_oc=AdnoOgQYHguE8LoLjG_ydsdZBYrfUiHfN_BX1_WAWcwiAsQPcRCfv5dp6rcfrw3nmmg&_nc_ad=z-m&_nc_cid=0&_nc_zt=23&_nc_ht=scontent-ord5-3.cdninstagram.com&_nc_gid=bDEGgBWpfp1XSPpdHOfekQ&oh=00_AfryTwQpdY_QTZXYWDoL7G9rmhb9OQvQBuIupiP_-QNRjw&oe=69789353,https://scontent-ord5-3.cdninstagram.com/o1/v/t2/f2/m86/AQMc3mE92effkUUOFya-ApgraeixouZWgzNJOxLUclqbFWkjZSSuk9LkYvYvT5fojC7-SBkFAf6oV32uMx8XvestxCBYXGNB11t2KMc.mp4?_nc_cat=107&_nc_sid=5e9851&_nc_ht=scontent-ord5-3.cdninstagram.com&_nc_ohc=9VU_s2-I08cQ7kNvwFtoRsv&efg=eyJ2ZW5jb2RlX3RhZyI6Inhwdl9wcm9ncmVzc2l2ZS5JTlNUQUdSQU0uQ0xJUFMuQzMuNzIwLmRhc2hfYmFzZWxpbmVfMV92MSIsInhwdl9hc3NldF9pZCI6NjEwNDI2MTAzOTczNDI4LCJhc3NldF9hZ2VfZGF5cyI6MTI1NywidmlfdXNlY2FzZV9pZCI6MTAwOTksImR1cmF0aW9uX3MiOjMwLCJ1cmxnZW5fc291cmNlIjoid3d3In0%3D&ccb=17-1&_nc_gid=bDEGgBWpfp1XSPpdHOfekQ&_nc_zt=28&vs=47271835bd15195b&_nc_vs=HBksFQIYUmlnX3hwdl9yZWVsc19wZXJtYW5lbnRfc3JfcHJvZC8wRTQxRUZFRkU1RjVGMzVDRTQyNTFCNDcwRDZCODE4M192aWRlb19kYXNoaW5pdC5tcDQVAALIARIAFQIYOnBhc3N0aHJvdWdoX2V2ZXJzdG9yZS9HQklDMnhFTU5qcmFvTE1CQU1hWDVRNXhKRDlNYnFfRUFBQUYVAgLIARIAKAAYABsCiAd1c2Vfb2lsATEScHJvZ3Jlc3NpdmVfcmVjaXBlATEVAAAm6Ji28bzLlQIVAigCQzMsF0A-AAAAAAAAGBJkYXNoX2Jhc2VsaW5lXzFfdjERAHX-B2XmnQEA&oh=00_Afp4fxfIREIKLfUBX9VgDaEC5YR9wu0LNPSkFfsT6ZER7w&oe=6974ADD4,8/14/2022 17:57,https://www.instagram.com/p/ChQXrv-lPgy,ChQXrv-lPgy
,,,,,
"#Repost @arapongamg with @use.repost

#TBT

Ligue o som!

Curta essa ""palinha"" e esse por do sol incrvel.

@rebecanonatto 

#arapongamg 
#musicaboa 
#pordosol 
#acustico 
#beiradeestrada 
#travel",https://scontent-ord5-3.cdninstagram.com/v/t51.71878-15/498310208_1033468715391253_6435099953655741408_n.jpg?stp=dst-jpg_e15_tt6&_nc_cat=107&ig_cache_key=MjkwNDIxNTA0NTA1ODk0MDg0Mg%3D%3D.3-ccb7-5&ccb=7-5&_nc_sid=58cdad&efg=eyJ2ZW5jb2RlX3RhZyI6InhwaWRzLjEyNDJ4MjIwOC5zZHIuQzMifQ%3D%3D&_nc_ohc=VXFyntkWPvAQ7kNvwHjmp_x&_nc_oc=AdlhHNBEq7qaalEkGYTzffD2H2S3NuYBvIzN4b9HWZfffv-nszp-MiaKyBL0NjbKOrE&_nc_ad=z-m&_nc_cid=0&_nc_zt=23&_nc_ht=scontent-ord5-3.cdninstagram.com&_nc_gid=bDEGgBWpfp1XSPpdHOfekQ&oh=00_AfoDn3NN2SjWDaczfBNzyBls0dmozFrTynXJIoYjq6UU7w&oe=6978B0BB,https://scontent-ord5-3.cdninstagram.com/o1/v/t2/f2/m86/AQMiRgam_ziAWVfNQL3W4KZla7S16dVTj1BSUzVHpcljy1WiCYirg9rDTV7Kx_ePQfwpBs3gxWsbOPVr8pGcRU0rX21Y2m_CUllhXBk.mp4?_nc_cat=107&_nc_sid=5e9851&_nc_ht=scontent-ord5-3.cdninstagram.com&_nc_ohc=5bEP4IkzNswQ7kNvwGOTEd7&efg=eyJ2ZW5jb2RlX3RhZyI6Inhwdl9wcm9ncmVzc2l2ZS5JTlNUQUdSQU0uQ0xJUFMuQzMuNDgwLmRhc2hfYmFzZWxpbmVfMV92MSIsInhwdl9hc3NldF9pZCI6NDMxNzU2NzkyMjI5MTE4LCJhc3NldF9hZ2VfZGF5cyI6MTI1OCwidmlfdXNlY2FzZV9pZCI6MTAwOTksImR1cmF0aW9uX3MiOjU5LCJ1cmxnZW5fc291cmNlIjoid3d3In0%3D&ccb=17-1&_nc_gid=bDEGgBWpfp1XSPpdHOfekQ&_nc_zt=28&vs=eaa9a7868b0ea07b&_nc_vs=HBksFQIYUmlnX3hwdl9yZWVsc19wZXJtYW5lbnRfc3JfcHJvZC82NTQzQzZEMENDQUFCNjU5Q0YxQjlCRDkzMUQwNjI4OV92aWRlb19kYXNoaW5pdC5tcDQVAALIARIAFQIYOnBhc3N0aHJvdWdoX2V2ZXJzdG9yZS9HR0ZKekJIVGdYZFIxellDQVBHQVZpWEhOZUpOYnFfRUFBQUYVAgLIARIAKAAYABsCiAd1c2Vfb2lsATEScHJvZ3Jlc3NpdmVfcmVjaXBlATEVAAAm_LPX48arxAEVAigCQzMsF0BN-6XjU_fPGBJkYXNoX2Jhc2VsaW5lXzFfdjERAHX-B2XmnQEA&oh=00_AfrcmCczudcKJyBYDGUq6_6i6ao-gB1m753ia7nZW5lzNA&oe=6974C158,8/13/2022 18:24,https://www.instagram.com/p/ChN2DJAFU-q,ChN2DJAFU-q
,,,,,
"#Repost @asca_special_coffees with @use.repost

Esse  o sr. Dimas Mendes Bastos, dono da Fazenda Serra do So Bento, no distrito de Estevo Arajo, em Araponga-MG, admirando sua lavoura a mais de mil metros de altitude!!!

#repost do @bobcoffee_ 

Seu caf de excelncia j foi premiado como segundo melhor caf pelo concurso Cup off Excellence, em 2012, e das 18 vezes que participou da seletiva de melhores cafs feita pela empresa Illy, ficou como finalista em 15 edies.

Leia a histria na ntegra de Dimas Mendes, associado da ASCA, no site https://www.ascacafesespeciais.com.br/fazenda-serra-do-sao-bento/.

#asca #associacao #cafesespeciais #arapongamg #cafe associados #fazendaserradosaobento #serradobrigadeiro",https://scontent-ord5-1.cdninstagram.com/v/t51.29350-15/298713206_457580789354492_9077289567315134669_n.jpg?stp=dst-jpg_e35_tt6&efg=eyJ2ZW5jb2RlX3RhZyI6IkZFRUQuaW1hZ2VfdXJsZ2VuLjE0NDB4MTQ0MC5zZHIuZjI5MzUwLmRlZmF1bHRfaW1hZ2UuYzIifQ&_nc_ht=scontent-ord5-1.cdninstagram.com&_nc_cat=108&_nc_oc=Q6cZ2QH4AjImJ4y37Hkef3QAeaBfPpmpCwk76oiqucUjEuzPRMkIOHdhaThwkVHaeZ600C8&_nc_ohc=vDB8_n-PbIQQ7kNvwEybApX&_nc_gid=bDEGgBWpfp1XSPpdHOfekQ&edm=APoiHPcBAAAA&ccb=7-5&ig_cache_key=MjkwMzg4MTk2OTA4MDk3Mjg5OA%3D%3D.3-ccb7-5&oh=00_AfpOw-LeYu1gmTmxeQzpU5QGhXdKoUNKBC_373sNpdbZaw&oe=6978C77E&_nc_sid=22de04,None,8/13/2022 7:22,https://www.instagram.com/p/ChMqUP0u7Zi,ChMqUP0u7Zi
,,,,,
"#Repost @escarpasdolagobr with @use.repost

Marque seu amigo que  um pouco ansioso  #viagem #reels #escarpas #capitolio #meme #ferias",https://scontent-ord5-3.cdninstagram.com/v/t51.71878-15/501386959_29695287413418977_576293715010982623_n.jpg?stp=dst-jpg_e15_tt6&_nc_cat=106&ig_cache_key=MjkwMzQ0NjAxNjY4NTk3MDA3NQ%3D%3D.3-ccb7-5&ccb=7-5&_nc_sid=58cdad&efg=eyJ2ZW5jb2RlX3RhZyI6InhwaWRzLjcyMHgxMjgwLnNkci5DMyJ9&_nc_ohc=peZoJgiLrmIQ7kNvwFhQ-sL&_nc_oc=AdnlGB3nFhsERjyK-PX9vtRphPJ4U9ZkM9qDHvzBvf8980stUzSrn013SVMI3r8Vv7o&_nc_ad=z-m&_nc_cid=0&_nc_zt=23&_nc_ht=scontent-ord5-3.cdninstagram.com&_nc_gid=bDEGgBWpfp1XSPpdHOfekQ&oh=00_AfowKYDp1-xcmIBoAceQKqPr41kRZg0bbgIw1xnHMUXnJQ&oe=6978B395,https://scontent-ord5-2.cdninstagram.com/o1/v/t2/f2/m86/AQOx2LutelYY-2Q-dFmL_faucx6_xNUG1m5FpkfPRKlLEty1egrpnNe-Q0WQnRia_uU0Swt0EDK-0linU2oRUo-lXS5dp-I2k_Supag.mp4?_nc_cat=103&_nc_sid=5e9851&_nc_ht=scontent-ord5-2.cdninstagram.com&_nc_ohc=DVtYsJr4BzMQ7kNvwFndU9y&efg=eyJ2ZW5jb2RlX3RhZyI6Inhwdl9wcm9ncmVzc2l2ZS5JTlNUQUdSQU0uQ0xJUFMuQzMuNzIwLmRhc2hfYmFzZWxpbmVfMV92MSIsInhwdl9hc3NldF9pZCI6NzgzMTgxNzcyNjg1OTI2MCwiYXNzZXRfYWdlX2RheXMiOjEyNTksInZpX3VzZWNhc2VfaWQiOjEwMDk5LCJkdXJhdGlvbl9zIjo1LCJ1cmxnZW5fc291cmNlIjoid3d3In0%3D&ccb=17-1&vs=2904ec5004d07f7c&_nc_vs=HBksFQIYUmlnX3hwdl9yZWVsc19wZXJtYW5lbnRfc3JfcHJvZC85NDQyRTM5MkU4MEE5MUFGRkFCREU1RjJGNkE5QzRCOF92aWRlb19kYXNoaW5pdC5tcDQVAALIARIAFQIYOnBhc3N0aHJvdWdoX2V2ZXJzdG9yZS9HR1BzMWhFMG13WUV6QTRDQUE2eENDcmYzRFZsYnFfRUFBQUYVAgLIARIAKAAYABsCiAd1c2Vfb2lsATEScHJvZ3Jlc3NpdmVfcmVjaXBlATEVAAAm-N_wmOW_6RsVAigCQzMsF0AUAAAAAAAAGBJkYXNoX2Jhc2VsaW5lXzFfdjERAHX-B2XmnQEA&_nc_gid=bDEGgBWpfp1XSPpdHOfekQ&_nc_zt=28&oh=00_AfrcBHYu-gX9vJJMe9Gqi_EaZvveIFNKtXXNSVWgPDIUnQ&oe=6974A588,8/12/2022 16:56,https://www.instagram.com/p/ChLHMThFxKb,ChLHMThFxKb
,,,,,
"#Repost @brunazaneli with @use.repost

Ento foco no jogo primo, aqui de cima vejo muito mais f no meu rumo, mesmo com o cu caindo, o mundo no faz mais por mim, mas eu sou nascido pra batalha e no tem tempo ruim ",https://scontent-ord5-2.cdninstagram.com/v/t51.29350-15/299001179_149480234368202_4234694305167421293_n.jpg?stp=dst-jpg_e35_tt6&efg=eyJ2ZW5jb2RlX3RhZyI6IkZFRUQuaW1hZ2VfdXJsZ2VuLjE0NDB4MTUzMi5zZHIuZjI5MzUwLmRlZmF1bHRfaW1hZ2UuYzIifQ&_nc_ht=scontent-ord5-2.cdninstagram.com&_nc_cat=102&_nc_oc=Q6cZ2QH4AjImJ4y37Hkef3QAeaBfPpmpCwk76oiqucUjEuzPRMkIOHdhaThwkVHaeZ600C8&_nc_ohc=mXvKE7G9E2MQ7kNvwGFF_uB&_nc_gid=bDEGgBWpfp1XSPpdHOfekQ&edm=APoiHPcBAAAA&ccb=7-5&ig_cache_key=MjkwMzExNzE3NjQ0MzA1MjE3Mw%3D%3D.3-ccb7-5&oh=00_AfoXPaZVSZIZDsUH0fz8ozgLpS5E8iQLsbfPbpXXfkngDg&oe=6978968D&_nc_sid=22de04,None,8/12/2022 6:02,https://www.instagram.com/p/ChJ8bDLOSCN,ChJ8bDLOSCN
,,,,,
#Repost @vale_das_luas with @use.repost,https://scontent-ord5-3.cdninstagram.com/v/t51.29350-15/298636843_426204976135992_7111241538977680075_n.jpg?stp=dst-jpg_e35_tt6&efg=eyJ2ZW5jb2RlX3RhZyI6IkZFRUQuaW1hZ2VfdXJsZ2VuLjE0NDB4MTQ0MC5zZHIuZjI5MzUwLmRlZmF1bHRfaW1hZ2UuYzIifQ&_nc_ht=scontent-ord5-3.cdninstagram.com&_nc_cat=100&_nc_oc=Q6cZ2QH4AjImJ4y37Hkef3QAeaBfPpmpCwk76oiqucUjEuzPRMkIOHdhaThwkVHaeZ600C8&_nc_ohc=sZWD6V4R_4gQ7kNvwFdMN5E&_nc_gid=bDEGgBWpfp1XSPpdHOfekQ&edm=APoiHPcBAAAA&ccb=7-5&ig_cache_key=MjkwMjc3NzI1MzQyMDg1NzI4NQ%3D%3D.3-ccb7-5&oh=00_AfoO3LNlxF4wY_8jIEw_3xBBLUhYYOmykA-pDypP-XhOGg&oe=6978BFAA&_nc_sid=22de04,None,8/11/2022 18:47,https://www.instagram.com/p/ChIvIhMO_fF,ChIvIhMO_fF
,,,,,
"#Repost @jaderduquee with @use.repost

 ""Existe um momento para  ousadia e um momento para cautela, e o homem sbio sabe o momento de cada um deles""
.
.
.
#picodobone #picodobon #araponga #arapongamg #panoramacrop #swipeable",https://scontent-ord5-3.cdninstagram.com/v/t51.29350-15/298710758_1957481601105360_6958945944304054579_n.jpg?stp=dst-jpg_e35_tt6&efg=eyJ2ZW5jb2RlX3RhZyI6IkZFRUQuaW1hZ2VfdXJsZ2VuLjE0NDB4MTgwMC5zZHIuZjI5MzUwLmRlZmF1bHRfaW1hZ2UuYzIifQ&_nc_ht=scontent-ord5-3.cdninstagram.com&_nc_cat=100&_nc_oc=Q6cZ2QFP11wTySzlEDDlnJ7WwcWN_CF1sHZzDKDxjkIZ7kCIrCNSLQ6Y3G1fi3LKcp6X3gQ&_nc_ohc=DNGCIvXstxUQ7kNvwFXZGE6&_nc_gid=ej31ldU2VaMldxSvR9HKoA&edm=APoiHPcBAAAA&ccb=7-5&ig_cache_key=MjkwMjA1NzY1NDU1MTA5NTI1OA%3D%3D.3-ccb7-5&oh=00_AfpMweczSaHxyM5LAQ2NfJ4yI6iBQy4GvmNy4XmnclYouw&oe=6978AB37&_nc_sid=22de04,None,8/10/2022 18:57,https://www.instagram.com/p/ChGLg-hOKfa,ChGLg-hOKfa
,,,,,
"#Repost @serradobrigadeiro with @use.repost

O Mirante na Comunidade da Serra das Cabeas, em Araponga-MG.

Ele est localizado s margens da BR-482, sentido a Portaria do Parque Estadual da Serra do Brigadeiro  a 800 metros de distncia, e oferece aos turistas uma vista deslumbrante acima de 1.358 metros.

O mirante possui uma limitao de 20 pessoas para que todos possam desfrut-lo com segurana.

O local ser sinalizado com as respectivas orientaes para a sua preservao e utilizao.

O mirante tambm conta com um estacionamento.

Vdeo: @perigoloagronoma

Matria na ntegra:https://serradobrigadeiro.com.br/mirante-na-serra-do-brigadeiro-e-inaugurado/

Quer saber mais sobre opes de Pousadas, Cachoeiras, Trilhas, Picos, Aventuras e Cultura pela Serra do Brigadeiro? Ento visite nosso site www.serradobrigadeiro.com.br!

#serradobrigadeiro #miranteserradascabecas #arapongamg #mg #minasgerais #mataatlantica",https://scontent-ord5-3.cdninstagram.com/v/t51.71878-15/498024183_1895298447960318_6300493081323130120_n.jpg?stp=dst-jpg_e15_tt6&_nc_cat=109&ig_cache_key=MjkwMTM4NTMzODMxOTgzMTQ2OA%3D%3D.3-ccb7-5&ccb=7-5&_nc_sid=58cdad&efg=eyJ2ZW5jb2RlX3RhZyI6InhwaWRzLjEyNDJ4MjIwOC5zZHIuQzMifQ%3D%3D&_nc_ohc=NGdSxAD_i1kQ7kNvwFop3X7&_nc_oc=AdnqvckAe8fVGEX0pZLkznAM14sZDGCDO6xwed4wSH4VOYSw5V7iFw5URy3VnO2CpvM&_nc_ad=z-m&_nc_cid=0&_nc_zt=23&_nc_ht=scontent-ord5-3.cdninstagram.com&_nc_gid=ej31ldU2VaMldxSvR9HKoA&oh=00_Afrh4pv_kfQHeJk8ElPH6xCNbsRTqj4gsvEbmCnQ1yv4UA&oe=6978A848,https://scontent-ord5-3.cdninstagram.com/o1/v/t2/f2/m86/AQOzlIIs5ivM4UxZUrTueF85MFTeASzNStiqhGfF9aCLRk3lX3ctkUkGjg3tJyBvXVkJSeK-PBEjKojttJ_VC2wOrvxZoNTOCBU8h3U.mp4?_nc_cat=106&_nc_sid=5e9851&_nc_ht=scontent-ord5-3.cdninstagram.com&_nc_ohc=kac3QWSW5zcQ7kNvwFVdBsW&efg=eyJ2ZW5jb2RlX3RhZyI6Inhwdl9wcm9ncmVzc2l2ZS5JTlNUQUdSQU0uQ0xJUFMuQzMuNzIwLmRhc2hfYmFzZWxpbmVfMV92MSIsInhwdl9hc3NldF9pZCI6MTIzMTcxOTQyNDMxODIyNywiYXNzZXRfYWdlX2RheXMiOjEyNjIsInZpX3VzZWNhc2VfaWQiOjEwMDk5LCJkdXJhdGlvbl9zIjoxNywidXJsZ2VuX3NvdXJjZSI6Ind3dyJ9&ccb=17-1&_nc_gid=ej31ldU2VaMldxSvR9HKoA&_nc_zt=28&vs=be5351cedbab1a12&_nc_vs=HBksFQIYUmlnX3hwdl9yZWVsc19wZXJtYW5lbnRfc3JfcHJvZC83QTQwRkREMTlBNjRCQkYwOTAwNjhCRjU1N0NGQUU5OV92aWRlb19kYXNoaW5pdC5tcDQVAALIARIAFQIYOnBhc3N0aHJvdWdoX2V2ZXJzdG9yZS9HSXdJemhFUndyTFVIcVFBQVBzcTZZank2ckVmYnFfRUFBQUYVAgLIARIAKAAYABsCiAd1c2Vfb2lsATEScHJvZ3Jlc3NpdmVfcmVjaXBlATEVAAAmpuz-68CPsAQVAigCQzMsF0AxmZmZmZmaGBJkYXNoX2Jhc2VsaW5lXzFfdjERAHX-B2XmnQEA&oh=00_AfqtWW2ikF1pXuUqukBBEEbvP9AZ5xucjX2DVtgJPnNtXg&oe=6974BE8F,8/9/2022 20:42,https://www.instagram.com/p/ChDypfPFIGs,ChDypfPFIGs
,,,,,
"#Repost @tharla_martins with @use.repost

",https://scontent-ord5-1.cdninstagram.com/v/t51.29350-15/298179904_579621477211297_8678194473398232012_n.jpg?stp=dst-jpg_e35_tt6&efg=eyJ2ZW5jb2RlX3RhZyI6IkZFRUQuaW1hZ2VfdXJsZ2VuLjE0NDB4MTgwMC5zZHIuZjI5MzUwLmRlZmF1bHRfaW1hZ2UuYzIifQ&_nc_ht=scontent-ord5-1.cdninstagram.com&_nc_cat=101&_nc_oc=Q6cZ2QFP11wTySzlEDDlnJ7WwcWN_CF1sHZzDKDxjkIZ7kCIrCNSLQ6Y3G1fi3LKcp6X3gQ&_nc_ohc=6S778H6ncNoQ7kNvwGHam9o&_nc_gid=ej31ldU2VaMldxSvR9HKoA&edm=APoiHPcBAAAA&ccb=7-5&ig_cache_key=MjkwMTMwODMwMTgwOTQ2ODE5Nw%3D%3D.3-ccb7-5&oh=00_AfqHY5xUj5Cpn6B_vlD97ZmNYllLCdQzJxGrl6Vd5MzpjQ&oe=69789AC7&_nc_sid=22de04,None,8/9/2022 18:08,https://www.instagram.com/p/ChDhIdZPsMl,ChDhIdZPsMl
,,,,,
"#Repost biankasrodrigues with @use.repost

por que eu deveria ficar incomodada com meu corpo se foi com ele que cheguei at aqui?  com esse corpo que eu trabalho, me divirto, sinto prazer e fao tudo o que fao. eu realmente no me sinto incomodada com meu corpo, no mais. e ainda agradeo por aguentar tanto. s a gente sabe o que tem sido a vida pra ns. 
que bom que eu tenho capacidade de fazer tanta coisa. 
#tbt desse encontro incrvel com a natureza e com o que  realmente belo e perfeito. ",https://scontent-ord5-1.cdninstagram.com/v/t51.29350-15/298213610_612254247171119_9024933252477851851_n.jpg?stp=dst-jpg_e35_tt6&efg=eyJ2ZW5jb2RlX3RhZyI6IkZFRUQuaW1hZ2VfdXJsZ2VuLjE0NDB4MTgwMC5zZHIuZjI5MzUwLmRlZmF1bHRfaW1hZ2UuYzIifQ&_nc_ht=scontent-ord5-1.cdninstagram.com&_nc_cat=111&_nc_oc=Q6cZ2QFP11wTySzlEDDlnJ7WwcWN_CF1sHZzDKDxjkIZ7kCIrCNSLQ6Y3G1fi3LKcp6X3gQ&_nc_ohc=JbTr40qze4IQ7kNvwGAhei4&_nc_gid=ej31ldU2VaMldxSvR9HKoA&edm=APoiHPcBAAAA&ccb=7-5&ig_cache_key=MjkwMTA5MDQ0NTU2NTgxNjUzNA%3D%3D.3-ccb7-5&oh=00_AfoK5J1d2NHHcYyyAE1jcyvaUB8O3C3rKoQja_Tzd_E5Dw&oe=6978971B&_nc_sid=22de04,None,8/9/2022 10:55,https://www.instagram.com/p/ChCvmO9Ou7W,ChCvmO9Ou7W
,,,,,
"#Repost @edimarmiranda_ with @use.repost

Todos os homens so criados iguais. Alguns trabalham mais duro na pr-temporada

Emmitt Smith

#2022",https://scontent-ord5-3.cdninstagram.com/v/t51.29350-15/298605818_603293084774925_9140750314434974603_n.jpg?stp=dst-jpg_e35_tt6&efg=eyJ2ZW5jb2RlX3RhZyI6IkZFRUQuaW1hZ2VfdXJsZ2VuLjE0NDB4MTQ0MC5zZHIuZjI5MzUwLmRlZmF1bHRfaW1hZ2UuYzIifQ&_nc_ht=scontent-ord5-3.cdninstagram.com&_nc_cat=109&_nc_oc=Q6cZ2QFP11wTySzlEDDlnJ7WwcWN_CF1sHZzDKDxjkIZ7kCIrCNSLQ6Y3G1fi3LKcp6X3gQ&_nc_ohc=wlSv2c6Cj3oQ7kNvwF3T5iN&_nc_gid=ej31ldU2VaMldxSvR9HKoA&edm=APoiHPcBAAAA&ccb=7-5&ig_cache_key=MjkwMDkzNDAxNjk4NDg4MTEwOA%3D%3D.3-ccb7-5&oh=00_Afq5xIGVnBMP_FZg1CuKU0UgQgd7LTzMhr813OpIVLPm_g&oe=6978A280&_nc_sid=22de04,None,8/9/2022 5:45,https://www.instagram.com/p/ChCMB5fOxfU,ChCMB5fOxfU
,,,,,
"#Repost @clickdamata with @use.repost

""Pico do Bon""
Foto:  @dudubcampos1 e PH
#clickdamatamg 
#arapongamg 
#picodobon 
#zonadamata 
#montanhasdeminas 
#mardemontanhas",https://scontent-ord5-1.cdninstagram.com/v/t51.29350-15/298246431_2968814796742141_8276180042992789122_n.jpg?stp=dst-jpg_e35_tt6&efg=eyJ2ZW5jb2RlX3RhZyI6IkZFRUQuaW1hZ2VfdXJsZ2VuLjE0NDB4MTA4MC5zZHIuZjI5MzUwLmRlZmF1bHRfaW1hZ2UuYzIifQ&_nc_ht=scontent-ord5-1.cdninstagram.com&_nc_cat=101&_nc_oc=Q6cZ2QFP11wTySzlEDDlnJ7WwcWN_CF1sHZzDKDxjkIZ7kCIrCNSLQ6Y3G1fi3LKcp6X3gQ&_nc_ohc=3dyFnod9paAQ7kNvwGyCCTn&_nc_gid=ej31ldU2VaMldxSvR9HKoA&edm=APoiHPcBAAAA&ccb=7-5&ig_cache_key=MjkwMDMwMTk5NzUyMzMwNjc0NA%3D%3D.3-ccb7-5&oh=00_AfoXxQ8oCxRd2OaPvokE_CMPefyrUA0U4do5UTAAEVrVbA&oe=6978BC23&_nc_sid=22de04,None,8/8/2022 8:49,https://www.instagram.com/p/Cg_8Uzfu4j4,Cg_8Uzfu4j4
,,,,,
"#Repost @cidinhariguette.fit with @use.repost

#tbt Das belezas da Serra do Brigadeiro, Pico do Bon, Araponga MG... uai!!! 

#naturezalinda ##tness #picodobone #arapongamg #influencers #maefit #45anos",https://scontent-ord5-3.cdninstagram.com/v/t51.71878-15/496751430_940897861345128_6937004768191710418_n.jpg?stp=dst-jpg_e15_tt6&_nc_cat=106&ig_cache_key=Mjg5OTQ4MDAyMjcwMjMwMTc2Mg%3D%3D.3-ccb7-5&ccb=7-5&_nc_sid=58cdad&efg=eyJ2ZW5jb2RlX3RhZyI6InhwaWRzLjEyNDJ4MjIwOC5zZHIuQzMifQ%3D%3D&_nc_ohc=1jSm6JMEK4cQ7kNvwGAW2Bp&_nc_oc=AdmWJNbVdyLFiBuNlGOavRAwdq_GEKzdBQDqwKhcmGSdUkuWamIa55E-GElm8jFisok&_nc_ad=z-m&_nc_cid=0&_nc_zt=23&_nc_ht=scontent-ord5-3.cdninstagram.com&_nc_gid=ej31ldU2VaMldxSvR9HKoA&oh=00_AfocyDz2oeeU0NwQ6IHLB96lMVM8h2SJi_upYyRD1zMQOQ&oe=69789F0D,https://scontent-ord5-3.cdninstagram.com/o1/v/t2/f2/m86/AQMfpjewVv7AgeY7TSB-Cc-x8UdOSK4eOY59bmC6AjZNV2-fe54zf2Xz9e3bSlxpdgn3QEWDTRCYleTnzGy8DBKmgxPx0b4ZJArO1PQ.mp4?_nc_cat=106&_nc_sid=5e9851&_nc_ht=scontent-ord5-3.cdninstagram.com&_nc_ohc=Vn402E1hJtgQ7kNvwFpiAke&efg=eyJ2ZW5jb2RlX3RhZyI6Inhwdl9wcm9ncmVzc2l2ZS5JTlNUQUdSQU0uQ0xJUFMuQzMuNzIwLmRhc2hfYmFzZWxpbmVfMV92MSIsInhwdl9hc3NldF9pZCI6Mzc2NTYwNjk0NDQ1NTE3LCJhc3NldF9hZ2VfZGF5cyI6MTI2NCwidmlfdXNlY2FzZV9pZCI6MTAwOTksImR1cmF0aW9uX3MiOjI5LCJ1cmxnZW5fc291cmNlIjoid3d3In0%3D&ccb=17-1&vs=4b5075dfe371ba9d&_nc_vs=HBksFQIYUmlnX3hwdl9yZWVsc19wZXJtYW5lbnRfc3JfcHJvZC81MDQyOERBNjQ2REVFQzFGRjE3NTU0RTVBRTRBMjM4Q192aWRlb19kYXNoaW5pdC5tcDQVAALIARIAFQIYOnBhc3N0aHJvdWdoX2V2ZXJzdG9yZS9HT09rdlJGNUxyRjJ5bFFCQU9wNW1XRGp6OGNlYnFfRUFBQUYVAgLIARIAKAAYABsCiAd1c2Vfb2lsATEScHJvZ3Jlc3NpdmVfcmVjaXBlATEVAAAmmpfu5tueqwEVAigCQzMsF0A9xBiTdLxqGBJkYXNoX2Jhc2VsaW5lXzFfdjERAHX-B2XmnQEA&_nc_gid=ej31ldU2VaMldxSvR9HKoA&_nc_zt=28&oh=00_Afr9ixV4SXYr2-R6Wl2n96BRZsbH3W6L9foAx4jod8xwxA&oe=6974D017,8/7/2022 5:37,https://www.instagram.com/p/Cg9BbfygyJC,Cg9BbfygyJC
,,,,,
"#Repost @bela_macedo7 with @use.repost

",https://scontent-ord5-1.cdninstagram.com/v/t51.29350-15/297442231_1229419534509733_7779012165534208264_n.jpg?stp=dst-jpg_e35_tt6&efg=eyJ2ZW5jb2RlX3RhZyI6IkZFRUQuaW1hZ2VfdXJsZ2VuLjE0NDB4MTgwMC5zZHIuZjI5MzUwLmRlZmF1bHRfaW1hZ2UuYzIifQ&_nc_ht=scontent-ord5-1.cdninstagram.com&_nc_cat=101&_nc_oc=Q6cZ2QFP11wTySzlEDDlnJ7WwcWN_CF1sHZzDKDxjkIZ7kCIrCNSLQ6Y3G1fi3LKcp6X3gQ&_nc_ohc=5MVxhSZj1QkQ7kNvwEig6RJ&_nc_gid=ej31ldU2VaMldxSvR9HKoA&edm=APoiHPcBAAAA&ccb=7-5&ig_cache_key=Mjg5OTA5MDI2MDcyODMxNDU4OQ%3D%3D.3-ccb7-5&oh=00_AfrHsK8F3vVh3aTtwLOO5L9_-AhtzObI31nPsivDqwD0xA&oe=6978AA7D&_nc_sid=22de04,None,8/6/2022 16:41,https://www.instagram.com/p/Cg7oztqgXrd,Cg7oztqgXrd
,,,,,
"#Repost @pe.fabianomilione with @use.repost

Um #tbt radical na Serra do Brigadeiro!",https://scontent-ord5-2.cdninstagram.com/v/t51.29350-15/297650445_1237392726994827_8120930375361454182_n.jpg?stp=dst-jpg_e35_tt6&efg=eyJ2ZW5jb2RlX3RhZyI6IkZFRUQuaW1hZ2VfdXJsZ2VuLjE0NDB4MTgwMC5zZHIuZjI5MzUwLmRlZmF1bHRfaW1hZ2UuYzIifQ&_nc_ht=scontent-ord5-2.cdninstagram.com&_nc_cat=103&_nc_oc=Q6cZ2QFP11wTySzlEDDlnJ7WwcWN_CF1sHZzDKDxjkIZ7kCIrCNSLQ6Y3G1fi3LKcp6X3gQ&_nc_ohc=zkAeWNHc7FUQ7kNvwF0HAml&_nc_gid=ej31ldU2VaMldxSvR9HKoA&edm=APoiHPcBAAAA&ccb=7-5&ig_cache_key=Mjg5ODQ2NDAwNDkzMTQwNjI1OQ%3D%3D.3-ccb7-5&oh=00_AfrDWlA_efO2pPBAFY0V6bfHYDcOmlyU7PxnwULI2HwwuA&oe=6978914A&_nc_sid=22de04,None,8/5/2022 19:57,https://www.instagram.com/p/Cg5aafgMUmz,Cg5aafgMUmz
,,,,,
Nem todo mundo gosta de trilha ,https://scontent-ord5-3.cdninstagram.com/v/t51.29350-15/297444916_759992645309346_5610545099015109615_n.jpg?stp=dst-jpg_e35_tt6&efg=eyJ2ZW5jb2RlX3RhZyI6IkZFRUQuaW1hZ2VfdXJsZ2VuLjEyNDF4MTI0MS5zZHIuZjI5MzUwLmRlZmF1bHRfaW1hZ2UuYzIifQ&_nc_ht=scontent-ord5-3.cdninstagram.com&_nc_cat=106&_nc_oc=Q6cZ2QFP11wTySzlEDDlnJ7WwcWN_CF1sHZzDKDxjkIZ7kCIrCNSLQ6Y3G1fi3LKcp6X3gQ&_nc_ohc=gmE_bTyXP60Q7kNvwEzblIX&_nc_gid=ej31ldU2VaMldxSvR9HKoA&edm=APoiHPcBAAAA&ccb=7-5&ig_cache_key=Mjg5ODIxMzg4MTAwMTk0MDg3OA%3D%3D.3-ccb7-5&oh=00_AfrS3cPJzMO4fOHndfDioupjdVVo3LF8OFCD0lgRuWVtFA&oe=6978A8AD&_nc_sid=22de04,None,8/5/2022 11:40,https://www.instagram.com/p/Cg4hitcOheO,Cg4hitcOheO
,,,,,
"#Repost @cafenaserra with @use.repost

Essa galinha caipira ao molho da Dona Ilda...",https://scontent-ord5-2.cdninstagram.com/v/t51.29350-15/297162969_438541331517640_6798702651609427866_n.jpg?stp=dst-jpg_e35_tt6&efg=eyJ2ZW5jb2RlX3RhZyI6IkZFRUQuaW1hZ2VfdXJsZ2VuLjE0NDB4MTQ0MC5zZHIuZjI5MzUwLmRlZmF1bHRfaW1hZ2UuYzIifQ&_nc_ht=scontent-ord5-2.cdninstagram.com&_nc_cat=104&_nc_oc=Q6cZ2QEA3lJmnstoXqsJ2g3lh9j_E3-qxmixMKH8J5g0WpqLbRtBA-MBN_Nw0cCxLeh3660&_nc_ohc=mERg1e0zm-wQ7kNvwF9Xh8_&_nc_gid=p0Ws_AgGquIejsFxS3TpWA&edm=APoiHPcBAAAA&ccb=7-5&ig_cache_key=Mjg5ODAzNTg2MDM1MzY0MjU0Mg%3D%3D.3-ccb7-5&oh=00_AfqfI-JpkkvLPjzXqWyH5z6dOpVgNDD46KUcDk0FsrFEvw&oe=6978A6F7&_nc_sid=22de04,None,8/5/2022 5:46,https://www.instagram.com/p/Cg35EKyuPAu,Cg35EKyuPAu
,,,,,
"#Repost @mauricio.santosfoto with @use.repost

Duas vidas buscando uma s direo, tendo como foco, Deus, o maior de fotos os amores!

Dborah & Antnio Jorge

#prewedding #precasamento #amor #compromiso #f #bride #vestidodenoiva #noiva #fotography #fotografia #natureza #nature",https://scontent-ord5-3.cdninstagram.com/v/t51.29350-15/297463955_3454366464842049_6427941862543497226_n.jpg?stp=dst-jpg_e35_tt6&efg=eyJ2ZW5jb2RlX3RhZyI6IkZFRUQuaW1hZ2VfdXJsZ2VuLjE0NDB4OTYwLnNkci5mMjkzNTAuZGVmYXVsdF9pbWFnZS5jMiJ9&_nc_ht=scontent-ord5-3.cdninstagram.com&_nc_cat=109&_nc_oc=Q6cZ2QEA3lJmnstoXqsJ2g3lh9j_E3-qxmixMKH8J5g0WpqLbRtBA-MBN_Nw0cCxLeh3660&_nc_ohc=6XQNPksP_aIQ7kNvwF1Dq8y&_nc_gid=p0Ws_AgGquIejsFxS3TpWA&edm=APoiHPcBAAAA&ccb=7-5&ig_cache_key=Mjg5ODAzMTExNDg5MzAzNjY4OA%3D%3D.3-ccb7-5&oh=00_Afpz_kJbkwXgv8dsEIumySqCPwJ4sN81cw_qi8UUYwxu3w&oe=6978A65E&_nc_sid=22de04,None,8/5/2022 5:37,https://www.instagram.com/p/Cg33_HPOoyQ,Cg33_HPOoyQ
,,,,,
"#Repost @danyduuarte with @use.repost

",https://scontent-ord5-1.cdninstagram.com/v/t51.29350-15/296972973_188193463655876_5857765932423479429_n.jpg?stp=dst-jpg_e35_tt6&efg=eyJ2ZW5jb2RlX3RhZyI6IkZFRUQuaW1hZ2VfdXJsZ2VuLjE0NDB4MTA4MC5zZHIuZjI5MzUwLmRlZmF1bHRfaW1hZ2UuYzIifQ&_nc_ht=scontent-ord5-1.cdninstagram.com&_nc_cat=108&_nc_oc=Q6cZ2QEA3lJmnstoXqsJ2g3lh9j_E3-qxmixMKH8J5g0WpqLbRtBA-MBN_Nw0cCxLeh3660&_nc_ohc=tfwLqKNy4iYQ7kNvwHKawPg&_nc_gid=p0Ws_AgGquIejsFxS3TpWA&edm=APoiHPcBAAAA&ccb=7-5&ig_cache_key=Mjg5NzQ4NzQ5NTQ3OTk2Nzg4Ng%3D%3D.3-ccb7-5&oh=00_AfrzkrxrNs4bmDYjNGmO_MIpue6RbC2stPigZ5PmYki5qw&oe=6978A54D&_nc_sid=22de04,None,8/4/2022 11:37,https://www.instagram.com/p/Cg18YaNOECO,Cg18YaNOECO
,,,,,
"#Repost @serradobrigadeiro with @use.repost

O Vale das Luas Hospedagem de Montanha oferece aluguel de chals aos ps do Pico do Bon, na Serra do Brigadeiro. 
.
Ele conta com cinco chalezinhos de um ou dois quartos com cozinha individual - com mesa com 4 cadeiras, geladeira, fogo com forno e pia com torneira com filtro d'gua; banheiro, TV por assinatura, varanda com rede e churrasqueira.
.
.
A Hospedagem de Montanha oferece planos mensais e semanais.
.
 permitido que se leve bebidas e alimentos para consumo no chal. MAS NO  PERMITIDO DEIXAR O LIXO.
.
Localizao: localidade Comunidade do Bon, municpio de Araponga-MG
.
Ficou interessado? Clique no link na BIO e ABA Onde Ficar. Reservas pelo ZAP 031 98267-0103
.
#serradobrigadeiro #valedasluas #picodobone #ecoturismo #cachoeiradalaje #relaxamento #natureza #goodvibes",https://scontent-ord5-2.cdninstagram.com/v/t51.29350-15/297442907_5207459896004729_3455517337977109940_n.jpg?stp=dst-jpg_e35_tt6&efg=eyJ2ZW5jb2RlX3RhZyI6IkZFRUQuaW1hZ2VfdXJsZ2VuLjE0NDB4MTQ0MC5zZHIuZjI5MzUwLmRlZmF1bHRfaW1hZ2UuYzIifQ&_nc_ht=scontent-ord5-2.cdninstagram.com&_nc_cat=105&_nc_oc=Q6cZ2QEA3lJmnstoXqsJ2g3lh9j_E3-qxmixMKH8J5g0WpqLbRtBA-MBN_Nw0cCxLeh3660&_nc_ohc=rR9FrrnN7IkQ7kNvwFJhy35&_nc_gid=p0Ws_AgGquIejsFxS3TpWA&edm=APoiHPcBAAAA&ccb=7-5&ig_cache_key=Mjg5NzM1NDg5NzMzMjE4MDk0Mg%3D%3D.3-ccb7-5&oh=00_Afpq1DWGwqnZnX_oL_6aWrNYG_HvAx8wBt-3oalVDCCIuw&oe=6978C351&_nc_sid=22de04,None,8/4/2022 7:14,https://www.instagram.com/p/Cg1eO2juRfO,Cg1eO2juRfO
,,,,,
"#Repost @serradobrigadeiro with @use.repost

Que tal voc e sua famlia e amigos em um cantinho exclusivo?

Bra recarregar as energias na Serra do Brigadeiro?

Quer saber mais? Link na BIO.

#serradobrigadeiro #carnavalsemestresse #cachoeiras #minasgerais #arapongamg",https://scontent-ord5-3.cdninstagram.com/v/t51.71878-15/491416581_1385873776164317_8404379593007497783_n.jpg?stp=dst-jpg_e15_tt6&_nc_cat=107&ig_cache_key=Mjg5Njk2NTYyMDk0NzM2OTY2Mg%3D%3D.3-ccb7-5&ccb=7-5&_nc_sid=58cdad&efg=eyJ2ZW5jb2RlX3RhZyI6InhwaWRzLjcyMHgxMjgwLnNkci5DMyJ9&_nc_ohc=0lGwqcO9-NwQ7kNvwEZcxRe&_nc_oc=AdkBUzqbEjmIUmVWQGjmO4aLydwz3A9SRgFRKWFQsZfsQamUJZwtAabkfFNjKrw-How&_nc_ad=z-m&_nc_cid=0&_nc_zt=23&_nc_ht=scontent-ord5-3.cdninstagram.com&_nc_gid=p0Ws_AgGquIejsFxS3TpWA&oh=00_AfqvQZm0k8_TpHBew0jnQtY-PjUfWxowNDIXCy7ORag1uQ&oe=6978B417,https://scontent-ord5-3.cdninstagram.com/o1/v/t2/f2/m86/AQNWoXaGERr3bfyGGb4vB9rww7xUH-FmOjSADETWpOHEurxAcFPNM1yLg3bCQP82ViQa2BeiubIXhwgV6o3Ou-X6_19nXmdnywWcLOc.mp4?_nc_cat=107&_nc_sid=5e9851&_nc_ht=scontent-ord5-3.cdninstagram.com&_nc_ohc=_Gzu0Txnq9MQ7kNvwGdo4_D&efg=eyJ2ZW5jb2RlX3RhZyI6Inhwdl9wcm9ncmVzc2l2ZS5JTlNUQUdSQU0uQ0xJUFMuQzMuNzIwLmRhc2hfYmFzZWxpbmVfMV92MSIsInhwdl9hc3NldF9pZCI6NzY0MTA3NzU4MzQwOTI1LCJhc3NldF9hZ2VfZGF5cyI6MTI2OCwidmlfdXNlY2FzZV9pZCI6MTAwOTksImR1cmF0aW9uX3MiOjE0LCJ1cmxnZW5fc291cmNlIjoid3d3In0%3D&ccb=17-1&_nc_gid=p0Ws_AgGquIejsFxS3TpWA&_nc_zt=28&vs=296fe35a46c5bd15&_nc_vs=HBksFQIYUmlnX3hwdl9yZWVsc19wZXJtYW5lbnRfc3JfcHJvZC8zODQxMjRERUY0MDQ4RjBFOTk1Q0UyOENFQTgwQTdCQl92aWRlb19kYXNoaW5pdC5tcDQVAALIARIAFQIYOnBhc3N0aHJvdWdoX2V2ZXJzdG9yZS9HTGRydHhGSnp1NFpGTnNDQU1pMWhjcTBIQ01yYnFfRUFBQUYVAgLIARIAKAAYABsCiAd1c2Vfb2lsATEScHJvZ3Jlc3NpdmVfcmVjaXBlATEVAAAm-qyMuPa82wIVAigCQzMsF0Atu2RaHKwIGBJkYXNoX2Jhc2VsaW5lXzFfdjERAHX-B2XmnQEA&oh=00_AfqPjeLP1HT1PxJW_aA1HyGI2BDXTVLbowkVKeKQg028lg&oe=6974AA78,8/3/2022 18:21,https://www.instagram.com/p/Cg0FuIrFj6-,Cg0FuIrFj6-
,,,,,
"#Repost @leninha.nicolau with @use.repost

paraso",https://scontent-ord5-2.cdninstagram.com/v/t51.29350-15/296998227_2928197067325552_5863477493770237870_n.jpg?stp=dst-jpg_e35_tt6&efg=eyJ2ZW5jb2RlX3RhZyI6IkZFRUQuaW1hZ2VfdXJsZ2VuLjE0NDB4MTgwMC5zZHIuZjI5MzUwLmRlZmF1bHRfaW1hZ2UuYzIifQ&_nc_ht=scontent-ord5-2.cdninstagram.com&_nc_cat=104&_nc_oc=Q6cZ2QEA3lJmnstoXqsJ2g3lh9j_E3-qxmixMKH8J5g0WpqLbRtBA-MBN_Nw0cCxLeh3660&_nc_ohc=e2XIrud9LngQ7kNvwHUaZeM&_nc_gid=p0Ws_AgGquIejsFxS3TpWA&edm=APoiHPcBAAAA&ccb=7-5&ig_cache_key=Mjg5NjU5MDU5MzA2MjM4NjU0OA%3D%3D.3-ccb7-5&oh=00_Afq44QvXj23zjhlylqtdjH2s0J8CVM-yeiIBKliFaYpJCQ&oe=69789D79&_nc_sid=22de04,None,8/3/2022 5:55,https://www.instagram.com/p/CgywcwvOLt0,CgywcwvOLt0
,,,,,
"#Repost @duartejunior12 with @use.repost

Poucos lugares tem o poder de me conectar comigo mesmo como esse lugar...
Talvez seja o lugar com suas paisagens, mas talvez sejam as pessoas. Mas pode ser simplesmente o tal do ""karma"", um reencontro com meu passado (quem sabe? Nunca se sabe...)
.
.
.
Por fim, sobre a foto, a cachoeira fica na Pousada Fazenda Remanso, no municpio de Araponga - MG. Produtora de caf especiais a fazenda  abenoada por estar aos ps do Pico do Bon e possuir diversas cachoeiras e piscinas naturais...
#turismo #minasgerais #visiteminasgerais #arapongamg",https://scontent-ord5-2.cdninstagram.com/v/t51.29350-15/296715620_474426451353232_4226338910848640263_n.jpg?stp=dst-jpg_e35_tt6&efg=eyJ2ZW5jb2RlX3RhZyI6IkZFRUQuaW1hZ2VfdXJsZ2VuLjE0NDB4MTgwMC5zZHIuZjI5MzUwLmRlZmF1bHRfaW1hZ2UuYzIifQ&_nc_ht=scontent-ord5-2.cdninstagram.com&_nc_cat=104&_nc_oc=Q6cZ2QEA3lJmnstoXqsJ2g3lh9j_E3-qxmixMKH8J5g0WpqLbRtBA-MBN_Nw0cCxLeh3660&_nc_ohc=AZcs6s1bIxQQ7kNvwF_omP0&_nc_gid=p0Ws_AgGquIejsFxS3TpWA&edm=APoiHPcBAAAA&ccb=7-5&ig_cache_key=Mjg5NjI2MjQ1NTQ4MDY2Mzk2Nw%3D%3D.3-ccb7-5&oh=00_Afo5MOEp5DyX7uY0rhuWtnUZjFZ0ihjeK3UqoNUjpJ_agw&oe=69789B53&_nc_sid=22de04,None,8/2/2022 19:03,https://www.instagram.com/p/Cgxl1uzOb-f,Cgxl1uzOb-f
,,,,,
"#Repost @dudubcampos1 with @use.repost

#hrd 
#arapongamg 
#picodobone 
#minasgerais 
#minasgeraisoficial",https://scontent-ord5-1.cdninstagram.com/v/t51.29350-15/297396099_585306823288309_322963405604642811_n.jpg?stp=dst-jpg_e35_tt6&efg=eyJ2ZW5jb2RlX3RhZyI6IkZFRUQuaW1hZ2VfdXJsZ2VuLjE0NDB4MTAyOC5zZHIuZjI5MzUwLmRlZmF1bHRfaW1hZ2UuYzIifQ&_nc_ht=scontent-ord5-1.cdninstagram.com&_nc_cat=101&_nc_oc=Q6cZ2QEA3lJmnstoXqsJ2g3lh9j_E3-qxmixMKH8J5g0WpqLbRtBA-MBN_Nw0cCxLeh3660&_nc_ohc=hcb6uymWhLsQ7kNvwHnLeqC&_nc_gid=p0Ws_AgGquIejsFxS3TpWA&edm=APoiHPcBAAAA&ccb=7-5&ig_cache_key=Mjg5NjAzNjUwOTUzMjI2ODk3MQ%3D%3D.3-ccb7-5&oh=00_Afr1bjyF-7NZEzB5hAqwcwODriYzzVIVze29Cb4nC2gJYA&oe=6978A1D0&_nc_sid=22de04,None,8/2/2022 11:34,https://www.instagram.com/p/CgwydyPO6mr,CgwydyPO6mr
,,,,,
"#Repost @viviane.mouro with @use.repost

Dois pontinhos no meio da imensido 

PICO DO BON

 Onde est: fica na Serra da Brigadeiro e o acesso no  pelo parque, a trilha est nas propriedades localizadas no entorno. Como o Vale das Luas, alm o Remanso do seu Dico.

 Chegar: pra quem vem de Viosa, a melhor forma de acessar a Serra  pela cidade de Araponga. Pela BR116 tambm d para chegar na serra, atravs do povoado de Bom Jesus da Madeira.

 Distncia:  a segunda vez que subimos o Bon. Dessa vez caminhamos por cerca de 6Km com durao de 2h 10 minutos ida e volta. Da primeira vez pegamos outra parte da trilha com 9Km e gastamos 2h 40 minutos.

A trilha  praticamente toda em mata fechada, com pontos de subida mais ngreme e de escalaminhada. 

 l do alto, na pedra chamada de aba do Bon  possvel ter uma viso em 360 de toda a Serra e regio. Alguns dizem que d at para ver o Capara e o Pico da Bandeira em dias bem abertos.

#serradobrigadeiro #parquedobrigadeiro #minasgerais #minasgerais #mardeminas #fotografia #photography #sudestebrasileiro #brasil #ferias #vacation #vacationmode #mouronaestrada #viajar #viajarpreciso #travel #destinosimperdiveis #colecionandomomentos #wanderlust #welivetoexplore #viagem #viajarfazbem #travelgram #trilha #trilhandotrilhas #trilhasdobrasil #mg",https://scontent-ord5-3.cdninstagram.com/v/t51.29350-15/296878023_5512893312104136_5728983396994061548_n.jpg?stp=dst-jpg_e35_tt6&efg=eyJ2ZW5jb2RlX3RhZyI6IkZFRUQuaW1hZ2VfdXJsZ2VuLjE0NDB4MTIyNi5zZHIuZjI5MzUwLmRlZmF1bHRfaW1hZ2UuYzIifQ&_nc_ht=scontent-ord5-3.cdninstagram.com&_nc_cat=100&_nc_oc=Q6cZ2QEA3lJmnstoXqsJ2g3lh9j_E3-qxmixMKH8J5g0WpqLbRtBA-MBN_Nw0cCxLeh3660&_nc_ohc=ANuNhVjRos0Q7kNvwFSiJ1a&_nc_gid=p0Ws_AgGquIejsFxS3TpWA&edm=APoiHPcBAAAA&ccb=7-5&ig_cache_key=Mjg5NTg4MTYzOTM2OTk5OTA5Mg%3D%3D.3-ccb7-5&oh=00_AfrO2F5gPVL83x945XC19g-nkpnGr-hzzD7wTHNi-u9VmA&oe=6978B090&_nc_sid=22de04,None,8/2/2022 6:26,https://www.instagram.com/p/CgwPQIKOYL0,CgwPQIKOYL0
,,,,,
"#Repost @juhchagassis with @use.repost

Uma saudade...

#picodobone #araponga #trilhudos #limiteadventure #mulheresnatrilha #trilhandoporai #trilhandopormg",https://scontent-ord5-1.cdninstagram.com/v/t51.29350-15/297231864_1008888479775599_2202906731655815662_n.jpg?stp=dst-jpg_e35_tt6&efg=eyJ2ZW5jb2RlX3RhZyI6IkZFRUQuaW1hZ2VfdXJsZ2VuLjE0NDB4MTgwMC5zZHIuZjI5MzUwLmRlZmF1bHRfaW1hZ2UuYzIifQ&_nc_ht=scontent-ord5-1.cdninstagram.com&_nc_cat=111&_nc_oc=Q6cZ2QEA3lJmnstoXqsJ2g3lh9j_E3-qxmixMKH8J5g0WpqLbRtBA-MBN_Nw0cCxLeh3660&_nc_ohc=JBqh7Xjb7hcQ7kNvwEHeeYd&_nc_gid=p0Ws_AgGquIejsFxS3TpWA&edm=APoiHPcBAAAA&ccb=7-5&ig_cache_key=Mjg5NTQ0NTkyNTE5NzQ4NTQ0Ng%3D%3D.3-ccb7-5&oh=00_Afrb62Xjr8l1sljO4MGnqqRUIKuN8T6ErtdQm8lL1RWdQw&oe=6978B762&_nc_sid=22de04,None,8/1/2022 16:01,https://www.instagram.com/p/CgusLptv5WG,CgusLptv5WG
,,,,,
Tem aquela pessoa que organiza a trilha no Pico do Bon e aqueles que s vo. ,https://scontent-ord5-3.cdninstagram.com/v/t51.29350-15/296766891_2080845452100082_4243560640469182955_n.jpg?stp=dst-jpg_e35_tt6&efg=eyJ2ZW5jb2RlX3RhZyI6IkZFRUQuaW1hZ2VfdXJsZ2VuLjExODN4MTE4My5zZHIuZjI5MzUwLmRlZmF1bHRfaW1hZ2UuYzIifQ&_nc_ht=scontent-ord5-3.cdninstagram.com&_nc_cat=110&_nc_oc=Q6cZ2QFeMPjUQBDWwflMdZK6dbd3tF3ZUWXz5bmbZgdiYpzRNGC11Ds9XyiNBK5QeHm_8So&_nc_ohc=t9cRMZpW2DsQ7kNvwG06Soa&_nc_gid=iP2SJRLz-lK8ApwpT5H9gQ&edm=APoiHPcBAAAA&ccb=7-5&ig_cache_key=Mjg5NDc5NjU4Mzg0NzIyMzM3NQ%3D%3D.3-ccb7-5&oh=00_Afo2ta4SHpJSOcnZjzaurbYi4BzOq0MemBBcqO9tCHy5gw&oe=6978B1A0&_nc_sid=22de04,None,7/31/2022 18:31,https://www.instagram.com/p/CgsYifdOmBP,CgsYifdOmBP
,,,,,
"#Repost @elisiathome_ with @use.repost

""Porque viver  desafio,  trilhar pelo inesperado sozinho ou acompanhado...  esse milagre que nos faz acordar todo dia como se fosse ""mais um"" sendo nico, raro.""
",https://scontent-ord5-3.cdninstagram.com/v/t51.29350-15/297020610_1279187565819369_5546084340185864130_n.jpg?stp=dst-jpg_e35_tt6&efg=eyJ2ZW5jb2RlX3RhZyI6IkZFRUQuaW1hZ2VfdXJsZ2VuLjE0NDB4MTQ0MC5zZHIuZjI5MzUwLmRlZmF1bHRfaW1hZ2UuYzIifQ&_nc_ht=scontent-ord5-3.cdninstagram.com&_nc_cat=109&_nc_oc=Q6cZ2QFeMPjUQBDWwflMdZK6dbd3tF3ZUWXz5bmbZgdiYpzRNGC11Ds9XyiNBK5QeHm_8So&_nc_ohc=XFMy2WvLjLIQ7kNvwHVKngD&_nc_gid=iP2SJRLz-lK8ApwpT5H9gQ&edm=APoiHPcBAAAA&ccb=7-5&ig_cache_key=Mjg5NDQ1NTIzNDU2ODY0MDgwNQ%3D%3D.3-ccb7-5&oh=00_AfogsLUqjnEWuwTHeHlpAAYazD49uKwtXfcb5EX1xdFBkw&oe=69789B23&_nc_sid=22de04,None,7/31/2022 7:12,https://www.instagram.com/p/CgrK7NKu9kl,CgrK7NKu9kl
,,,,,
"#Repost @marcio.rl with @use.repost

Cachoeira do bon, aproximadamente 50m de altura
.
.
.
#trilheirosdamontanha
#LimiteAdventure
#TrilhandoPorAiOficial
#trilheirosdeuba
#fique.off
#world10
#QTripTop
#VemPraMinas!
#minasgerais
#trilhandomontanhas
#trilhandotrilhas
#trilhaserumos
#trilhaseaventuras
#trilheirosdobrasil
#lugaresdeminas
#trilheirosdamontanha
#minasgeraisbrasil
#minasuai
#mesiganatrilha
#mg.triptop
#somentepositividades
#trilheirosde.minas
#zonadamata.mg
#fui_viajando
#turistandoemminas
#issoeminas
#circuitoserras
#visiteminasgerais
#cachoeiras
#trilhandoporaioficial",https://scontent-ord5-2.cdninstagram.com/v/t51.71878-15/491463849_1250360556513133_7726376259465511987_n.jpg?stp=dst-jpg_e15_tt6&_nc_cat=102&ig_cache_key=Mjg5Mzk4Njg5OTE5MzkwOTY4NA%3D%3D.3-ccb7-5&ccb=7-5&_nc_sid=58cdad&efg=eyJ2ZW5jb2RlX3RhZyI6InhwaWRzLjcyMHgxMjgwLnNkci5DMyJ9&_nc_ohc=6ZI-YL-njkIQ7kNvwGCDtmo&_nc_oc=AdkLEgQhMqQN3RZMNry9tmc-N_9UhTpjx44kBaX1o6XNvmRmUY-gmvEPccOSnX1Okcg&_nc_ad=z-m&_nc_cid=0&_nc_zt=23&_nc_ht=scontent-ord5-2.cdninstagram.com&_nc_gid=iP2SJRLz-lK8ApwpT5H9gQ&oh=00_AfobJMmFSTfYgInUIAAD4ZhWVkt9xID0p6F2DlKU9wzHZA&oe=6978C6FE,https://scontent-ord5-1.cdninstagram.com/o1/v/t2/f2/m86/AQNOx_mY_3XXJJoK8bkO8mVs7e5s-F25qohNX2Cy5Nm2UiawGXW6c5-yp4FD-eCs122Pj-xvp_Jat0wPTk1Wm-aBEc3-ADgmWiaxF6U.mp4?_nc_cat=101&_nc_sid=5e9851&_nc_ht=scontent-ord5-1.cdninstagram.com&_nc_ohc=PlB2CmI2VC4Q7kNvwHHSnJS&efg=eyJ2ZW5jb2RlX3RhZyI6Inhwdl9wcm9ncmVzc2l2ZS5JTlNUQUdSQU0uQ0xJUFMuQzMuNDgwLmRhc2hfYmFzZWxpbmVfMl92MSIsInhwdl9hc3NldF9pZCI6NjIzNTY1MTY1ODU5MzQ1LCJhc3NldF9hZ2VfZGF5cyI6MTI3MiwidmlfdXNlY2FzZV9pZCI6MTAwOTksImR1cmF0aW9uX3MiOjMxLCJ1cmxnZW5fc291cmNlIjoid3d3In0%3D&ccb=17-1&vs=fff9c90512342455&_nc_vs=HBksFQIYUmlnX3hwdl9yZWVsc19wZXJtYW5lbnRfc3JfcHJvZC9GOTRCOUI0QzNBQTFDMjI1MEJDN0U0QjI1MTE5MkRBQl92aWRlb19kYXNoaW5pdC5tcDQVAALIARIAFQIYOnBhc3N0aHJvdWdoX2V2ZXJzdG9yZS9HREdTcXhIQVo2RWttWWtBQUVQZXhsMlhTYkJVYnFfRUFBQUYVAgLIARIAKAAYABsCiAd1c2Vfb2lsATEScHJvZ3Jlc3NpdmVfcmVjaXBlATEVAAAmosikw6LImwIVAigCQzMsF0A_iHKwIMScGBJkYXNoX2Jhc2VsaW5lXzJfdjERAHX-B2XmnQEA&_nc_gid=iP2SJRLz-lK8ApwpT5H9gQ&_nc_zt=28&oh=00_AfoeYHl5tUvubQ9uK0SSPYNNXt02xU2CUwHnk_8k9L1jXA&oe=6974C32E,7/30/2022 15:42,https://www.instagram.com/p/CgpgcB3FlG0,CgpgcB3FlG0
,,,,,
"#Repost @trilhudos with @use.repost

Mulherada reunida na Cachoeira do Bon, em Araponga MG.

#arapongamg #cachoeiradobone #picodobone #trilhudos #trilhandoporai #trilhandopormg #adventure #outdoorliving #outdoorphotography",https://scontent-ord5-3.cdninstagram.com/v/t51.29350-15/295903349_1266448087506739_6294451789761457214_n.jpg?stp=dst-jpg_e35_tt6&efg=eyJ2ZW5jb2RlX3RhZyI6IkZFRUQuaW1hZ2VfdXJsZ2VuLjE0NDB4MTgwMC5zZHIuZjI5MzUwLmRlZmF1bHRfaW1hZ2UuYzIifQ&_nc_ht=scontent-ord5-3.cdninstagram.com&_nc_cat=107&_nc_oc=Q6cZ2QFeMPjUQBDWwflMdZK6dbd3tF3ZUWXz5bmbZgdiYpzRNGC11Ds9XyiNBK5QeHm_8So&_nc_ohc=wblNNhfkgUIQ7kNvwEbh1m-&_nc_gid=iP2SJRLz-lK8ApwpT5H9gQ&edm=APoiHPcBAAAA&ccb=7-5&ig_cache_key=Mjg5MzM1Mzc2MzkzMjQwNDAyNg%3D%3D.3-ccb7-5&oh=00_Afq8FI5eUBxWRnNpdKQ7wDtNXoRGxjBzgcSMvMkSc5YZIA&oe=6978BF56&_nc_sid=22de04,None,7/29/2022 18:44,https://www.instagram.com/p/CgnQessuvk6,CgnQessuvk6
,,,,,
"#Repost @analuizagomest with @use.repost

Trilha @picodobone.oficial  

27/03/22 

@arapongamg 
@montanhas_de.minas 
@picodobone.oficial 

.

.

.

.

.

#trilha #turismo #caminhada #picodobon #arapongamg #natureza #paz #gratidao",https://scontent-ord5-1.cdninstagram.com/v/t51.71878-15/499355669_1218814766697730_1112880513715117050_n.jpg?stp=dst-jpg_e15_tt6&_nc_cat=108&ig_cache_key=Mjg5MzA3MzE3MjM1NzU2NTkxMw%3D%3D.3-ccb7-5&ccb=7-5&_nc_sid=58cdad&efg=eyJ2ZW5jb2RlX3RhZyI6InhwaWRzLjcyMHgxMjgwLnNkci5DMyJ9&_nc_ohc=pMwzFubIcJUQ7kNvwE0p9Bc&_nc_oc=AdldvZAFlHf9lHeOWq4-395PSN3H7wp4gggTJE1mgRV2OF5OP3TaR9WmEjYYMlcX5Sg&_nc_ad=z-m&_nc_cid=0&_nc_zt=23&_nc_ht=scontent-ord5-1.cdninstagram.com&_nc_gid=iP2SJRLz-lK8ApwpT5H9gQ&oh=00_Afo3QX-4uawXWNDskPo86Jzues0bMp8Ksn_OH-X6gSmhXA&oe=69789F9F,https://scontent-ord5-3.cdninstagram.com/o1/v/t2/f2/m86/AQPXJrcWjir53TIiHZz5Bfilifa_dbJAfFA4nd-7a4pbCwEMbeXkMK9OGZpv7e_5c-DvyTuUam0QHYR4SyhLoUvk_u1xL9Uw5zV5uYI.mp4?_nc_cat=110&_nc_sid=5e9851&_nc_ht=scontent-ord5-3.cdninstagram.com&_nc_ohc=TfjcrGRuoXcQ7kNvwEH0bDr&efg=eyJ2ZW5jb2RlX3RhZyI6Inhwdl9wcm9ncmVzc2l2ZS5JTlNUQUdSQU0uQ0xJUFMuQzIuNzIwLmRhc2hfYmFzZWxpbmVfMV92MSIsInhwdl9hc3NldF9pZCI6NTUwNDg0NzIwMTk3NDA4LCJhc3NldF9hZ2VfZGF5cyI6MTI3MywidmlfdXNlY2FzZV9pZCI6MTAwOTksImR1cmF0aW9uX3MiOjYwLCJ1cmxnZW5fc291cmNlIjoid3d3In0%3D&ccb=17-1&_nc_gid=iP2SJRLz-lK8ApwpT5H9gQ&_nc_zt=28&vs=b1e69e18a0e7bab6&_nc_vs=HBksFQIYUmlnX3hwdl9yZWVsc19wZXJtYW5lbnRfc3JfcHJvZC8yNzQ3MUIxNEVCNjJBRDc0QUEzNUJBMEExMUIzNkQ4NV92aWRlb19kYXNoaW5pdC5tcDQVAALIARIAFQIYOnBhc3N0aHJvdWdoX2V2ZXJzdG9yZS9HQnRrc1JIZ2dmSF9WcXNDQU5mai00VERzWVl0YnFfRUFBQUYVAgLIARIAKAAYABsCiAd1c2Vfb2lsATEScHJvZ3Jlc3NpdmVfcmVjaXBlATEVAAAmwPyc47aq-gEVAigCQzIsF0BOBDlYEGJOGBJkYXNoX2Jhc2VsaW5lXzFfdjERAHX-B2XmnQEA&oh=00_Afo5v7bdZR6xg3EMm5th7FjlQ17OqTuMxOHeu502O4dQIw&oe=6974AD6B,7/29/2022 9:27,https://www.instagram.com/p/CgmQrjblc3Z,CgmQrjblc3Z
,,,,,
"#Repost jvrs16 with @use.repost

3h de subida, com bastante parada, risada, gua, medo de escorregar, cansao, suor... Mas que valeu muito a pena, tanto pela vista (o cu abriu quando chegamos la em cima!!!!), quanto pela companhia! O melhor pior programa hahaha. Obrigado migossss #PicoDoBone #SerraDoBrigadeiro #Trilha",https://scontent-ord5-1.cdninstagram.com/v/t51.71878-15/498543226_1198384168435439_3959612484473318319_n.jpg?stp=dst-jpg_e15_tt6&_nc_cat=111&ig_cache_key=Mjg5Mjk3OTcwMjg4ODYzMzI4MQ%3D%3D.3-ccb7-5&ccb=7-5&_nc_sid=58cdad&efg=eyJ2ZW5jb2RlX3RhZyI6InhwaWRzLjcyMHgxMjgwLnNkci5DMyJ9&_nc_ohc=V0qhWdfbQMYQ7kNvwGf-s7y&_nc_oc=Adkn8BeSRM37v-RYYZ0HkNjbGV6rObtUR3pLL14bVCdxyOJkUU4YxfBjuzqpij7SSR8&_nc_ad=z-m&_nc_cid=0&_nc_zt=23&_nc_ht=scontent-ord5-1.cdninstagram.com&_nc_gid=iP2SJRLz-lK8ApwpT5H9gQ&oh=00_AfqS0Px0ep0sHx3wzBppfS7a5kXKR6JULXi4pyCjE4JzwA&oe=6978A061,https://scontent-ord5-3.cdninstagram.com/o1/v/t2/f2/m86/AQNhsqUYTesoBSW1PDUIFO5dG7fdS4kCFQman3ux7DhpYm_cFKbnRZ06vnHBQtvi-DnnNQscfQbSD0lD_vIF7gywPbPfJf-a4JDn0o4.mp4?_nc_cat=100&_nc_sid=5e9851&_nc_ht=scontent-ord5-3.cdninstagram.com&_nc_ohc=YqDZnBxPGygQ7kNvwGx4pgA&efg=eyJ2ZW5jb2RlX3RhZyI6Inhwdl9wcm9ncmVzc2l2ZS5JTlNUQUdSQU0uQ0xJUFMuQzMuNzIwLmRhc2hfYmFzZWxpbmVfMV92MSIsInhwdl9hc3NldF9pZCI6NTc4NjY0ODEzNzQwNzE0LCJhc3NldF9hZ2VfZGF5cyI6MTI3MywidmlfdXNlY2FzZV9pZCI6MTAwOTksImR1cmF0aW9uX3MiOjMwLCJ1cmxnZW5fc291cmNlIjoid3d3In0%3D&ccb=17-1&vs=33a2e966ff3a85a4&_nc_vs=HBksFQIYUmlnX3hwdl9yZWVsc19wZXJtYW5lbnRfc3JfcHJvZC9EQzRBM0Y4MTc5M0Y4NTkyNkNCRTFGMDVCMTk5QjlCNF92aWRlb19kYXNoaW5pdC5tcDQVAALIARIAFQIYOnBhc3N0aHJvdWdoX2V2ZXJzdG9yZS9HT2xScVJIcVN5OVVxR0lCQVBDZ2hqUnRTdndFYnFfRUFBQUYVAgLIARIAKAAYABsCiAd1c2Vfb2lsATEScHJvZ3Jlc3NpdmVfcmVjaXBlATEVAAAm1IrW6tyShwIVAigCQzMsF0A-AAAAAAAAGBJkYXNoX2Jhc2VsaW5lXzFfdjERAHX-B2XmnQEA&_nc_gid=iP2SJRLz-lK8ApwpT5H9gQ&_nc_zt=28&oh=00_Afoy7ufXMtwPv_n-VC7jgyFtFhFMNvCq40ILZV6grtJUvw&oe=6974ABB5,7/29/2022 6:21,https://www.instagram.com/p/Cgl7bZNF5PB,Cgl7bZNF5PB
,,,,,
"#Repost @atilamottas with @use.repost

Aqui eu me sinto em casa",https://scontent-ord5-3.cdninstagram.com/v/t51.29350-15/295909016_1525419031250277_3070481774402081152_n.jpg?stp=dst-jpg_e35_tt6&efg=eyJ2ZW5jb2RlX3RhZyI6IkZFRUQuaW1hZ2VfdXJsZ2VuLjE0NDB4MTQ0MC5zZHIuZjI5MzUwLmRlZmF1bHRfaW1hZ2UuYzIifQ&_nc_ht=scontent-ord5-3.cdninstagram.com&_nc_cat=109&_nc_oc=Q6cZ2QFeMPjUQBDWwflMdZK6dbd3tF3ZUWXz5bmbZgdiYpzRNGC11Ds9XyiNBK5QeHm_8So&_nc_ohc=s9nSvMIxaSEQ7kNvwFapdDZ&_nc_gid=iP2SJRLz-lK8ApwpT5H9gQ&edm=APoiHPcBAAAA&ccb=7-5&ig_cache_key=Mjg5MjY2MjkxMjk3MjgyMTg5Mg%3D%3D.3-ccb7-5&oh=00_AfqIXBIaScMK-YKS-mCscj-5kvvl-ADpgibEkoXHdWPJ_g&oe=6978AB35&_nc_sid=22de04,None,7/28/2022 19:51,https://www.instagram.com/p/CgkzZfmsRWE,CgkzZfmsRWE
,,,,,
"#Repost @elis_internaceliaca with @use.repost

Qual o tamanho do seu sonho??

#tbt ",https://scontent-ord5-2.cdninstagram.com/v/t51.29350-15/295909572_474307484052423_5197168168489033075_n.jpg?stp=dst-jpg_e35_tt6&efg=eyJ2ZW5jb2RlX3RhZyI6IkZFRUQuaW1hZ2VfdXJsZ2VuLjE0NDB4MTQ0MC5zZHIuZjI5MzUwLmRlZmF1bHRfaW1hZ2UuYzIifQ&_nc_ht=scontent-ord5-2.cdninstagram.com&_nc_cat=103&_nc_oc=Q6cZ2QFeMPjUQBDWwflMdZK6dbd3tF3ZUWXz5bmbZgdiYpzRNGC11Ds9XyiNBK5QeHm_8So&_nc_ohc=MtQpBeoJ02QQ7kNvwGKcN8z&_nc_gid=iP2SJRLz-lK8ApwpT5H9gQ&edm=APoiHPcBAAAA&ccb=7-5&ig_cache_key=Mjg5MjQzOTQ0ODA1NjMyMzQwMQ%3D%3D.3-ccb7-5&oh=00_AfoeHT5FGj6GmLVANv68G7P4xSzn2NkqEb-PG3xG6zl5Qg&oe=6978A73A&_nc_sid=22de04,None,7/28/2022 12:27,https://www.instagram.com/p/CgkAlpruV1J,CgkAlpruV1J
,,,,,
"#Repost @belacardoso_ with @use.repost



S porque hoje  dia de #tbt ",https://scontent-ord5-3.cdninstagram.com/v/t51.71878-15/499222210_2124789987949369_7794426671593466352_n.jpg?stp=dst-jpg_e15_tt6&_nc_cat=107&ig_cache_key=Mjg5MjM1MTUyNDAwODUyMjc4NQ%3D%3D.3-ccb7-5&ccb=7-5&_nc_sid=58cdad&efg=eyJ2ZW5jb2RlX3RhZyI6InhwaWRzLjEyNDJ4MjIwOC5zZHIuQzMifQ%3D%3D&_nc_ohc=QmtvYe9qAiUQ7kNvwFD7hb4&_nc_oc=AdllGbxbINChsvBk7Hm-JvgpSwpqBmpzCC685rTa3ufeig1chdTc89-Xghw72-KW9GI&_nc_ad=z-m&_nc_cid=0&_nc_zt=23&_nc_ht=scontent-ord5-3.cdninstagram.com&_nc_gid=iP2SJRLz-lK8ApwpT5H9gQ&oh=00_AfqrnGSEP3q8QdtvajzTHkmGwrIhFrlMdADUCQO3S0a9Ug&oe=6978C228,https://scontent-ord5-3.cdninstagram.com/o1/v/t2/f2/m86/AQOmm6Pt4ft_30vTuY2DcrlSFeOn0ev_mqhQd5rQAhNzP1P8fheTE31QlbbWapzgpYtyY5SeDlgFKTuyRKJ5oEj8rs-eklM3Wo4V3R0.mp4?_nc_cat=107&_nc_sid=5e9851&_nc_ht=scontent-ord5-3.cdninstagram.com&_nc_ohc=u4hyu-305bIQ7kNvwEKrZ6B&efg=eyJ2ZW5jb2RlX3RhZyI6Inhwdl9wcm9ncmVzc2l2ZS5JTlNUQUdSQU0uQ0xJUFMuQzMuNzIwLmRhc2hfYmFzZWxpbmVfMV92MSIsInhwdl9hc3NldF9pZCI6MTQ0NDA0MjY4NjAyNDEwNiwiYXNzZXRfYWdlX2RheXMiOjEyNzQsInZpX3VzZWNhc2VfaWQiOjEwMDk5LCJkdXJhdGlvbl9zIjoxOCwidXJsZ2VuX3NvdXJjZSI6Ind3dyJ9&ccb=17-1&_nc_gid=iP2SJRLz-lK8ApwpT5H9gQ&_nc_zt=28&vs=bb5d9e348b879ff3&_nc_vs=HBksFQIYUmlnX3hwdl9yZWVsc19wZXJtYW5lbnRfc3JfcHJvZC9DNjQ0MjE5NkIwNDVFOUE5RDYxQjYyRjQ1QkMxRjc4RF92aWRlb19kYXNoaW5pdC5tcDQVAALIARIAFQIYOnBhc3N0aHJvdWdoX2V2ZXJzdG9yZS9HSmo5cFJGU3hWb3lnLUVHQU93elBBRFFoS1VnYnFfRUFBQUYVAgLIARIAKAAYABsCiAd1c2Vfb2lsATEScHJvZ3Jlc3NpdmVfcmVjaXBlATEVAAAm1Ka6tazWkAUVAigCQzMsF0AygAAAAAAAGBJkYXNoX2Jhc2VsaW5lXzFfdjERAHX-B2XmnQEA&oh=00_Afoj_uTxOgxOSrJ6kylC_pzHrHeH_u6dmJGfXHDoVP0cIw&oe=6974C554,7/28/2022 9:33,https://www.instagram.com/p/CgjsmMCFnQh,CgjsmMCFnQh
,,,,,
Vocs tambm so assim? Qual o seu tipo? ,https://scontent-ord5-2.cdninstagram.com/v/t51.29350-15/295979903_1699181227123097_1271167129762187432_n.jpg?stp=dst-jpg_e35_tt6&efg=eyJ2ZW5jb2RlX3RhZyI6IkZFRUQuaW1hZ2VfdXJsZ2VuLjEzNjN4MTQ5NS5zZHIuZjI5MzUwLmRlZmF1bHRfaW1hZ2UuYzIifQ&_nc_ht=scontent-ord5-2.cdninstagram.com&_nc_cat=105&_nc_oc=Q6cZ2QFeMPjUQBDWwflMdZK6dbd3tF3ZUWXz5bmbZgdiYpzRNGC11Ds9XyiNBK5QeHm_8So&_nc_ohc=VPSoPxIL37wQ7kNvwG6PALK&_nc_gid=iP2SJRLz-lK8ApwpT5H9gQ&edm=APoiHPcBAAAA&ccb=7-5&ig_cache_key=Mjg5MTk1NDQ1OTU0MzQ3NTMzMA%3D%3D.3-ccb7-5&oh=00_AfqhzgHsqkleDAJviKHSMHwgQAJATULmZR0fcO_2M_jbYA&oe=6978919E&_nc_sid=22de04,None,7/27/2022 20:24,https://www.instagram.com/p/CgiSUI7shSC,CgiSUI7shSC
,,,,,
"#Repost @luizfsneto_ with @use.repost

Memrias de uma viso inesquecvel ",https://scontent-ord5-3.cdninstagram.com/v/t51.29350-15/295974824_617223110012757_3084371022902665652_n.jpg?stp=dst-jpg_e35_tt6&efg=eyJ2ZW5jb2RlX3RhZyI6IkZFRUQuaW1hZ2VfdXJsZ2VuLjE0NDB4MTgwMC5zZHIuZjI5MzUwLmRlZmF1bHRfaW1hZ2UuYzIifQ&_nc_ht=scontent-ord5-3.cdninstagram.com&_nc_cat=109&_nc_oc=Q6cZ2QEVXCm7vQlnjhWmTv4nwanLV1l1EMDPY0wOhfUFPmmee_GBICMiY8x_-xuSWDKev0M&_nc_ohc=RlvwdP0nWNIQ7kNvwHBlXy5&_nc_gid=5C-sFuy38bAsc5sEYwJHzA&edm=APoiHPcBAAAA&ccb=7-5&ig_cache_key=Mjg5MTg4MDYwMTE4MTE0OTk5Mg%3D%3D.3-ccb7-5&oh=00_AfrDKcpoxNLNLaBEbreYFvc3RPF_-rA96_hYMhZaxab6EA&oe=6978B3A8&_nc_sid=22de04,None,7/27/2022 17:57,https://www.instagram.com/p/CgiBhW-Ptso,CgiBhW-Ptso
,,,,,
"#Repost @pamela.garcia07 with @use.repost

Se sentir no caminho j  muita coisa...

#trilha #picodobon #trilhando #trilhandoeseaventurando #trilhandomontanhas",https://scontent-ord5-2.cdninstagram.com/v/t51.29350-15/295787344_444493067571916_1558238577659722896_n.jpg?stp=dst-jpg_e35_tt6&efg=eyJ2ZW5jb2RlX3RhZyI6IkZFRUQuaW1hZ2VfdXJsZ2VuLjE0NDB4MTQ0MC5zZHIuZjI5MzUwLmRlZmF1bHRfaW1hZ2UuYzIifQ&_nc_ht=scontent-ord5-2.cdninstagram.com&_nc_cat=104&_nc_oc=Q6cZ2QEVXCm7vQlnjhWmTv4nwanLV1l1EMDPY0wOhfUFPmmee_GBICMiY8x_-xuSWDKev0M&_nc_ohc=nUrLgc-3t08Q7kNvwHww9a5&_nc_gid=5C-sFuy38bAsc5sEYwJHzA&edm=APoiHPcBAAAA&ccb=7-5&ig_cache_key=Mjg5MTc0MDI5NzcxMDc2NTIzOA%3D%3D.3-ccb7-5&oh=00_Afo0GbHaYYlxTv79Me0fkrwwL0UHHG8xrv7PgK1jncSNTA&oe=6978A3AD&_nc_sid=22de04,None,7/27/2022 13:18,https://www.instagram.com/p/CghhnrLu4S2,CghhnrLu4S2
,,,,,
"#Repost @arq.mariagabriela with @use.repost

3 vez nesse nesse lugarzinho que me encanta!









#picodobone #araponga #serradobrigadeiro #mulheresnatrilha #trekking #trilha #trilhasemminas #trilhasdeminas #picodobonearaponga #mulhernatrilha #trilhandominas #minasgerais",https://scontent-ord5-2.cdninstagram.com/v/t51.29350-15/295643388_732626818009805_2411723023693979307_n.jpg?stp=dst-jpg_e35_tt6&efg=eyJ2ZW5jb2RlX3RhZyI6IkZFRUQuaW1hZ2VfdXJsZ2VuLjE0NDB4MTY5OS5zZHIuZjI5MzUwLmRlZmF1bHRfaW1hZ2UuYzIifQ&_nc_ht=scontent-ord5-2.cdninstagram.com&_nc_cat=105&_nc_oc=Q6cZ2QEVXCm7vQlnjhWmTv4nwanLV1l1EMDPY0wOhfUFPmmee_GBICMiY8x_-xuSWDKev0M&_nc_ohc=DP8WW9VGE9EQ7kNvwEqayjI&_nc_gid=5C-sFuy38bAsc5sEYwJHzA&edm=APoiHPcBAAAA&ccb=7-5&ig_cache_key=Mjg5MTU2MDIwMDg4MTk1NTYwMw%3D%3D.3-ccb7-5&oh=00_Afr3bnGgyq0XpuiZpzXNsMWyZKyJmPhbggv8PVabUl0wQQ&oe=697890DC&_nc_sid=22de04,None,7/27/2022 7:20,https://www.instagram.com/p/Cgg4q68OeMT,Cgg4q68OeMT
,,,,,
#Repost @edimarribeiroresende with @use.repost,https://scontent-ord5-3.cdninstagram.com/v/t51.29350-15/295990369_582455926757275_7094465736589651032_n.jpg?stp=dst-jpg_e35_tt6&efg=eyJ2ZW5jb2RlX3RhZyI6IkZFRUQuaW1hZ2VfdXJsZ2VuLjE0NDB4ODEwLnNkci5mMjkzNTAuZGVmYXVsdF9pbWFnZS5jMiJ9&_nc_ht=scontent-ord5-3.cdninstagram.com&_nc_cat=107&_nc_oc=Q6cZ2QEVXCm7vQlnjhWmTv4nwanLV1l1EMDPY0wOhfUFPmmee_GBICMiY8x_-xuSWDKev0M&_nc_ohc=1GI39H9zZUoQ7kNvwGbNl4a&_nc_gid=5C-sFuy38bAsc5sEYwJHzA&edm=APoiHPcBAAAA&ccb=7-5&ig_cache_key=Mjg5MTE1ODA0NzYxNzQwMzczMQ%3D%3D.3-ccb7-5&oh=00_AfrmIdqrcs2NzswZK2RlzeaiM1qgp-iJwctbtsc0bt0kYw&oe=6978BFE7&_nc_sid=22de04,None,7/26/2022 18:01,https://www.instagram.com/p/CgfdO0hv0tT,CgfdO0hv0tT
,,,,,
"#Repost @suzanypfreitas with @use.repost

No topo com ele, meu talism! 

.
.
.
.
.
.
.
.

#tbt #araponga #picodobone #minasgerais #casal #amor #parceria #fitness #natureza #trilha #viosa",https://scontent-ord5-3.cdninstagram.com/v/t51.29350-15/295643277_1035555770472198_1512066324463133847_n.jpg?stp=dst-jpg_e35_tt6&efg=eyJ2ZW5jb2RlX3RhZyI6IkZFRUQuaW1hZ2VfdXJsZ2VuLjE0NDB4MTgwMC5zZHIuZjI5MzUwLmRlZmF1bHRfaW1hZ2UuYzIifQ&_nc_ht=scontent-ord5-3.cdninstagram.com&_nc_cat=106&_nc_oc=Q6cZ2QEVXCm7vQlnjhWmTv4nwanLV1l1EMDPY0wOhfUFPmmee_GBICMiY8x_-xuSWDKev0M&_nc_ohc=NW7aBqZADLAQ7kNvwHocfbG&_nc_gid=5C-sFuy38bAsc5sEYwJHzA&edm=APoiHPcBAAAA&ccb=7-5&ig_cache_key=Mjg5MDkzODc5OTcwMzY1NjEzMg%3D%3D.3-ccb7-5&oh=00_AfpFXWUSlnffYQdB27oGQi9qB0h9hjYPi_-_xyXrPSt6RA&oe=69789CB6&_nc_sid=22de04,None,7/26/2022 10:46,https://www.instagram.com/p/CgerYV_uwbE,CgerYV_uwbE
,,,,,
"#Repost @viviteixeiratrips with @use.repost

Voc j prestou ateno na letra dessa msica ? ",https://scontent-ord5-3.cdninstagram.com/v/t51.71878-15/499578396_1222586362742061_2572504405324325139_n.jpg?stp=dst-jpg_e15_tt6&_nc_cat=106&ig_cache_key=Mjg5MDc2MTM3NDg5NTc5ODEyNA%3D%3D.3-ccb7-5&ccb=7-5&_nc_sid=58cdad&efg=eyJ2ZW5jb2RlX3RhZyI6InhwaWRzLjEyNDJ4MjIwOC5zZHIuQzMifQ%3D%3D&_nc_ohc=zhWtfY3tD2AQ7kNvwHl4Wdr&_nc_oc=AdmqtZBS8iAlnkFhd_2suL27c_uMX3ffkXiEO7-3tTJ7ee5vApt8FIR3veW0OP2uUUg&_nc_ad=z-m&_nc_cid=0&_nc_zt=23&_nc_ht=scontent-ord5-3.cdninstagram.com&_nc_gid=5C-sFuy38bAsc5sEYwJHzA&oh=00_AfpMjMTCqAqIJJhWMYXdTdowlmYA4AvWFJ88ZDIXJ2op5Q&oe=6978B48F,https://scontent-ord5-2.cdninstagram.com/o1/v/t2/f2/m86/AQN3apcRp4E17mJpap_Wz9YH2QRiD1-b1xg1FIaJXpc3d3lZJh25bfed02RV6vrLcyaNJvi_XpuVbKnZIa7znTqoAags1APSibTy1HQ.mp4?_nc_cat=104&_nc_sid=5e9851&_nc_ht=scontent-ord5-2.cdninstagram.com&_nc_ohc=x6WZ7iNWit0Q7kNvwGQRru1&efg=eyJ2ZW5jb2RlX3RhZyI6Inhwdl9wcm9ncmVzc2l2ZS5JTlNUQUdSQU0uQ0xJUFMuQzMuNzIwLmRhc2hfYmFzZWxpbmVfMV92MSIsInhwdl9hc3NldF9pZCI6NTc4OTk1MDcwNDM0NTMwLCJhc3NldF9hZ2VfZGF5cyI6MTI3NiwidmlfdXNlY2FzZV9pZCI6MTAwOTksImR1cmF0aW9uX3MiOjYwLCJ1cmxnZW5fc291cmNlIjoid3d3In0%3D&ccb=17-1&_nc_gid=5C-sFuy38bAsc5sEYwJHzA&_nc_zt=28&vs=c34434e0ac0d1961&_nc_vs=HBksFQIYUmlnX3hwdl9yZWVsc19wZXJtYW5lbnRfc3JfcHJvZC9DNzRDNjRGQUNBQkNBNzAwQUJFQUQ3OTZEMjhGMTJCNF92aWRlb19kYXNoaW5pdC5tcDQVAALIARIAFQIYOnBhc3N0aHJvdWdoX2V2ZXJzdG9yZS9HTmI5b2hGb3RGM2FJVndCQUlWcFI5ckl5S2dEYnFfRUFBQUYVAgLIARIAKAAYABsCiAd1c2Vfb2lsATEScHJvZ3Jlc3NpdmVfcmVjaXBlATEVAAAmxPP_t_mlhwIVAigCQzMsF0BOTMzMzMzNGBJkYXNoX2Jhc2VsaW5lXzFfdjERAHX-B2XmnQEA&oh=00_Afr5XiolCGy9T5BIg_WERXBuGucgGuhu_OPtR_5-CXghXQ&oe=6974A2F9,7/26/2022 4:54,https://www.instagram.com/p/CgeDCeRFXds,CgeDCeRFXds
,,,,,
"#Repost @marcio.rl with @use.repost

Nunca  alto o preo a pagar pelo previlgio de pertencer a si mesmo...
.
.
.
#trilheirosdamontanha
#LimiteAdventure
#TrilhandoPorAiOficial
#trilheirosdeuba
#fique.off
#world10
#QTripTop
#VemPraMinas!
#minasgerais
#trilhandomontanhas
#trilhandotrilhas
#trilhaserumos
#trilhaseaventuras
#trilheirosdobrasil
#lugaresdeminas
#trilheirosdamontanha
#minasgeraisbrasil
#minasuai
#mesiganatrilha
#mg.triptop
#somentepositividades
#trilheirosde.minas
#zonadamata.mg
#fui_viajando
#turistandoemminas
#issoeminas
#circuitoserras
#visiteminasgerais
#diasdetrilhas
#trilhandoporaioficial",https://scontent-ord5-2.cdninstagram.com/v/t51.29350-15/295702132_733655164576073_1276108057996770419_n.jpg?stp=dst-jpg_e35_tt6&efg=eyJ2ZW5jb2RlX3RhZyI6IkZFRUQuaW1hZ2VfdXJsZ2VuLjE0NDB4MTQ0MC5zZHIuZjI5MzUwLmRlZmF1bHRfaW1hZ2UuYzIifQ&_nc_ht=scontent-ord5-2.cdninstagram.com&_nc_cat=105&_nc_oc=Q6cZ2QEVXCm7vQlnjhWmTv4nwanLV1l1EMDPY0wOhfUFPmmee_GBICMiY8x_-xuSWDKev0M&_nc_ohc=-zJOvoO8-D8Q7kNvwHlhrH-&_nc_gid=5C-sFuy38bAsc5sEYwJHzA&edm=APoiHPcBAAAA&ccb=7-5&ig_cache_key=Mjg5MDQ0ODE5Nzg4NzMyMTIwNQ%3D%3D.3-ccb7-5&oh=00_AfqYp2uDJYVAjZiiuGo55_E45LcxKRWM6FhcTodvgse-Ww&oe=697894AC&_nc_sid=22de04,None,7/25/2022 18:31,https://www.instagram.com/p/Cgc71JcveR1,Cgc71JcveR1
,,,,,
"#Repost biankasrodrigues with @use.repost

mgico ",https://scontent-ord5-1.cdninstagram.com/v/t51.71878-15/496110639_1919232071817226_8491835539720238915_n.jpg?stp=dst-jpg_e15_tt6&_nc_cat=108&ig_cache_key=Mjg5MDI5MzU0MTQ4MTAzODM2Mg%3D%3D.3-ccb7-5&ccb=7-5&_nc_sid=58cdad&efg=eyJ2ZW5jb2RlX3RhZyI6InhwaWRzLjEyNDJ4MjIwOC5zZHIuQzMifQ%3D%3D&_nc_ohc=qs63xArTijQQ7kNvwEnbR7t&_nc_oc=AdmDcBXGXsrq9vk7N9DOKEP1BG-8p0O8tukELf00wk_EotwC70Kwt9RckYLE5EQ_t8g&_nc_ad=z-m&_nc_cid=0&_nc_zt=23&_nc_ht=scontent-ord5-1.cdninstagram.com&_nc_gid=5C-sFuy38bAsc5sEYwJHzA&oh=00_AfpxpTTBIPxA2RNxeIcycdfBjk6zaa3woMSCsAfda7fibg&oe=697893AF,https://scontent-ord5-3.cdninstagram.com/o1/v/t2/f2/m86/AQMNqu-CDw1WW7p4Qxns3mQXekccAbePWhBoQKt2F76waizhYa7stvPWXuPduyxcstrf8iohAFt-sYMbUShhRiAsnTxUzOyQeFcxp9Y.mp4?_nc_cat=100&_nc_sid=5e9851&_nc_ht=scontent-ord5-3.cdninstagram.com&_nc_ohc=xBkZTCB9a00Q7kNvwGWqiyZ&efg=eyJ2ZW5jb2RlX3RhZyI6Inhwdl9wcm9ncmVzc2l2ZS5JTlNUQUdSQU0uQ0xJUFMuQzMuNzIwLmRhc2hfYmFzZWxpbmVfMV92MSIsInhwdl9hc3NldF9pZCI6MTI3OTUxMzc3MjQ1NTcyOSwiYXNzZXRfYWdlX2RheXMiOjEyNzcsInZpX3VzZWNhc2VfaWQiOjEwMDk5LCJkdXJhdGlvbl9zIjozNCwidXJsZ2VuX3NvdXJjZSI6Ind3dyJ9&ccb=17-1&_nc_gid=5C-sFuy38bAsc5sEYwJHzA&_nc_zt=28&vs=1660ba05468fa8eb&_nc_vs=HBksFQIYUmlnX3hwdl9yZWVsc19wZXJtYW5lbnRfc3JfcHJvZC9DNzQ5RjlBODRBOUQyRjRCMDhEQTFFNzhCNjc5NkU4Ql92aWRlb19kYXNoaW5pdC5tcDQVAALIARIAFQIYOnBhc3N0aHJvdWdoX2V2ZXJzdG9yZS9HS3NVb2hIMmtuZVRtcFVDQUNQU1BybUFQX1FMYnFfRUFBQUYVAgLIARIAKAAYABsCiAd1c2Vfb2lsATEScHJvZ3Jlc3NpdmVfcmVjaXBlATEVAAAm4tyjvsDtxQQVAigCQzMsF0BBJmZmZmZmGBJkYXNoX2Jhc2VsaW5lXzFfdjERAHX-B2XmnQEA&oh=00_AfqznX5Qd0-sasu5MxjUbUBjw-TROX42uFWRlzyGM85rlA&oe=6974D129,7/25/2022 13:25,https://www.instagram.com/p/CgcYqmclUIa,CgcYqmclUIa
,,,,,
"#Repost @lunara.pgomes with @use.repost



.
.
.
.
.
#picodobon #pico #arapongamg #cachoeiraremanso #domingo",https://scontent-ord5-2.cdninstagram.com/v/t51.29350-15/295740317_2070012353202231_5738847840622963410_n.jpg?stp=dst-jpg_e35_tt6&efg=eyJ2ZW5jb2RlX3RhZyI6IkZFRUQuaW1hZ2VfdXJsZ2VuLjE0NDB4MTgwMC5zZHIuZjI5MzUwLmRlZmF1bHRfaW1hZ2UuYzIifQ&_nc_ht=scontent-ord5-2.cdninstagram.com&_nc_cat=103&_nc_oc=Q6cZ2QEVXCm7vQlnjhWmTv4nwanLV1l1EMDPY0wOhfUFPmmee_GBICMiY8x_-xuSWDKev0M&_nc_ohc=EOwYuKHoGScQ7kNvwFVWoTk&_nc_gid=5C-sFuy38bAsc5sEYwJHzA&edm=APoiHPcBAAAA&ccb=7-5&ig_cache_key=Mjg5MDEwNDY2NjY4MDI2ODEyMw%3D%3D.3-ccb7-5&oh=00_AfrxIgXz8ORl71vD0pecMiZnYXQx1XU7PnL1B3oBfOnX9g&oe=697894DB&_nc_sid=22de04,None,7/25/2022 7:09,https://www.instagram.com/p/CgbtuHFLRVb,CgbtuHFLRVb
,,,,,
"#Repost @artenalata.vicosa with @use.repost

",https://scontent-ord5-3.cdninstagram.com/v/t51.71878-15/497950758_2207260619704002_4983890636325123507_n.jpg?stp=dst-jpg_e15_tt6&_nc_cat=110&ig_cache_key=Mjg4OTcwMDQzMDU2NDUyNDQ3NA%3D%3D.3-ccb7-5&ccb=7-5&_nc_sid=58cdad&efg=eyJ2ZW5jb2RlX3RhZyI6InhwaWRzLjEyNDJ4MjIwOC5zZHIuQzMifQ%3D%3D&_nc_ohc=fgQ8cKTxvYwQ7kNvwHiBaOy&_nc_oc=Adlh123OqtKtsqRNamGjiW2YYdiF2Y0ezYaHdBddJDGlNoJ2Dzv225tyVpYA5HTKpT0&_nc_ad=z-m&_nc_cid=0&_nc_zt=23&_nc_ht=scontent-ord5-3.cdninstagram.com&_nc_gid=5C-sFuy38bAsc5sEYwJHzA&oh=00_AfoUuTam7YWOg0VUYF7uWobkAULAsoJog3ix6ELB8aK2mg&oe=6978A9B1,https://scontent-ord5-3.cdninstagram.com/o1/v/t2/f2/m86/AQPkw81ES1ZUMY1NzCNG5DnLW9ximV3hu55TR47a_rPb4XiL3ZXh2RengOck7yThukwuQvQ4EFQ7m0yoXPLXrKA2nFY1gVnCiomKdAk.mp4?_nc_cat=106&_nc_sid=5e9851&_nc_ht=scontent-ord5-3.cdninstagram.com&_nc_ohc=Mvy-0FfSD3sQ7kNvwGJuawI&efg=eyJ2ZW5jb2RlX3RhZyI6Inhwdl9wcm9ncmVzc2l2ZS5JTlNUQUdSQU0uQ0xJUFMuQzIuNzIwLmRhc2hfYmFzZWxpbmVfMV92MSIsInhwdl9hc3NldF9pZCI6MTUwNTA2NjY0MzI1Njc0MCwiYXNzZXRfYWdlX2RheXMiOjEyNzgsInZpX3VzZWNhc2VfaWQiOjEwMDk5LCJkdXJhdGlvbl9zIjoxNiwidXJsZ2VuX3NvdXJjZSI6Ind3dyJ9&ccb=17-1&vs=69d3570e8c0d2130&_nc_vs=HBksFQIYUmlnX3hwdl9yZWVsc19wZXJtYW5lbnRfc3JfcHJvZC8yMDQ2MUVCOUQzOEZCRTRDMzlFRDUwNkIxQUQ3QUJCOF92aWRlb19kYXNoaW5pdC5tcDQVAALIARIAFQIYOnBhc3N0aHJvdWdoX2V2ZXJzdG9yZS9HUEdGbmhGNVI0VlNUSThCQU5ObVNpd1E2QTROYnFfRUFBQUYVAgLIARIAKAAYABsCiAd1c2Vfb2lsATEScHJvZ3Jlc3NpdmVfcmVjaXBlATEVAAAmyNaTqrS2rAUVAigCQzIsF0AwCHKwIMScGBJkYXNoX2Jhc2VsaW5lXzFfdjERAHX-B2XmnQEA&_nc_gid=5C-sFuy38bAsc5sEYwJHzA&_nc_zt=28&oh=00_AfqQYkLkWD_TkGBOAOzSNoUhL9UcRw2n_OrPMN1gP90VAw&oe=69749F9F,7/24/2022 17:46,https://www.instagram.com/p/CgaRzs3F4G6,CgaRzs3F4G6
,,,,,
"#Repost @felipe_neres03 with @use.repost

Agradecido, aplaudi o pr-do-sol
Por onde for terei seu fogo como o meu farol.
.
.
.
.
#picodobone #montanhismo #brasil #minasgerais #serradobrigadeiro #trip #trilhasdobrasil #jahbless #blessed #natureza #pordosol #paisagem",https://scontent-ord5-1.cdninstagram.com/v/t51.29350-15/295236641_1213231699517365_7645928616051481809_n.jpg?stp=dst-jpg_e35_tt6&efg=eyJ2ZW5jb2RlX3RhZyI6IkZFRUQuaW1hZ2VfdXJsZ2VuLjE0NDB4MTgwMC5zZHIuZjI5MzUwLmRlZmF1bHRfaW1hZ2UuYzIifQ&_nc_ht=scontent-ord5-1.cdninstagram.com&_nc_cat=101&_nc_oc=Q6cZ2QHoLKmZb64LRKsHIVm9k1_f-bZXIryunhJ2wdLBaah-pgMr9GNpcTmVErfj9KogHM4&_nc_ohc=8dJnvmtB7FAQ7kNvwGt898c&_nc_gid=l-HQMw7d7EwJf5ef7Pg8pw&edm=APoiHPcBAAAA&ccb=7-5&ig_cache_key=Mjg4OTYwMDA2ODgzMTk0MjgzOA%3D%3D.3-ccb7-5&oh=00_AfoyxpUusNsps9xGS8YKaIUY1i5eJUnf9pli1iwv25P5VA&oe=697892E8&_nc_sid=22de04,None,7/24/2022 14:26,https://www.instagram.com/p/CgZ6_PtrBi2,CgZ6_PtrBi2
,,,,,
"#Repost @pablodcr with @use.repost

Longe dessa negatividade que expande.. ",https://scontent-ord5-3.cdninstagram.com/v/t51.71878-15/497911742_1839853083226261_4401287432984348659_n.jpg?stp=dst-jpg_e15_tt6&_nc_cat=109&ig_cache_key=Mjg4OTQ4ODExMzA3NTY3NTI0Mw%3D%3D.3-ccb7-5&ccb=7-5&_nc_sid=58cdad&efg=eyJ2ZW5jb2RlX3RhZyI6InhwaWRzLjEyNDJ4MjIwOC5zZHIuQzMifQ%3D%3D&_nc_ohc=Y6dv7j9bM2kQ7kNvwHh9pqL&_nc_oc=AdnGAaPikUGJEXkyb092G37bLSQ3d1WQYXsBu1MxurXIw4Ab3Cyu62vO4SpQdAvcqLM&_nc_ad=z-m&_nc_cid=0&_nc_zt=23&_nc_ht=scontent-ord5-3.cdninstagram.com&_nc_gid=l-HQMw7d7EwJf5ef7Pg8pw&oh=00_AfpFWXVOrLtBTQpzDtnowr_W0u6tTrwPm3i6LjGIZ-pu0A&oe=6978ACB9,https://scontent-ord5-3.cdninstagram.com/o1/v/t2/f2/m86/AQMg5xdYD-Z4mFwfnRetyKasjYKw3r-JvjTQDkAF0LAYARR9sKpn8-jqmrU7HnnoM43577j8x9hXmN376fK5xH9wTjO82Q8eubDisNM.mp4?_nc_cat=106&_nc_sid=5e9851&_nc_ht=scontent-ord5-3.cdninstagram.com&_nc_ohc=59vECMWFUZUQ7kNvwE0xmMc&efg=eyJ2ZW5jb2RlX3RhZyI6Inhwdl9wcm9ncmVzc2l2ZS5JTlNUQUdSQU0uQ0xJUFMuQzMuNDgwLmRhc2hfYmFzZWxpbmVfMl92MSIsInhwdl9hc3NldF9pZCI6MTIwNjU0MDg4MzIyNDE1NCwiYXNzZXRfYWdlX2RheXMiOjEyNzgsInZpX3VzZWNhc2VfaWQiOjEwMDk5LCJkdXJhdGlvbl9zIjoyMCwidXJsZ2VuX3NvdXJjZSI6Ind3dyJ9&ccb=17-1&vs=10451489c0c3a1f2&_nc_vs=HBksFQIYUmlnX3hwdl9yZWVsc19wZXJtYW5lbnRfc3JfcHJvZC8zQTQyQTdGRjM4Mjk1QzA1RkZFQTAyQTgxNDcwQjQ5RV92aWRlb19kYXNoaW5pdC5tcDQVAALIARIAFQIYOnBhc3N0aHJvdWdoX2V2ZXJzdG9yZS9HSy1TbnhILVVNQmVQa3NFQU9Tc3h5TDFJbmtEYnFfRUFBQUYVAgLIARIAKAAYABsCiAd1c2Vfb2lsATEScHJvZ3Jlc3NpdmVfcmVjaXBlATEVAAAmtJmDjPbVpAQVAigCQzMsF0A0EOVgQYk3GBJkYXNoX2Jhc2VsaW5lXzJfdjERAHX-B2XmnQEA&_nc_gid=l-HQMw7d7EwJf5ef7Pg8pw&_nc_zt=28&oh=00_AfrZzTKU9XUsYelUgymcAerKO1q9HNlZLB2-i1jKClrGKw&oe=6974C197,7/24/2022 10:44,https://www.instagram.com/p/CgZhiEyluBr,CgZhiEyluBr
,,,,,
"#Repost @andreadvog_ with @use.repost

Mais uma trilha em Minas Gerais.",https://scontent-ord5-3.cdninstagram.com/v/t51.29350-15/294952400_352682067058582_1926622379585301412_n.jpg?stp=dst-jpg_e35_tt6&efg=eyJ2ZW5jb2RlX3RhZyI6IkZFRUQuaW1hZ2VfdXJsZ2VuLjE0NDB4MTQ0MC5zZHIuZjI5MzUwLmRlZmF1bHRfaW1hZ2UuYzIifQ&_nc_ht=scontent-ord5-3.cdninstagram.com&_nc_cat=110&_nc_oc=Q6cZ2QHoLKmZb64LRKsHIVm9k1_f-bZXIryunhJ2wdLBaah-pgMr9GNpcTmVErfj9KogHM4&_nc_ohc=fWLI2wNqJL8Q7kNvwFANuHr&_nc_gid=l-HQMw7d7EwJf5ef7Pg8pw&edm=APoiHPcBAAAA&ccb=7-5&ig_cache_key=Mjg4OTA3MTQ3NDA4NzMzNDc1OA%3D%3D.3-ccb7-5&oh=00_Afroew5KJoLoyVU7WLuCEfUrEmEEPxfY8uMOStYGaQLovA&oe=69789A5D&_nc_sid=22de04,None,7/23/2022 20:56,https://www.instagram.com/p/CgYCzLfsJNm,CgYCzLfsJNm
,,,,,
"#Repost @photoliberato with @use.repost

Levei minha filha pra uma experincia de camping na Serra do Brigadeiro. O filme da nossa aventura est no link da Bio.",https://scontent-ord5-2.cdninstagram.com/v/t51.71878-15/491511425_1188964332276169_4425976844646693873_n.jpg?stp=dst-jpg_e15_tt6&_nc_cat=103&ig_cache_key=Mjg4ODk2NDQ1MzQ3NDY0ODI1OQ%3D%3D.3-ccb7-5&ccb=7-5&_nc_sid=58cdad&efg=eyJ2ZW5jb2RlX3RhZyI6InhwaWRzLjcyMHgxMjgwLnNkci5DMyJ9&_nc_ohc=NE6FQIJwF4cQ7kNvwGKL_Jo&_nc_oc=Adl_LOawDNu30va41toSp8_6MaDp_-MW3VrOlK5J8r1hYz2y1x4sa1HJvJyjJm1FZ1Y&_nc_ad=z-m&_nc_cid=0&_nc_zt=23&_nc_ht=scontent-ord5-2.cdninstagram.com&_nc_gid=l-HQMw7d7EwJf5ef7Pg8pw&oh=00_AfoOq9o88zCyR2-VwSxCkkmFobH_nY65mkH1cV98nCmylg&oe=6978B50D,https://scontent-ord5-3.cdninstagram.com/o1/v/t2/f2/m86/AQPBQeyWtLq3dHporBbIUIaoSy3hpW7k-Zt2z-AbnLEhoiOQUofN8-LqP4-8Dj-nM_20sJ_0yZn56gCeHEGAldP_cJZGgwUesABUAXs.mp4?_nc_cat=110&_nc_sid=5e9851&_nc_ht=scontent-ord5-3.cdninstagram.com&_nc_ohc=PIJP_RcRHawQ7kNvwGajZk5&efg=eyJ2ZW5jb2RlX3RhZyI6Inhwdl9wcm9ncmVzc2l2ZS5JTlNUQUdSQU0uQ0xJUFMuQzMuNzIwLmRhc2hfYmFzZWxpbmVfMV92MSIsInhwdl9hc3NldF9pZCI6NjI4NzUyMzA0OTY0MDQ0LCJhc3NldF9hZ2VfZGF5cyI6MTI3OSwidmlfdXNlY2FzZV9pZCI6MTAwOTksImR1cmF0aW9uX3MiOjMwLCJ1cmxnZW5fc291cmNlIjoid3d3In0%3D&ccb=17-1&_nc_gid=l-HQMw7d7EwJf5ef7Pg8pw&_nc_zt=28&vs=179cf8fb075bd77e&_nc_vs=HBksFQIYUmlnX3hwdl9yZWVsc19wZXJtYW5lbnRfc3JfcHJvZC8xMDRCMTBDNUM5NTM2QUFDRDRGMTI1QjUwQTVBNkQ4MV92aWRlb19kYXNoaW5pdC5tcDQVAALIARIAFQIYOnBhc3N0aHJvdWdoX2V2ZXJzdG9yZS9HQno3a1JHelNDTW5mMVFMQVA0S0JRcmhXc0pvYnFfRUFBQUYVAgLIARIAKAAYABsCiAd1c2Vfb2lsATEScHJvZ3Jlc3NpdmVfcmVjaXBlATEVAAAmmIfQ3Jn2nQIVAigCQzMsF0A-O6XjU_fPGBJkYXNoX2Jhc2VsaW5lXzFfdjERAHX-B2XmnQEA&oh=00_Afrn6WxbzsnvDuO6ud13PuNZoc8Ten_EwwMf2GWsc4NJXQ&oe=6974C9E3,7/23/2022 17:24,https://www.instagram.com/p/CgXqd0yFkDD,CgXqd0yFkDD
,,,,,
"#Repost @marcio.rl with @use.repost

Possui 1.870 metros de altitude. De l, avista-se o distrito de Bom Jesus do Madeira, a serra do Grama, a Pedra do Pato, o pico do Soares, a pedra Branca e o municpio de Araponga.
.
.
.
#trilheirosdamontanha
#LimiteAdventure
#TrilhandoPorAiOficial
#trilheirosdeuba
#fique.off
#world10
#QTripTop
#VemPraMinas!
#minasgerais
#trilhandomontanhas
#trilhandotrilhas
#trilhaserumos
#trilhaseaventuras
#trilheirosdobrasil
#lugaresdeminas
#trilheirosdamontanha
#minasgeraisbrasil
#minasuai
#mesiganatrilha
#mg.triptop
#somentepositividades
#trilheirosde.minas
#zonadamata.mg
#fui_viajando
#turistandoemminas
#issoeminas
#circuitoserras
#visiteminasgerais
#diasdetrilhas
#trilhandoporaioficial",https://scontent-ord5-2.cdninstagram.com/v/t51.71878-15/502954862_2095046370993958_2106042615359997713_n.jpg?stp=dst-jpg_e15_tt6&_nc_cat=103&ig_cache_key=Mjg4ODcxMTM5MDIyNjcwOTY4MA%3D%3D.3-ccb7-5&ccb=7-5&_nc_sid=58cdad&efg=eyJ2ZW5jb2RlX3RhZyI6InhwaWRzLjEyNDJ4MjIwOC5zZHIuQzMifQ%3D%3D&_nc_ohc=PRMH7P5a8iYQ7kNvwGkD-Sb&_nc_oc=AdnHMTGLdGIf3GtIU8oIyuWjEyvDeulzvoVeViBwTe6KO7DRYq1SLGgDdwz5KjNvkvU&_nc_ad=z-m&_nc_cid=0&_nc_zt=23&_nc_ht=scontent-ord5-2.cdninstagram.com&_nc_gid=l-HQMw7d7EwJf5ef7Pg8pw&oh=00_Afr4DCCmJi_jwcnaKJelt-SjHdBYjVBwjcoIBLZCs-ddJQ&oe=6978C7D6,https://scontent-ord5-1.cdninstagram.com/o1/v/t2/f2/m86/AQON5XR_bdet5xkaVSaBoiuVOoMEuyDOZNliZiJVNNCSPgYwp5C_xw1eLl9_3Xen7LzhcqWd770gRUTdvaQ1tGlKlDNonkAFqRRLmkM.mp4?_nc_cat=101&_nc_sid=5e9851&_nc_ht=scontent-ord5-1.cdninstagram.com&_nc_ohc=W7rtLY3ZX7EQ7kNvwG0n8Vu&efg=eyJ2ZW5jb2RlX3RhZyI6Inhwdl9wcm9ncmVzc2l2ZS5JTlNUQUdSQU0uQ0xJUFMuQzMuNDgwLmRhc2hfYmFzZWxpbmVfMl92MSIsInhwdl9hc3NldF9pZCI6MTQwMzYzODkwNjgwMTM3OCwiYXNzZXRfYWdlX2RheXMiOjEyNzksInZpX3VzZWNhc2VfaWQiOjEwMDk5LCJkdXJhdGlvbl9zIjoyNywidXJsZ2VuX3NvdXJjZSI6Ind3dyJ9&ccb=17-1&vs=ebfa0c30f24caebd&_nc_vs=HBksFQIYUmlnX3hwdl9yZWVsc19wZXJtYW5lbnRfc3JfcHJvZC9ENjQ3MDk3NjgxMDVDMjEyM0UxNzQ2RjU1QkU0OUNBRF92aWRlb19kYXNoaW5pdC5tcDQVAALIARIAFQIYOnBhc3N0aHJvdWdoX2V2ZXJzdG9yZS9HQ0pNbVJFMDZxOFkyeFVDQUZBME4tYVplZWhWYnFfRUFBQUYVAgLIARIAKAAYABsCiAd1c2Vfb2lsATEScHJvZ3Jlc3NpdmVfcmVjaXBlATEVAAAmxLP25sSm_gQVAigCQzMsF0A75mZmZmZmGBJkYXNoX2Jhc2VsaW5lXzJfdjERAHX-B2XmnQEA&_nc_gid=l-HQMw7d7EwJf5ef7Pg8pw&_nc_zt=28&oh=00_Afpol1A4iFfU5ADROODaM4gYWhJFJOLTbSJ22rldxzU-vg&oe=6974C276,7/23/2022 9:01,https://www.instagram.com/p/CgWw7RRFnyw,CgWw7RRFnyw
,,,,,
"#Repost @ana__paula.s with @make_repost

S gratido por esse ano que est terminando ",https://scontent-ord5-1.cdninstagram.com/v/t51.29350-15/270402030_739145794144043_8360015511581345868_n.jpg?stp=dst-jpg_e35_tt6&efg=eyJ2ZW5jb2RlX3RhZyI6IkZFRUQuaW1hZ2VfdXJsZ2VuLjE0NDB4MTQ0MC5zZHIuZjI5MzUwLmRlZmF1bHRfaW1hZ2UuYzIifQ&_nc_ht=scontent-ord5-1.cdninstagram.com&_nc_cat=111&_nc_oc=Q6cZ2QHoLKmZb64LRKsHIVm9k1_f-bZXIryunhJ2wdLBaah-pgMr9GNpcTmVErfj9KogHM4&_nc_ohc=6p1D-DZW7HcQ7kNvwEmgXj6&_nc_gid=l-HQMw7d7EwJf5ef7Pg8pw&edm=APoiHPcBAAAA&ccb=7-5&ig_cache_key=MjczOTMzNjk4NzM2OTE5MTY2Mw%3D%3D.3-ccb7-5&oh=00_Afr-0AHRftLkRhI4eSMMVPVlTfDvg_V491NVVuG0thzPOw&oe=69789F30&_nc_sid=22de04,None,12/29/2021 5:40,https://www.instagram.com/p/CYEFHn0Orjv,CYEFHn0Orjv
,,,,,
"#Repost trilheirosdeuba with @make_repost

Mantenha seu rosto voltado para o sol e voc no conseguir ver as sombras que ficaram para trs.
.
.
.
.
#pico #minasgerais #picos #picodobone #trekking #trilhas #trilheirosdobrasil #trilheirasdobrasil #mountains #montanhas #natureza #naturezaperfeita #nature #summer #summervibes #nascerdosol #sol #sunrise #sunrisemountain #brazil #brasil #paz #pazeequilibrio #pazinterior #transpiration #transpirao #atividadefisica #suor",https://scontent-ord5-2.cdninstagram.com/v/t51.29350-15/269573941_1283319405500668_2679191535466319774_n.jpg?stp=dst-jpg_e35_tt6&efg=eyJ2ZW5jb2RlX3RhZyI6IkZFRUQuaW1hZ2VfdXJsZ2VuLjE0NDB4ODEwLnNkci5mMjkzNTAuZGVmYXVsdF9pbWFnZS5jMiJ9&_nc_ht=scontent-ord5-2.cdninstagram.com&_nc_cat=104&_nc_oc=Q6cZ2QHoLKmZb64LRKsHIVm9k1_f-bZXIryunhJ2wdLBaah-pgMr9GNpcTmVErfj9KogHM4&_nc_ohc=JAiJQRyfjm8Q7kNvwETSybt&_nc_gid=l-HQMw7d7EwJf5ef7Pg8pw&edm=APoiHPcBAAAA&ccb=7-5&ig_cache_key=MjczNTc4MzQ0MTQ5NDY5NjI0NA%3D%3D.3-ccb7-5&oh=00_AfqN5__Rx5i7KnNX6xibbQFQb5B3Wg9KLq1fUvTlkGc8cQ&oe=69789591&_nc_sid=22de04,None,12/24/2021 8:00,https://www.instagram.com/p/CX3dIuUr-E0,CX3dIuUr-E0
,,,,,
,https://scontent-ord5-2.cdninstagram.com/v/t51.29350-15/268497948_316762670312752_978072353612042302_n.jpg?stp=dst-jpg_e35_tt6&efg=eyJ2ZW5jb2RlX3RhZyI6IkZFRUQuaW1hZ2VfdXJsZ2VuLjE0MjV4MTYzNi5zZHIuZjI5MzUwLmRlZmF1bHRfaW1hZ2UuYzIifQ&_nc_ht=scontent-ord5-2.cdninstagram.com&_nc_cat=104&_nc_oc=Q6cZ2QHoLKmZb64LRKsHIVm9k1_f-bZXIryunhJ2wdLBaah-pgMr9GNpcTmVErfj9KogHM4&_nc_ohc=evPXNVH4_84Q7kNvwHYiI_f&_nc_gid=l-HQMw7d7EwJf5ef7Pg8pw&edm=APoiHPcBAAAA&ccb=7-5&ig_cache_key=MjczMTc4MDQ2NzcwOTkyNjE1Nw%3D%3D.3-ccb7-5&oh=00_Afq5dWjA13-zluOywEbHkPqT5vY0RBE4WPpFslSzJyrsgg&oe=6978C898&_nc_sid=22de04,None,12/18/2021 19:27,https://www.instagram.com/p/CXpO9yeM1sN,CXpO9yeM1sN
,,,,,
"#Repost @nandoressilva with @make_repost

At mesmo os deuses invejam aqueles que esto vigilantes e no negligentes, que se entregam  meditao, que so sbios, e que se deleitam na quietude de um retiro espiritual!! Entendo que quanto mais conhecer minha fora, menos temerei os obstculos da vida; e isso s  possvel concretizar-se no encontro consigo mesmo!!
Sentimento que nos define... gratido .
 
@vale_das_luas
@universointeriorterapias",https://scontent-ord5-3.cdninstagram.com/v/t51.29350-15/265234965_100230452507193_4044641487278341664_n.jpg?stp=dst-jpg_e35_tt6&efg=eyJ2ZW5jb2RlX3RhZyI6IkZFRUQuaW1hZ2VfdXJsZ2VuLjE0NDB4MTQ0MC5zZHIuZjI5MzUwLmRlZmF1bHRfaW1hZ2UuYzIifQ&_nc_ht=scontent-ord5-3.cdninstagram.com&_nc_cat=109&_nc_oc=Q6cZ2QHoLKmZb64LRKsHIVm9k1_f-bZXIryunhJ2wdLBaah-pgMr9GNpcTmVErfj9KogHM4&_nc_ohc=4hnlMb_RfwYQ7kNvwFDD54A&_nc_gid=l-HQMw7d7EwJf5ef7Pg8pw&edm=APoiHPcBAAAA&ccb=7-5&ig_cache_key=MjcyNDI4Nzk3NzQ5OTYwNDM3Nw%3D%3D.3-ccb7-5&oh=00_AfrVoYok7iTfyfDzbWLB1aoRDfqDPnJ7JJ3azyF8--trgg&oe=6978B2B4&_nc_sid=22de04,None,12/8/2021 11:20,https://www.instagram.com/p/CXOnXtMuzWZ,CXOnXtMuzWZ
,,,,,
"#Repost @fonoleticia with @make_repost

Trilha Pico do Bon - Parque Estadual Serra do Brigadeiro 
.
1870 metros de altitude
.
Trajeto maravilhoso pela mata Atlntica e vista incrvel l do alto 
.
Apaixonada nestas aventuras!",https://scontent-ord5-1.cdninstagram.com/v/t51.71878-15/504241450_1373784817223498_4953922114684965423_n.jpg?stp=dst-jpg_e15_tt6&_nc_cat=101&ig_cache_key=MjcyMzM3MTMxODk4NDk2OTU2Mg%3D%3D.3-ccb7-5&ccb=7-5&_nc_sid=58cdad&efg=eyJ2ZW5jb2RlX3RhZyI6InhwaWRzLjEyNDJ4MjIwOC5zZHIuQzMifQ%3D%3D&_nc_ohc=XntulCqrC58Q7kNvwFCPuhu&_nc_oc=AdnBybho-OE4G2dy-0Z6MrqIuPUxpf-_Rl0XUqKIovbLsbFlDEAyuTRpUpuzMjjxbcE&_nc_ad=z-m&_nc_cid=0&_nc_zt=23&_nc_ht=scontent-ord5-1.cdninstagram.com&_nc_gid=l-HQMw7d7EwJf5ef7Pg8pw&oh=00_AfrNwmtzQL3JozenzYJ_QY45SDkiA__iRubyBNHRJY9W0g&oe=69789231,https://scontent-ord5-1.cdninstagram.com/o1/v/t2/f2/m86/AQNXWwlWr6WfUmBHIu27pHott2NGwes0F4cLCAaha-Mg5DRxrNhDUYIJubpqAcmXj0MFr7BpudGfT235Lb7K0HRntHwSgmeVtwS2bOg.mp4?_nc_cat=101&_nc_sid=5e9851&_nc_ht=scontent-ord5-1.cdninstagram.com&_nc_ohc=H06LnCXYY5EQ7kNvwHjQNmA&efg=eyJ2ZW5jb2RlX3RhZyI6Inhwdl9wcm9ncmVzc2l2ZS5JTlNUQUdSQU0uQ0xJUFMuQzMuNzIwLmRhc2hfYmFzZWxpbmVfMV92MSIsInhwdl9hc3NldF9pZCI6NjAyNjU0MjA0MzM2NTY3LCJhc3NldF9hZ2VfZGF5cyI6MTUwNywidmlfdXNlY2FzZV9pZCI6MTAwOTksImR1cmF0aW9uX3MiOjEzLCJ1cmxnZW5fc291cmNlIjoid3d3In0%3D&ccb=17-1&vs=cd0975659d80cba3&_nc_vs=HBksFQIYUmlnX3hwdl9yZWVsc19wZXJtYW5lbnRfc3JfcHJvZC9DNTQ4OTJCQjQwRDYzNjlBQ0NDQjNGMTI2RDIzQjc4QV92aWRlb19kYXNoaW5pdC5tcDQVAALIARIAFQIYOnBhc3N0aHJvdWdoX2V2ZXJzdG9yZS9HT3JocWc5YlkxZEJvWWdBQUl2WUxlY0xSdFZOYnFfRUFBQUYVAgLIARIAKAAYABsCiAd1c2Vfb2lsATEScHJvZ3Jlc3NpdmVfcmVjaXBlATEVAAAm7uas3IuHkgIVAigCQzMsF0Aqu2RaHKwIGBJkYXNoX2Jhc2VsaW5lXzFfdjERAHX-B2XmnQEA&_nc_gid=l-HQMw7d7EwJf5ef7Pg8pw&_nc_zt=28&oh=00_AfqIRwLJTb0EX6RteDbRRtbe_BDZKKQ9JobtK4TldC6CvA&oe=6974A56E,12/7/2021 5:00,https://www.instagram.com/p/CXLW8kblg1a,CXLW8kblg1a
,,,,,
"#Repost @b.soares90 with @make_repost

 Pra mim a vida  preciosa porque voc no pode assistir de novo.  isso que faz a vida ser to mgica 

.
.
.
.

#role #minas #araponga #pico #picodobone #deusnocomando",https://scontent-ord5-2.cdninstagram.com/v/t51.29350-15/262895602_348163287068632_1714060603270186069_n.jpg?stp=dst-jpg_e35_tt6&efg=eyJ2ZW5jb2RlX3RhZyI6IkZFRUQuaW1hZ2VfdXJsZ2VuLjE0NDB4MTc5NS5zZHIuZjI5MzUwLmRlZmF1bHRfaW1hZ2UuYzIifQ&_nc_ht=scontent-ord5-2.cdninstagram.com&_nc_cat=104&_nc_oc=Q6cZ2QHuaFELc6kBhb8GdT65yQE_ngso4CFcd_200XWZi8Sty6m7WcNEMjxH_SNXY_k2iN8&_nc_ohc=ewvkb0f8JQAQ7kNvwFVDZxN&_nc_gid=xurjyXiSoDM6DeomBvUnmA&edm=APoiHPcBAAAA&ccb=7-5&ig_cache_key=MjcyMDc4NjQ2Njg5OTQ5OTQzMA%3D%3D.3-ccb7-5&oh=00_AfrWsphHXxkWw0hExYaeI0NNy9ItbciJm1RwZ_uUr8dogw&oe=69789E49&_nc_sid=22de04,None,12/3/2021 15:24,https://www.instagram.com/p/CXCLOBVPBmm,CXCLOBVPBmm
,,,,,
Fato verdico pessoal? ,https://scontent-ord5-1.cdninstagram.com/v/t51.29350-15/258884553_464837051958011_7428315152768603290_n.jpg?stp=dst-jpg_e35_tt6&efg=eyJ2ZW5jb2RlX3RhZyI6IkZFRUQuaW1hZ2VfdXJsZ2VuLjExMzV4MTEzNS5zZHIuZjI5MzUwLmRlZmF1bHRfaW1hZ2UuYzIifQ&_nc_ht=scontent-ord5-1.cdninstagram.com&_nc_cat=111&_nc_oc=Q6cZ2QHuaFELc6kBhb8GdT65yQE_ngso4CFcd_200XWZi8Sty6m7WcNEMjxH_SNXY_k2iN8&_nc_ohc=MhYmqALhksgQ7kNvwGhdgkj&_nc_gid=xurjyXiSoDM6DeomBvUnmA&edm=APoiHPcBAAAA&ccb=7-5&ig_cache_key=MjcxMTE4NTA1MzkxODg3NDYyMg%3D%3D.3-ccb7-5&oh=00_AfrB82Yl2KpeIpB0_Jke8X0ZZpFKl2n2e9gUSgfUsgqFxA&oe=6978C3BA&_nc_sid=22de04,None,11/20/2021 9:27,https://www.instagram.com/p/CWgEHErLsv-,CWgEHErLsv-
,,,,,
"#Repost @sasseanissa with @make_repost

""A vida to simples  boa, quase sempre""..porque a felicidade no est fora, e sim dentro da gente! 

@picodobone.oficial",https://scontent-ord5-3.cdninstagram.com/v/t51.29350-15/258835501_565740638141566_5248178012459909580_n.jpg?stp=dst-jpg_e35_tt6&efg=eyJ2ZW5jb2RlX3RhZyI6IkZFRUQuaW1hZ2VfdXJsZ2VuLjE0NDB4MTQ0MC5zZHIuZjI5MzUwLmRlZmF1bHRfaW1hZ2UuYzIifQ&_nc_ht=scontent-ord5-3.cdninstagram.com&_nc_cat=110&_nc_oc=Q6cZ2QHuaFELc6kBhb8GdT65yQE_ngso4CFcd_200XWZi8Sty6m7WcNEMjxH_SNXY_k2iN8&_nc_ohc=C-Fkhb_itSYQ7kNvwHGSl4Z&_nc_gid=xurjyXiSoDM6DeomBvUnmA&edm=APoiHPcBAAAA&ccb=7-5&ig_cache_key=MjcxMTA0OTEyMDA2NjI3NzQ4NQ%3D%3D.3-ccb7-5&oh=00_AfqUOMl6DxwSCbTkHr7-LFgRIugJDIcoUCsopUWdTIgkow&oe=6978A9B1&_nc_sid=22de04,None,11/20/2021 4:57,https://www.instagram.com/p/CWflM-aL5Bt,CWflM-aL5Bt
,,,,,
"#Repost @ericalucastro with @make_repost

#tbt Junho de 2021.",https://scontent-ord5-2.cdninstagram.com/v/t51.29350-15/257893327_1067486644083567_8907235128015676955_n.jpg?stp=dst-jpg_e35_tt6&efg=eyJ2ZW5jb2RlX3RhZyI6IkZFRUQuaW1hZ2VfdXJsZ2VuLjE0NDB4MTQ0MC5zZHIuZjI5MzUwLmRlZmF1bHRfaW1hZ2UuYzIifQ&_nc_ht=scontent-ord5-2.cdninstagram.com&_nc_cat=103&_nc_oc=Q6cZ2QHuaFELc6kBhb8GdT65yQE_ngso4CFcd_200XWZi8Sty6m7WcNEMjxH_SNXY_k2iN8&_nc_ohc=2Yuowb-a69gQ7kNvwFOORgE&_nc_gid=xurjyXiSoDM6DeomBvUnmA&edm=APoiHPcBAAAA&ccb=7-5&ig_cache_key=MjcwOTYxOTEzOTc1NDY5NDIwNw%3D%3D.3-ccb7-5&oh=00_AfoMZUvnzfUU1hGb7IruLngeKw-wn___ogrvrQTLlRrdjw&oe=6978B071&_nc_sid=22de04,None,11/18/2021 5:36,https://www.instagram.com/p/CWagEBdrZY_,CWagEBdrZY_
,,,,,
Marca seus amigos que fazem trilha com voc ,https://scontent-ord5-2.cdninstagram.com/v/t51.29350-15/258170343_241474698078485_8122233540810584932_n.jpg?stp=dst-jpg_e35_tt6&efg=eyJ2ZW5jb2RlX3RhZyI6IkZFRUQuaW1hZ2VfdXJsZ2VuLjE0NDB4MTY3NS5zZHIuZjI5MzUwLmRlZmF1bHRfaW1hZ2UuYzIifQ&_nc_ht=scontent-ord5-2.cdninstagram.com&_nc_cat=105&_nc_oc=Q6cZ2QHuaFELc6kBhb8GdT65yQE_ngso4CFcd_200XWZi8Sty6m7WcNEMjxH_SNXY_k2iN8&_nc_ohc=ROXOajmZEWsQ7kNvwElMeYh&_nc_gid=xurjyXiSoDM6DeomBvUnmA&edm=APoiHPcBAAAA&ccb=7-5&ig_cache_key=MjcwODg5OTMyMDk2MDk0MDMwNA%3D%3D.3-ccb7-5&oh=00_Afp5Q9o0TqJ7FiMuoUnSlCwtn96ZWOLao9M5c3xLWWmHPw&oe=6978A287&_nc_sid=22de04,None,11/17/2021 5:46,https://www.instagram.com/p/CWX8ZR-LHkQ,CWX8ZR-LHkQ
,,,,,
"#Repost @serradobrigadeiro with @make_repost

Que tal uma pausa na rotina? O Vale das Luas Hospedagem de Montanha @vale_das_luas  o lugar perfeito para respirar e dedicar um momento para voc. Abraado pela natureza, o espao oferece uma linda vista para as matas da Serra do Brigadeiro. Mais que isso, os hspedes tm acesso e podem se banhar em uma das cachoeiras mais bonitas da regio, localizada aos ps do Pico do Bon. Seu cume, a 1.860 metros acima do nvel do mar,  o mais visitado do Parque Estadual. Ele possui 360 graus de viso para toda regio e o acesso a trilha fica prximo da pousada. Alm de toda esta beleza natural ao seu redor, o Vale das Luas tambm oferece atividades teraputicas e de aventura.

Localizao: no entorno do Parque Estadual da Serra do Brigadeiro, na Serra do Bon, localidade rural de Estouros, municpio de Araponga, MG. Situado a 1.290m de altitude, na divisa com o parque, na base do Pico do Bon.

Acomodaes:

A hospedaria conta com cinco chalezinhos de um ou dois quartos com cozinha individual - com mesa com 4 cadeiras, geladeira, fogo com forno e pia com torneira com filtro d'gua; banheiro, TV por assinatura, varanda com rede e churrasqueira.

Mais informaes pelo siteserradobrigadeiro.com.br/valedasluas> ABA ONDE FICAR ou pelo ZAP (31) 9 8267-0103

#serradobrigadeiro #valedasluas #cachoeiras #natureza #arapongamg #estouros #hospedaria #hospedagem #chales",https://scontent-ord5-1.cdninstagram.com/v/t51.29350-15/253345912_384506896800539_8854663078492160863_n.jpg?stp=dst-jpg_e35_tt6&efg=eyJ2ZW5jb2RlX3RhZyI6IkZFRUQuaW1hZ2VfdXJsZ2VuLjE0NDB4MTQ0MC5zZHIuZjI5MzUwLmRlZmF1bHRfaW1hZ2UuYzIifQ&_nc_ht=scontent-ord5-1.cdninstagram.com&_nc_cat=111&_nc_oc=Q6cZ2QHuaFELc6kBhb8GdT65yQE_ngso4CFcd_200XWZi8Sty6m7WcNEMjxH_SNXY_k2iN8&_nc_ohc=crzfgjx_3CQQ7kNvwHsqA5v&_nc_gid=xurjyXiSoDM6DeomBvUnmA&edm=APoiHPcBAAAA&ccb=7-5&ig_cache_key=MjcwMDg4NTczNTU4MDIxODU5Nw%3D%3D.3-ccb7-5&oh=00_AfrQJQlqiIqDgDoZ-Yb87AE5K_VrcqKCo509UEb0gDqcBA&oe=6978BC25&_nc_sid=22de04,None,11/6/2021 5:24,https://www.instagram.com/p/CV7eURALbTl,CV7eURALbTl
,,,,,
"#Repost @gazola_gtrainning with @make_repost

Oh saudade desse lugarzinho especial! 
#tbt #araponga #trailrun #natureza",https://scontent-ord5-1.cdninstagram.com/v/t51.29350-15/252199164_951906658739039_7270744704216996780_n.jpg?stp=dst-jpg_e35_tt6&efg=eyJ2ZW5jb2RlX3RhZyI6IkZFRUQuaW1hZ2VfdXJsZ2VuLjE0NDB4MTgwMC5zZHIuZjI5MzUwLmRlZmF1bHRfaW1hZ2UuYzIifQ&_nc_ht=scontent-ord5-1.cdninstagram.com&_nc_cat=111&_nc_oc=Q6cZ2QHuaFELc6kBhb8GdT65yQE_ngso4CFcd_200XWZi8Sty6m7WcNEMjxH_SNXY_k2iN8&_nc_ohc=6bMHVl8VST4Q7kNvwECEdhS&_nc_gid=xurjyXiSoDM6DeomBvUnmA&edm=APoiHPcBAAAA&ccb=7-5&ig_cache_key=MjcwMDE1Nzc1ODYyMTg5OTgzOA%3D%3D.3-ccb7-5&oh=00_AfqasHoCOprWVCGmMJwur2GzNClT4Vj2-MYs60mQFz6_AQ&oe=697891E2&_nc_sid=22de04,None,11/5/2021 5:18,https://www.instagram.com/p/CV44yzoLFw-,CV44yzoLFw-
,,,,,
"#Repost @walter.alimura with @make_repost

 A vida  boa pra ca@#$..... Eu tenho vinte e poucos anos... E no vou parar aqui....  
.
.
.
#picodobon #notopo #arapongamg",https://scontent-ord5-2.cdninstagram.com/v/t51.29350-15/248407575_1096605381099796_8698122278474250059_n.jpg?stp=dst-jpg_e35_tt6&efg=eyJ2ZW5jb2RlX3RhZyI6IkZFRUQuaW1hZ2VfdXJsZ2VuLjE0NDB4MTQ0MC5zZHIuZjI5MzUwLmRlZmF1bHRfaW1hZ2UuYzIifQ&_nc_ht=scontent-ord5-2.cdninstagram.com&_nc_cat=104&_nc_oc=Q6cZ2QHuaFELc6kBhb8GdT65yQE_ngso4CFcd_200XWZi8Sty6m7WcNEMjxH_SNXY_k2iN8&_nc_ohc=wcPQg8lvttMQ7kNvwEtRim7&_nc_gid=xurjyXiSoDM6DeomBvUnmA&edm=APoiHPcBAAAA&ccb=7-5&ig_cache_key=MjY5MTU4NjM0MDY5OTQwOTgyNg%3D%3D.3-ccb7-5&oh=00_AfqL9Ku0NjXZLTMuuPbT-9O9lxOatkkBV9uogdava-owlg&oe=69789627&_nc_sid=22de04,None,10/24/2021 9:28,https://www.instagram.com/p/CVab4Qnro2i,CVab4Qnro2i
,,,,,
#Repost @vale_das_luas with @make_repost,https://scontent-ord5-2.cdninstagram.com/v/t51.29350-15/248100665_403046647988765_2950435758976012895_n.jpg?stp=dst-jpg_e35_tt6&efg=eyJ2ZW5jb2RlX3RhZyI6IkZFRUQuaW1hZ2VfdXJsZ2VuLjE0NDB4MTQ0MC5zZHIuZjI5MzUwLmRlZmF1bHRfaW1hZ2UuYzIifQ&_nc_ht=scontent-ord5-2.cdninstagram.com&_nc_cat=105&_nc_oc=Q6cZ2QHuaFELc6kBhb8GdT65yQE_ngso4CFcd_200XWZi8Sty6m7WcNEMjxH_SNXY_k2iN8&_nc_ohc=vrKhiboZEkIQ7kNvwHXkxpi&_nc_gid=xurjyXiSoDM6DeomBvUnmA&edm=APoiHPcBAAAA&ccb=7-5&ig_cache_key=MjY5MDkwMDQ2ODI0NTExMDQ2Mw%3D%3D.3-ccb7-5&oh=00_AfqptaJgSZvquVLeZPuYQIHj1k7MJnByZjjVfiDPidYRhw&oe=6978AF86&_nc_sid=22de04,None,10/23/2021 10:45,https://www.instagram.com/p/CVX_7gHrp6_,CVX_7gHrp6_
,,,,,
"#Repost @tartagliayasmin with @make_repost

",https://scontent-ord5-2.cdninstagram.com/v/t51.29350-15/245525579_6609566922417278_2955245634172540473_n.jpg?stp=dst-jpg_e35_tt6&efg=eyJ2ZW5jb2RlX3RhZyI6IkZFRUQuaW1hZ2VfdXJsZ2VuLjE0NDB4MTU1OC5zZHIuZjI5MzUwLmRlZmF1bHRfaW1hZ2UuYzIifQ&_nc_ht=scontent-ord5-2.cdninstagram.com&_nc_cat=102&_nc_oc=Q6cZ2QHuaFELc6kBhb8GdT65yQE_ngso4CFcd_200XWZi8Sty6m7WcNEMjxH_SNXY_k2iN8&_nc_ohc=RKes8zHHFd4Q7kNvwFuprGt&_nc_gid=xurjyXiSoDM6DeomBvUnmA&edm=APoiHPcBAAAA&ccb=7-5&ig_cache_key=MjY4NTk2OTUwMzA3Mzc5NDg5Ng%3D%3D.3-ccb7-5&oh=00_AfpLfQwX8bkqepy2hiKp-ON9U1wp5J3kOutadptinqSI8A&oe=6978BA83&_nc_sid=22de04,None,10/16/2021 15:28,https://www.instagram.com/p/CVGewg8PvtQ,CVGewg8PvtQ
,,,,,
"#Repost @jefin_rocha with @make_repost

Trekking t pago 
.
.
#picodobone #serradobrigadeiro #araponga",https://scontent-ord5-2.cdninstagram.com/v/t51.29350-15/244352083_191181793139355_6906768693423379165_n.jpg?stp=dst-jpg_e35_tt6&efg=eyJ2ZW5jb2RlX3RhZyI6IkZFRUQuaW1hZ2VfdXJsZ2VuLjE0NDB4MTQ0MC5zZHIuZjI5MzUwLmRlZmF1bHRfaW1hZ2UuYzIifQ&_nc_ht=scontent-ord5-2.cdninstagram.com&_nc_cat=103&_nc_oc=Q6cZ2QGevqiaBz5e8YrozijUWkraS5ZyVSZHw1557048zCauECg3_uRNY9U5E-tQdlpIs14&_nc_ohc=CWt0YNOrTvkQ7kNvwHWGh6D&_nc_gid=5Rs4OMtUpHL5gt00Wvnubw&edm=APoiHPcBAAAA&ccb=7-5&ig_cache_key=MjY3Njk5Mjg4ODMzODc3NjM1MA%3D%3D.3-ccb7-5&oh=00_AfokQLnk94MjAlH9gpZq8i5u6qHRAYpQqMABGZnxSOO-Ng&oe=69789C69&_nc_sid=22de04,None,10/4/2021 6:14,https://www.instagram.com/p/CUmltk_rgEe,CUmltk_rgEe
,,,,,
"#Repost @isadoralima_t with @make_repost

~~
.
.
.
.
.
.
.

#sol #verao #tumbler #cachoeira #picodobone #serradobrigadeiro #nature #natureza #love #paz #cachoeirasdobrasil #cachu #cacheadas #cachos #viral #domigueira #domingou #stilo #biquini",https://scontent-ord5-3.cdninstagram.com/v/t51.29350-15/242625872_339561754590585_514520220330071078_n.jpg?stp=dst-jpg_e35_tt6&efg=eyJ2ZW5jb2RlX3RhZyI6IkZFRUQuaW1hZ2VfdXJsZ2VuLjE0NDB4MTY5Ni5zZHIuZjI5MzUwLmRlZmF1bHRfaW1hZ2UuYzIifQ&_nc_ht=scontent-ord5-3.cdninstagram.com&_nc_cat=109&_nc_oc=Q6cZ2QGevqiaBz5e8YrozijUWkraS5ZyVSZHw1557048zCauECg3_uRNY9U5E-tQdlpIs14&_nc_ohc=06mLIUE8USIQ7kNvwGNm4n2&_nc_gid=5Rs4OMtUpHL5gt00Wvnubw&edm=APoiHPcBAAAA&ccb=7-5&ig_cache_key=MjY3MDEyNTM4NjY0NDQwODM2Mw%3D%3D.3-ccb7-5&oh=00_AfriL8ypOfVcZUgOQZ_EtKOFl6gAE9roAD7aVFk_DSs19g&oe=6978BC2D&_nc_sid=22de04,None,9/24/2021 18:49,https://www.instagram.com/p/CUOMORosUgr,CUOMORosUgr
,,,,,
"#Repost @_lailacastro with @make_repost

Bom diaaaaa..... Segundou com energias renovadas. 
.
.
.
.
#nature #natureza #photografia #gratidao #life #stylelive #picodobone",https://scontent-ord5-2.cdninstagram.com/v/t51.29350-15/242630840_1747006989021724_1693753064004920243_n.jpg?stp=dst-jpg_e35_tt6&efg=eyJ2ZW5jb2RlX3RhZyI6IkZFRUQuaW1hZ2VfdXJsZ2VuLjE0NDB4MTQ0MC5zZHIuZjI5MzUwLmRlZmF1bHRfaW1hZ2UuYzIifQ&_nc_ht=scontent-ord5-2.cdninstagram.com&_nc_cat=104&_nc_oc=Q6cZ2QGevqiaBz5e8YrozijUWkraS5ZyVSZHw1557048zCauECg3_uRNY9U5E-tQdlpIs14&_nc_ohc=oaPDN8UrlHIQ7kNvwEOjeiQ&_nc_gid=5Rs4OMtUpHL5gt00Wvnubw&edm=APoiHPcBAAAA&ccb=7-5&ig_cache_key=MjY2OTQ1Nzc1MzYzMjg5MTQxMg%3D%3D.3-ccb7-5&oh=00_AfpSf3_kpfBjZV6BxXEqW-_MENJ7jf-ko6eKR6xoP6LL6Q&oe=69789B6E&_nc_sid=22de04,None,9/23/2021 20:43,https://www.instagram.com/p/CUL0a78M2IU,CUL0a78M2IU
,,,,,
"#Repost @luucianaleixo with @make_repost

O beijo que me leva as alturas HAHAHA
Com o lindo ",https://scontent-ord5-2.cdninstagram.com/v/t51.29350-15/242615492_408695150612259_8513202335365692112_n.jpg?stp=dst-jpg_e35_tt6&efg=eyJ2ZW5jb2RlX3RhZyI6IkZFRUQuaW1hZ2VfdXJsZ2VuLjE0NDB4MTQ0MC5zZHIuZjI5MzUwLmRlZmF1bHRfaW1hZ2UuYzIifQ&_nc_ht=scontent-ord5-2.cdninstagram.com&_nc_cat=103&_nc_oc=Q6cZ2QGevqiaBz5e8YrozijUWkraS5ZyVSZHw1557048zCauECg3_uRNY9U5E-tQdlpIs14&_nc_ohc=lMrWFgHnO-QQ7kNvwFMJ-dC&_nc_gid=5Rs4OMtUpHL5gt00Wvnubw&edm=APoiHPcBAAAA&ccb=7-5&ig_cache_key=MjY2ODMwNTIyNjgwNzQ2NTA5OA%3D%3D.3-ccb7-5&oh=00_AfrukzAar2dvEC1_NvFHy99ait7CvXGgYCl9m4mBmtck5w&oe=69789C29&_nc_sid=22de04,None,9/22/2021 6:33,https://www.instagram.com/p/CUHuXdsLVSK,CUHuXdsLVSK
,,,,,
"#Repost @bremmercarvalho with @make_repost

",https://scontent-ord5-1.cdninstagram.com/v/t51.29350-15/242072833_178704287727056_1581700234287667430_n.jpg?stp=dst-jpg_e35_tt6&efg=eyJ2ZW5jb2RlX3RhZyI6IkZFRUQuaW1hZ2VfdXJsZ2VuLjE0NDB4MTQ0MC5zZHIuZjI5MzUwLmRlZmF1bHRfaW1hZ2UuYzIifQ&_nc_ht=scontent-ord5-1.cdninstagram.com&_nc_cat=108&_nc_oc=Q6cZ2QGevqiaBz5e8YrozijUWkraS5ZyVSZHw1557048zCauECg3_uRNY9U5E-tQdlpIs14&_nc_ohc=cZmMtwn8mLAQ7kNvwHjV_J7&_nc_gid=5Rs4OMtUpHL5gt00Wvnubw&edm=APoiHPcBAAAA&ccb=7-5&ig_cache_key=MjY2NTEzMTQ0MDgwMTUyMzAxMA%3D%3D.3-ccb7-5&oh=00_Afp6rxxMH1mM39N9Fdekngh_s9LKvJfG9Ss2iouOsh8fdQ&oe=6978C425&_nc_sid=22de04,None,9/17/2021 21:27,https://www.instagram.com/p/CT8cuzIsyVC,CT8cuzIsyVC
,,,,,
"#Repost @diogo_dgm with @make_repost

Nascer do Sol  5h49 emmm ponto !!",https://scontent-ord5-3.cdninstagram.com/v/t51.29350-15/241993166_591127015243125_5206309614213693971_n.jpg?stp=dst-jpg_e35_tt6&efg=eyJ2ZW5jb2RlX3RhZyI6IkZFRUQuaW1hZ2VfdXJsZ2VuLjE0NDB4MTQ0MC5zZHIuZjI5MzUwLmRlZmF1bHRfaW1hZ2UuYzIifQ&_nc_ht=scontent-ord5-3.cdninstagram.com&_nc_cat=109&_nc_oc=Q6cZ2QGevqiaBz5e8YrozijUWkraS5ZyVSZHw1557048zCauECg3_uRNY9U5E-tQdlpIs14&_nc_ohc=zSBeUx1Um4cQ7kNvwF8jY5f&_nc_gid=5Rs4OMtUpHL5gt00Wvnubw&edm=APoiHPcBAAAA&ccb=7-5&ig_cache_key=MjY2NDY4NjE4OTQ1MjA4NDc0NQ%3D%3D.3-ccb7-5&oh=00_AfqLMyABuADuI8P91MBpVR5-Jt6Du_sjnUws92V_YW-clw&oe=6978A1E5&_nc_sid=22de04,None,9/17/2021 6:42,https://www.instagram.com/p/CT63figLkYJ,CT63figLkYJ
,,,,,
"#Repost @pebrigadeirooficial with @make_repost

Pois bem apaixonados e apaixonadas pelo Parque do Brigadeiro...infelizmente nem tudo so flores no  mesmo? 

Desde sexta feira, enfrentamos um incndio na regio norte do Parque no municpio de Pedra Bonita. Ontem, a fora tarefa foi desmontada, mas seguimos no monitoramento e rescaldo. Foi necessrio o apoio de aeronaves para lanamento de gua e deslocamento dos brigadistas e Bombeiros que atuaram na linha de frente.

Vale ressaltar que que infelizmente a maioria dos incndios so criminosos e operaes como essas so finaceiramente caras. 

E o dano ambiental? Bom,  esse  o mais valioso e impossvel de calcular em nmeros visto que queimadas geram impactos imediatos e futuros. Mas s de rea queimada nesse incndio, foram 106 hectares dentro do Parque e 44 hectares na sua zona de amortecimento. 

Estamos exautos? Sim...mas seguimos na luta!

Queremos aqui agradecer o apoio de todos os envolvidos: funcionrios, brigadistas da Safemed Corpo de Bombeiros de Viosa e Manhuau, CORPAER PMMG, Defesa civil de Viosa, AEROTERRA, Universidade Federal de Viosa, e Prefeituras de Pedra Bonita, Cana e So Miguel do Anta.

#parquedobrigadeiro 
#ief 
#incendioflorestal 
#previncndio",https://scontent-ord5-3.cdninstagram.com/v/t51.29350-15/242069854_2138942786259345_6276832903783300369_n.jpg?stp=dst-jpg_e35_tt6&efg=eyJ2ZW5jb2RlX3RhZyI6IkNBUk9VU0VMX0lURU0uaW1hZ2VfdXJsZ2VuLjE0NDB4MTQ0MC5zZHIuZjI5MzUwLmRlZmF1bHRfaW1hZ2UuYzIifQ&_nc_ht=scontent-ord5-3.cdninstagram.com&_nc_cat=109&_nc_oc=Q6cZ2QGevqiaBz5e8YrozijUWkraS5ZyVSZHw1557048zCauECg3_uRNY9U5E-tQdlpIs14&_nc_ohc=wrdLvho3kT8Q7kNvwFeHUgQ&_nc_gid=5Rs4OMtUpHL5gt00Wvnubw&edm=APoiHPcBAAAA&ccb=7-5&ig_cache_key=MjY2MzYxNjQ5NTE0MDE1ODM1Mw%3D%3D.3-ccb7-5&oh=00_Afrc9YzSXC_s10vvWXVf5OUpVw5VAdI2HaaHBbBsckbRgw&oe=6978C7FE&_nc_sid=22de04,None,9/15/2021 19:17,https://www.instagram.com/p/CT3ERfgselM,CT3ERfgselM
,,,,,
#Repost @joaovitor__m with @make_repost,https://scontent-ord5-3.cdninstagram.com/v/t51.29350-15/241801922_541357823823862_4670001016239845891_n.jpg?stp=dst-jpg_e35_tt6&efg=eyJ2ZW5jb2RlX3RhZyI6IkZFRUQuaW1hZ2VfdXJsZ2VuLjE0NDB4MTgwMC5zZHIuZjI5MzUwLmRlZmF1bHRfaW1hZ2UuYzIifQ&_nc_ht=scontent-ord5-3.cdninstagram.com&_nc_cat=110&_nc_oc=Q6cZ2QGevqiaBz5e8YrozijUWkraS5ZyVSZHw1557048zCauECg3_uRNY9U5E-tQdlpIs14&_nc_ohc=w9sSAU1aMCYQ7kNvwHIUR60&_nc_gid=5Rs4OMtUpHL5gt00Wvnubw&edm=APoiHPcBAAAA&ccb=7-5&ig_cache_key=MjY2MTQ2MTE5MDQ3NDE2MzE1MQ%3D%3D.3-ccb7-5&oh=00_AfoMTTcEIQN1qrip5YIn5-ZgoBE6xNQQcptVCrZbUm_hVA&oe=6978C594&_nc_sid=22de04,None,9/12/2021 19:55,https://www.instagram.com/p/CTvaNoJs2PP,CTvaNoJs2PP
,,,,,
"#Repost @vinicius.lima___ with @make_repost

Esse lugar  foda, j vale o #tbt!",https://scontent-ord5-3.cdninstagram.com/v/t51.29350-15/241695796_142829351377063_8713721208060918556_n.jpg?stp=dst-jpg_e35_tt6&efg=eyJ2ZW5jb2RlX3RhZyI6IkZFRUQuaW1hZ2VfdXJsZ2VuLjE0NDB4MTQ0MC5zZHIuZjI5MzUwLmRlZmF1bHRfaW1hZ2UuYzIifQ&_nc_ht=scontent-ord5-3.cdninstagram.com&_nc_cat=107&_nc_oc=Q6cZ2QGevqiaBz5e8YrozijUWkraS5ZyVSZHw1557048zCauECg3_uRNY9U5E-tQdlpIs14&_nc_ohc=Rc7aRd51SFkQ7kNvwFkPcmr&_nc_gid=5Rs4OMtUpHL5gt00Wvnubw&edm=APoiHPcBAAAA&ccb=7-5&ig_cache_key=MjY2MTA3MjY5MDk4NTM2MDQ3OQ%3D%3D.3-ccb7-5&oh=00_AfpLbMrl4NV-K-rNZVFh-6lDSKegvogei73eJOioEkJFAQ&oe=6978AD9B&_nc_sid=22de04,None,9/12/2021 7:03,https://www.instagram.com/p/CTuB4NzrNxf,CTuB4NzrNxf
,,,,,
"#Repost @ericasouzareis_ with @make_repost

A verdade  que s vezes a gente se perde tentando encontrar a perfeio.

Comeamos a olhar no espelho e caar tantos defeitos que nos levam a odiar o reflexo. 

At decidir se aceitar e ser sua melhor verso, e no ficar tentando ser uma outra pessoa.

 sobre enxergar seus defeitos e aceit-los.

 se olhar no espelho e ao invs de caar defeitos voc se perguntar ""o que eu posso melhorar?"".

 sobre dar um passo de cada vez.

 sobre fazer algo porque voc se ama, no porque voc odeia quem voc , ou odeia seu corpo. 

Voc vai se alimentar bem, pela sua sade. Voc vai treinar, pela sade, pela estima, pela disposio. 

Se cuide! Se ame! Se respeite! Um pouquinho, todos os dias. 

Devagar e sempre!

#saudemental #saude #saudavel #vidasaudavel #esportes #trilha #naturephotography #fitness #fitnessmotivation #bodybuilding #musafit #musafitness #inspirao #autoaceitao #autocuidado #amorproprio",https://scontent-ord5-3.cdninstagram.com/v/t51.29350-15/241516282_125019889872696_5232805559743125856_n.jpg?stp=dst-jpg_e35_tt6&efg=eyJ2ZW5jb2RlX3RhZyI6IkZFRUQuaW1hZ2VfdXJsZ2VuLjE0NDB4MTgwMC5zZHIuZjI5MzUwLmRlZmF1bHRfaW1hZ2UuYzIifQ&_nc_ht=scontent-ord5-3.cdninstagram.com&_nc_cat=100&_nc_oc=Q6cZ2QGevqiaBz5e8YrozijUWkraS5ZyVSZHw1557048zCauECg3_uRNY9U5E-tQdlpIs14&_nc_ohc=gqteBjPs3x0Q7kNvwFOiYcb&_nc_gid=5Rs4OMtUpHL5gt00Wvnubw&edm=APoiHPcBAAAA&ccb=7-5&ig_cache_key=MjY1OTk4NTM2OTE3MTI5NTk3NA%3D%3D.3-ccb7-5&oh=00_Afperr8WHGWhan7pTm_oXhyKSUUQIC-dzTfW7ZzHXgpf4Q&oe=6978BD9E&_nc_sid=22de04,None,9/10/2021 19:03,https://www.instagram.com/p/CTqKpmdMP7m,CTqKpmdMP7m
,,,,,
"#Repost @gislenelopesmaquiagem with @make_repost

Alguns registros desse final de semana com trilha no @picodobone.oficial",https://scontent-ord5-1.cdninstagram.com/v/t51.29350-15/241431607_540597743876195_3052867140153993940_n.jpg?stp=dst-jpg_e35_tt6&efg=eyJ2ZW5jb2RlX3RhZyI6IkZFRUQuaW1hZ2VfdXJsZ2VuLjE0NDB4MTQ0MC5zZHIuZjI5MzUwLmRlZmF1bHRfaW1hZ2UuYzIifQ&_nc_ht=scontent-ord5-1.cdninstagram.com&_nc_cat=111&_nc_oc=Q6cZ2QG-nUapVyZFEzhZwDC7uL-XtBOhIVzeHYKJ2aKxJDNfMToBZdCjI-4z9bA644g4LfM&_nc_ohc=SstLtLHQAzoQ7kNvwHKGg6v&_nc_gid=_QHYbDCXPS3SNRrflgj85g&edm=APoiHPcBAAAA&ccb=7-5&ig_cache_key=MjY1NzY4MjcwNTM1OTk0NzY1MA%3D%3D.3-ccb7-5&oh=00_Afqi3Kvu9nFQo6-alE5cmHGuIzIqIeS9lJXKcbVKW1YYUA&oe=6978C79D&_nc_sid=22de04,None,9/7/2021 14:48,https://www.instagram.com/p/CTh_FbqrceC,CTh_FbqrceC
,,,,,
"#Repost @samu_henriq with @make_repost

Passeio ciclstico Araponga x Pico da Bandeira

2 dia concludo com sucesso, sada de Bom Jesus do Madeira explorando a regio de Divino

@serradobrigadeiro 
@picodobone.oficial 

#minasgerais 
#arrepiadosdaserra 
#mtb",https://scontent-ord5-2.cdninstagram.com/v/t51.29350-15/241371009_532528521345364_5469313393449153488_n.jpg?stp=dst-jpg_e35_tt6&efg=eyJ2ZW5jb2RlX3RhZyI6IkZFRUQuaW1hZ2VfdXJsZ2VuLjE0NDB4MTQ0MC5zZHIuZjI5MzUwLmRlZmF1bHRfaW1hZ2UuYzIifQ&_nc_ht=scontent-ord5-2.cdninstagram.com&_nc_cat=104&_nc_oc=Q6cZ2QG-nUapVyZFEzhZwDC7uL-XtBOhIVzeHYKJ2aKxJDNfMToBZdCjI-4z9bA644g4LfM&_nc_ohc=VCIpW_nzZQMQ7kNvwHsV7Nm&_nc_gid=_QHYbDCXPS3SNRrflgj85g&edm=APoiHPcBAAAA&ccb=7-5&ig_cache_key=MjY1NjM1OTUyMjgwNzg3MjA1Ng%3D%3D.3-ccb7-5&oh=00_AfoL1cBi97dxnSS-tJ5CG6tcXLXjmuOvkRzd5VAb_zlbUQ&oe=6978B945&_nc_sid=22de04,None,9/5/2021 18:59,https://www.instagram.com/p/CTdSOl4sHo4,CTdSOl4sHo4
,,,,,
"#Repost @marcella_abranches_ with @make_repost

Contemplando as maravilhas de Deus, o criador de todas as coisas. ",https://scontent-ord5-3.cdninstagram.com/v/t51.29350-15/241313848_677373506570214_8400684745128584700_n.jpg?stp=dst-jpg_e35_tt6&efg=eyJ2ZW5jb2RlX3RhZyI6IkZFRUQuaW1hZ2VfdXJsZ2VuLjE0NDB4MTc5NS5zZHIuZjI5MzUwLmRlZmF1bHRfaW1hZ2UuYzIifQ&_nc_ht=scontent-ord5-3.cdninstagram.com&_nc_cat=106&_nc_oc=Q6cZ2QG-nUapVyZFEzhZwDC7uL-XtBOhIVzeHYKJ2aKxJDNfMToBZdCjI-4z9bA644g4LfM&_nc_ohc=cSFhYRJGjrwQ7kNvwHsOFEy&_nc_gid=_QHYbDCXPS3SNRrflgj85g&edm=APoiHPcBAAAA&ccb=7-5&ig_cache_key=MjY1NTI5MjAyOTc2NjgzNjQwNQ%3D%3D.3-ccb7-5&oh=00_AfpViUGbmWIzV7NOQfL9vqGtpF6aIpa2SLkzH2s8MjYaQg&oe=6978B43D&_nc_sid=22de04,None,9/4/2021 7:38,https://www.instagram.com/p/CTZfghhLaC1,CTZfghhLaC1
,,,,,
"#Repost @natanaelomr with @make_repost

Posso ter defeitos, viver ansioso e ficar irritado algumas vezes, mas no esqueo que minha vida  a maior empresa do mundo. E que posso evitar que ela v  falncia.
Ser feliz  reconhecer que vale a pena viver, apesar de todos os desafios, incompreenses e perodos de crise.
Ser feliz  deixar de ser vtima dos problemas e se tornar autor da prpria histria.
 atravessar desertos fora de si, mas ser capaz de encontrar um osis no recndito da sua alma.
 agradecer a Deus a cada manh pelo milagre da vida.
Ser feliz  no ter medo dos prprios sentimentos.  saber falar de si mesmo.  ter coragem para ouvir um no.  ter segurana para receber uma crtica, mesmo que injusta.

Augusto Cury



 @paulinhacaria 


#natureza #naturezaperfeita #naturezalinda #naturezaviva #naturezabela #naturezaurbana #naturezamorta #naturezadivina #naturezaselvagem #naturezapura #naturezaevida #naturezabrasil #naturezabrasileira #naturezalovers #naturezamaravilhosa #naturezaemcasa #naturezahumana #naturezafeminina #naturezaplena #naturezaemfoco #naturezaanimal #naturezabelaesimples #naturezarural #Naturezaqueinspira #naturezaquedes #naturezabelissima",https://scontent-ord5-1.cdninstagram.com/v/t51.29350-15/240635542_965064794350069_8696456944186232232_n.jpg?stp=dst-jpg_e35_tt6&efg=eyJ2ZW5jb2RlX3RhZyI6IkZFRUQuaW1hZ2VfdXJsZ2VuLjE0NDB4MTgwMC5zZHIuZjI5MzUwLmRlZmF1bHRfaW1hZ2UuYzIifQ&_nc_ht=scontent-ord5-1.cdninstagram.com&_nc_cat=101&_nc_oc=Q6cZ2QG-nUapVyZFEzhZwDC7uL-XtBOhIVzeHYKJ2aKxJDNfMToBZdCjI-4z9bA644g4LfM&_nc_ohc=6sPaYykBizsQ7kNvwFjN7ym&_nc_gid=_QHYbDCXPS3SNRrflgj85g&edm=APoiHPcBAAAA&ccb=7-5&ig_cache_key=MjY0OTkwNTcyMTkxODAyNjE4Nw%3D%3D.3-ccb7-5&oh=00_Afq_4WudFMaa3liOaydBRKYYduOEio0zWIkv8XqKkxwdpg&oe=6978BDA6&_nc_sid=22de04,None,8/27/2021 21:16,https://www.instagram.com/p/CTGWzbbMvHL,CTGWzbbMvHL
,,,,,
"#Repost @marcia_begins with @make_repost

Minha melhor escolha!
.
.
.
#sitio #escalada #montanha #amormaior #vrb #saogeraldo #viosa #Guiricema #Uba #mg #zonadamatamineira #natureza #entardecer #fimdetarde #meumundoazul #meucompanheiro #acampamento #camping #dialindo #nature #vida #estilodevida #picodobon #montanha #natureza #arapongamg #amigos #estilodevida #escalada #acampar #casalperfeito",https://scontent-ord5-1.cdninstagram.com/v/t51.29350-15/240431920_368152241696900_547005264485400025_n.jpg?stp=dst-jpg_e35_tt6&efg=eyJ2ZW5jb2RlX3RhZyI6IkZFRUQuaW1hZ2VfdXJsZ2VuLjE0NDB4OTYwLnNkci5mMjkzNTAuZGVmYXVsdF9pbWFnZS5jMiJ9&_nc_ht=scontent-ord5-1.cdninstagram.com&_nc_cat=108&_nc_oc=Q6cZ2QG-nUapVyZFEzhZwDC7uL-XtBOhIVzeHYKJ2aKxJDNfMToBZdCjI-4z9bA644g4LfM&_nc_ohc=W45jLfVTXGMQ7kNvwHpB2Hh&_nc_gid=_QHYbDCXPS3SNRrflgj85g&edm=APoiHPcBAAAA&ccb=7-5&ig_cache_key=MjY0ODg4MjA2ODc5OTM1Mzc3NA%3D%3D.3-ccb7-5&oh=00_AfqcprPQZvLCsKHPchiG5vWYtYPcZKYtddcs0LCKX_WKaw&oe=6978A618&_nc_sid=22de04,None,8/26/2021 11:22,https://www.instagram.com/p/CTCuDUKr_Ou,CTCuDUKr_Ou
,,,,,
Como esto as metas por a?,https://scontent-ord5-2.cdninstagram.com/v/t51.29350-15/240491699_184931920404772_3797355343262462658_n.jpg?stp=dst-jpg_e35_tt6&efg=eyJ2ZW5jb2RlX3RhZyI6IkZFRUQuaW1hZ2VfdXJsZ2VuLjEwOTd4MTA5Ny5zZHIuZjI5MzUwLmRlZmF1bHRfaW1hZ2UuYzIifQ&_nc_ht=scontent-ord5-2.cdninstagram.com&_nc_cat=104&_nc_oc=Q6cZ2QG-nUapVyZFEzhZwDC7uL-XtBOhIVzeHYKJ2aKxJDNfMToBZdCjI-4z9bA644g4LfM&_nc_ohc=CssdgMDtZGQQ7kNvwGeq56P&_nc_gid=_QHYbDCXPS3SNRrflgj85g&edm=APoiHPcBAAAA&ccb=7-5&ig_cache_key=MjY0Njg2OTU4NzI2NDUwNjU1OA%3D%3D.3-ccb7-5&oh=00_AfofZ2K6AIrGoNcX46aYhIeug0L9MRuWlYTEIKrwHlIp8Q&oe=6978A9CD&_nc_sid=22de04,None,8/23/2021 16:44,https://www.instagram.com/p/CS7kd2rr4q-,CS7kd2rr4q-
,,,,,
"#Repost @carol.aq with @make_repost

De 1 pra 7! haha
Zoe revendo sua famlia ",https://scontent-ord5-2.cdninstagram.com/v/t51.29350-15/240406029_1060001614736775_1527216111477803524_n.jpg?stp=dst-jpg_e35_tt6&efg=eyJ2ZW5jb2RlX3RhZyI6IkZFRUQuaW1hZ2VfdXJsZ2VuLjE0NDB4MTQ0MC5zZHIuZjI5MzUwLmRlZmF1bHRfaW1hZ2UuYzIifQ&_nc_ht=scontent-ord5-2.cdninstagram.com&_nc_cat=103&_nc_oc=Q6cZ2QG-nUapVyZFEzhZwDC7uL-XtBOhIVzeHYKJ2aKxJDNfMToBZdCjI-4z9bA644g4LfM&_nc_ohc=BMofIdCioCYQ7kNvwFT-vZS&_nc_gid=_QHYbDCXPS3SNRrflgj85g&edm=APoiHPcBAAAA&ccb=7-5&ig_cache_key=MjY0NjYwMTYzMzk3NzE1NDI4MQ%3D%3D.3-ccb7-5&oh=00_Afr3JE2YhdegRWx9b_vwqRL8aypJS3TvWkre-_nyjIa0pQ&oe=6978BD10&_nc_sid=22de04,None,8/23/2021 7:52,https://www.instagram.com/p/CS6ninvLTrp,CS6ninvLTrp
,,,,,
"#Repost @kayo_salgado with @make_repost

Mantenha-se sempre  feliz com as pessoas que te fazem  feliz em viagens que marcam a sua histria, obrigado meus amigos",https://scontent-ord5-2.cdninstagram.com/v/t51.29350-15/240176484_579351426765903_5047246206298447607_n.jpg?stp=dst-jpg_e35_tt6&efg=eyJ2ZW5jb2RlX3RhZyI6IkZFRUQuaW1hZ2VfdXJsZ2VuLjE0NDB4MTY1NS5zZHIuZjI5MzUwLmRlZmF1bHRfaW1hZ2UuYzIifQ&_nc_ht=scontent-ord5-2.cdninstagram.com&_nc_cat=103&_nc_oc=Q6cZ2QG-nUapVyZFEzhZwDC7uL-XtBOhIVzeHYKJ2aKxJDNfMToBZdCjI-4z9bA644g4LfM&_nc_ohc=nQJ4q6E72J8Q7kNvwEYm6BQ&_nc_gid=_QHYbDCXPS3SNRrflgj85g&edm=APoiHPcBAAAA&ccb=7-5&ig_cache_key=MjY0NjE4NDg4Nzc5NzYxNTAxNg%3D%3D.3-ccb7-5&oh=00_AfoNdzpdjXTn-2XxPaPdCsmufAtJbQOOQJCEuGy0FqwMnw&oe=6978A3BE&_nc_sid=22de04,None,8/22/2021 18:04,https://www.instagram.com/p/CS5IyKnLwmo,CS5IyKnLwmo
,,,,,
Quando um amigo fica de fora no rol do Pico do Bon ,https://scontent-ord5-3.cdninstagram.com/v/t51.29350-15/239548524_251471033494077_1504556133968454202_n.jpg?stp=dst-jpg_e35_tt6&efg=eyJ2ZW5jb2RlX3RhZyI6IkZFRUQuaW1hZ2VfdXJsZ2VuLjExNTR4MTE1NC5zZHIuZjI5MzUwLmRlZmF1bHRfaW1hZ2UuYzIifQ&_nc_ht=scontent-ord5-3.cdninstagram.com&_nc_cat=109&_nc_oc=Q6cZ2QG-nUapVyZFEzhZwDC7uL-XtBOhIVzeHYKJ2aKxJDNfMToBZdCjI-4z9bA644g4LfM&_nc_ohc=Dpm3GdBjBQ0Q7kNvwG7cd-5&_nc_gid=_QHYbDCXPS3SNRrflgj85g&edm=APoiHPcBAAAA&ccb=7-5&ig_cache_key=MjY0NTQ4NjU5NzQwMTkzOTcwMg%3D%3D.3-ccb7-5&oh=00_AfqTxARmWs9b7llFtXQYBaNkwLRhZlQbxpKQYUF_xpnJlg&oe=6978AE0D&_nc_sid=22de04,None,8/21/2021 18:56,https://www.instagram.com/p/CS2qAtAMw72,CS2qAtAMw72
,,,,,
#Repost @joao_pcostaa with @make_repost,https://scontent-ord5-3.cdninstagram.com/v/t51.29350-15/239650700_535562574537331_245356630973283802_n.jpg?stp=dst-jpg_e35_tt6&efg=eyJ2ZW5jb2RlX3RhZyI6IkZFRUQuaW1hZ2VfdXJsZ2VuLjE0NDB4MTc5NS5zZHIuZjI5MzUwLmRlZmF1bHRfaW1hZ2UuYzIifQ&_nc_ht=scontent-ord5-3.cdninstagram.com&_nc_cat=107&_nc_oc=Q6cZ2QG-nUapVyZFEzhZwDC7uL-XtBOhIVzeHYKJ2aKxJDNfMToBZdCjI-4z9bA644g4LfM&_nc_ohc=BrfJp4njcSEQ7kNvwEtVwNV&_nc_gid=_QHYbDCXPS3SNRrflgj85g&edm=APoiHPcBAAAA&ccb=7-5&ig_cache_key=MjY0NTMwNDQzMTUxNDI4NDQyMg%3D%3D.3-ccb7-5&oh=00_AfoUaXjuylc87GaEnK_Y16r_zFc9mJFUVEow4wnK1-nz-w&oe=6978B5E8&_nc_sid=22de04,None,8/21/2021 12:54,https://www.instagram.com/p/CS2Al1zLPGG,CS2Al1zLPGG
,,,,,
Concordam? ,https://scontent-ord5-3.cdninstagram.com/v/t51.29350-15/239806895_211795200919702_9223314688049220748_n.jpg?stp=dst-jpg_e35_tt6&efg=eyJ2ZW5jb2RlX3RhZyI6IkZFRUQuaW1hZ2VfdXJsZ2VuLjEyMzl4MTIzOS5zZHIuZjI5MzUwLmRlZmF1bHRfaW1hZ2UuYzIifQ&_nc_ht=scontent-ord5-3.cdninstagram.com&_nc_cat=110&_nc_oc=Q6cZ2QFRKyL6_PB-X-xc9fh64SGT7Ty2-xST1YboyZf_rsonKMJv-xE7ewoTkp5krjI-jIM&_nc_ohc=4jhqMmXz744Q7kNvwHW9cJK&_nc_gid=iqYmGKFpzI2nOnq5Rvm-LA&edm=APoiHPcBAAAA&ccb=7-5&ig_cache_key=MjY0NTE2NTkzMTY1MzU5MTI0Mg%3D%3D.3-ccb7-5&oh=00_Afoink2wuXsoKKzidaoCDqDwuLtdjPUKARcsUEyJVzuqmg&oe=6978A2C1&_nc_sid=22de04,None,8/21/2021 8:19,https://www.instagram.com/p/CS1hGZwLXDK,CS1hGZwLXDK
,,,,,
"#Repost @thaisesimao with @make_repost

Foco na cachoeira ",https://scontent-ord5-3.cdninstagram.com/v/t51.29350-15/239990649_2639933426313030_2396806467872558496_n.jpg?stp=dst-jpg_e35_tt6&efg=eyJ2ZW5jb2RlX3RhZyI6IkZFRUQuaW1hZ2VfdXJsZ2VuLjE0NDB4MTQ0MC5zZHIuZjI5MzUwLmRlZmF1bHRfaW1hZ2UuYzIifQ&_nc_ht=scontent-ord5-3.cdninstagram.com&_nc_cat=106&_nc_oc=Q6cZ2QFRKyL6_PB-X-xc9fh64SGT7Ty2-xST1YboyZf_rsonKMJv-xE7ewoTkp5krjI-jIM&_nc_ohc=spEP3w5LQmQQ7kNvwF3dXd7&_nc_gid=iqYmGKFpzI2nOnq5Rvm-LA&edm=APoiHPcBAAAA&ccb=7-5&ig_cache_key=MjY0NTA5NzQ1NTQyOTY2NTc1NA%3D%3D.3-ccb7-5&oh=00_AfoSNmxcED-G5xL7v9-tyJQLhWTb7-xx7BssWWPlniWwTA&oe=6978AFD6&_nc_sid=22de04,None,8/21/2021 6:03,https://www.instagram.com/p/CS1Rh8TLMPa,CS1Rh8TLMPa
,,,,,
Quem  voc? Primeira ou segunda opo?,https://scontent-ord5-2.cdninstagram.com/v/t51.29350-15/239987269_878222023095134_6638278273123079931_n.jpg?stp=dst-jpg_e35_tt6&efg=eyJ2ZW5jb2RlX3RhZyI6IkZFRUQuaW1hZ2VfdXJsZ2VuLjExODZ4MTE4Ni5zZHIuZjI5MzUwLmRlZmF1bHRfaW1hZ2UuYzIifQ&_nc_ht=scontent-ord5-2.cdninstagram.com&_nc_cat=102&_nc_oc=Q6cZ2QFRKyL6_PB-X-xc9fh64SGT7Ty2-xST1YboyZf_rsonKMJv-xE7ewoTkp5krjI-jIM&_nc_ohc=4gpBL-GbLroQ7kNvwEDl4XK&_nc_gid=iqYmGKFpzI2nOnq5Rvm-LA&edm=APoiHPcBAAAA&ccb=7-5&ig_cache_key=MjY0NDUzODE0MzMxMzY0NzEyOQ%3D%3D.3-ccb7-5&oh=00_AfoUaIjIDEFRYYtZLBLTa9b0bgimtsPJBgE_fD-_I7xNZA&oe=6978A197&_nc_sid=22de04,None,8/20/2021 11:32,https://www.instagram.com/p/CSzSW4TLlYZ,CSzSW4TLlYZ
,,,,,
"#Repost @samu_henriq with @make_repost

Um cafezinho compartilhado no pico do bon pelo talentosssimo @josericardovitoria 

 Um cafezinho",https://scontent-ord5-1.cdninstagram.com/v/t51.71878-15/497329817_995011006133062_8795223685705334135_n.jpg?stp=dst-jpg_e15_tt6&_nc_cat=111&ig_cache_key=MjY0NDQ1NTEwNTM3OTEwNTM3Mw%3D%3D.3-ccb7-5&ccb=7-5&_nc_sid=58cdad&efg=eyJ2ZW5jb2RlX3RhZyI6InhwaWRzLjY0MHgxMTM4LnNkci5DMyJ9&_nc_ohc=7fujgLhgqlMQ7kNvwElLldJ&_nc_oc=AdlY6pf47cGeOTCDehyNRQ0jbArCFX2xXXZdqJKbbtDCMvh3sIluL6_0frZ5dZRbcaY&_nc_ad=z-m&_nc_cid=0&_nc_zt=23&_nc_ht=scontent-ord5-1.cdninstagram.com&_nc_gid=iqYmGKFpzI2nOnq5Rvm-LA&oh=00_AfrFxxKl36blRBO8E-nzVZz8Niu_VO53_xbW2oj7Ys_lQw&oe=69789D95,https://scontent-ord5-3.cdninstagram.com/o1/v/t2/f2/m86/AQPwlCaIBRWabwilVr5UIRn3d7QB2MVQZzDY_swkqt-zUSZfmlQ3ymhPVLEDm1R2Qy2mD0fcBr0Wd861-C-eCRPP3cqvPmaFHf4K2I8.mp4?_nc_cat=107&_nc_sid=5e9851&_nc_ht=scontent-ord5-3.cdninstagram.com&_nc_ohc=RtBxAH0z0-0Q7kNvwEzaTUt&efg=eyJ2ZW5jb2RlX3RhZyI6Inhwdl9wcm9ncmVzc2l2ZS5JTlNUQUdSQU0uQ0xJUFMuQzMuNjQwLmRhc2hfYmFzZWxpbmVfMV92MSIsInhwdl9hc3NldF9pZCI6MTM0NzE5NzQ1NDk1NTMwLCJhc3NldF9hZ2VfZGF5cyI6MTYxNiwidmlfdXNlY2FzZV9pZCI6MTAwOTksImR1cmF0aW9uX3MiOjE1LCJ1cmxnZW5fc291cmNlIjoid3d3In0%3D&ccb=17-1&vs=5b02e3781b77442f&_nc_vs=HBksFQIYUmlnX3hwdl9yZWVsc19wZXJtYW5lbnRfc3JfcHJvZC82RjRGOTJDNUFGNzg1REEwNDZEMTBGNEJFQThBRDZBMl92aWRlb19kYXNoaW5pdC5tcDQVAALIARIAFQIYOnBhc3N0aHJvdWdoX2V2ZXJzdG9yZS9HSElSTnc3OGRhRExzRUVCQUZ1b2pwcDU1WThqYnFfRUFBQUYVAgLIARIAKAAYABsCiAd1c2Vfb2lsATEScHJvZ3Jlc3NpdmVfcmVjaXBlATEVAAAm1MeYqdyhPRUCKAJDMywXQC67ZFocrAgYEmRhc2hfYmFzZWxpbmVfMV92MREAdf4HZeadAQA&_nc_gid=iqYmGKFpzI2nOnq5Rvm-LA&_nc_zt=28&oh=00_AfrMEIizeb1omAQK4NecL5a8rTQs3tbaifa43uxPhy-Mxg&oe=6974CC68,8/20/2021 8:47,https://www.instagram.com/p/CSy_ehMlvpd,CSy_ehMlvpd
,,,,,
"#Repost @francecoelho_s2 with @make_repost

Que lugar, que vista, que companhia .
Pico do Bon 
#trilhasdobrasil #viagem #passeio #picodobone",https://scontent-ord5-2.cdninstagram.com/v/t51.29350-15/239246945_1198809967305737_2840033465309184998_n.jpg?stp=dst-jpg_e35_tt6&efg=eyJ2ZW5jb2RlX3RhZyI6IkZFRUQuaW1hZ2VfdXJsZ2VuLjE0NDB4MTQ0MC5zZHIuZjI5MzUwLmRlZmF1bHRfaW1hZ2UuYzIifQ&_nc_ht=scontent-ord5-2.cdninstagram.com&_nc_cat=105&_nc_oc=Q6cZ2QFRKyL6_PB-X-xc9fh64SGT7Ty2-xST1YboyZf_rsonKMJv-xE7ewoTkp5krjI-jIM&_nc_ohc=Vh_FdyXkTOQQ7kNvwEj4Kk1&_nc_gid=iqYmGKFpzI2nOnq5Rvm-LA&edm=APoiHPcBAAAA&ccb=7-5&ig_cache_key=MjY0NDQzMzI1MjYxMjI0NjQ4NA%3D%3D.3-ccb7-5&oh=00_AfoKJzpsTATqCqSi5MO3rGfLnBkN_jXlt3IIBC8aaNcOhw&oe=6978A633&_nc_sid=22de04,None,8/20/2021 8:03,https://www.instagram.com/p/CSy6ghOLwvU,CSy6ghOLwvU
,,,,,
"Amigo bom  aquele que tira foto da gente.

Marca seu amigo que precisa de um curso de fotografia ",https://scontent-ord5-1.cdninstagram.com/v/t51.29350-15/239155393_873089266636460_3687939063062870271_n.jpg?stp=dst-jpg_e35_tt6&efg=eyJ2ZW5jb2RlX3RhZyI6IkZFRUQuaW1hZ2VfdXJsZ2VuLjEzMTN4MTM4OC5zZHIuZjI5MzUwLmRlZmF1bHRfaW1hZ2UuYzIifQ&_nc_ht=scontent-ord5-1.cdninstagram.com&_nc_cat=108&_nc_oc=Q6cZ2QFRKyL6_PB-X-xc9fh64SGT7Ty2-xST1YboyZf_rsonKMJv-xE7ewoTkp5krjI-jIM&_nc_ohc=TtuBX6rM4H8Q7kNvwFGQJIj&_nc_gid=iqYmGKFpzI2nOnq5Rvm-LA&edm=APoiHPcBAAAA&ccb=7-5&ig_cache_key=MjY0NDA5ODAyMDY1MDYyNTY5NQ%3D%3D.3-ccb7-5&oh=00_AfqUx3BsTcToPUMHIovKPr_-NrqEPqCHfSeACKCq2xGpqw&oe=6978C24D&_nc_sid=22de04,None,8/19/2021 20:57,https://www.instagram.com/p/CSxuSQIMaqf,CSxuSQIMaqf
,,,,,
"#Repost @luannatormen with @make_repost

TBT de domingo

#diaespecial #tbt #treking #picodobone #ceulindo #gratidao #flyers #grupodecorrida #goodvibes #araponga",https://scontent-ord5-3.cdninstagram.com/v/t51.29350-15/239170469_1895358983967276_6787125442387013880_n.jpg?stp=dst-jpg_e35_tt6&efg=eyJ2ZW5jb2RlX3RhZyI6IkZFRUQuaW1hZ2VfdXJsZ2VuLjE0NDB4MTgwMC5zZHIuZjI5MzUwLmRlZmF1bHRfaW1hZ2UuYzIifQ&_nc_ht=scontent-ord5-3.cdninstagram.com&_nc_cat=100&_nc_oc=Q6cZ2QFRKyL6_PB-X-xc9fh64SGT7Ty2-xST1YboyZf_rsonKMJv-xE7ewoTkp5krjI-jIM&_nc_ohc=tnvFE_h6KYYQ7kNvwGQipvq&_nc_gid=iqYmGKFpzI2nOnq5Rvm-LA&edm=APoiHPcBAAAA&ccb=7-5&ig_cache_key=MjY0MzgzMTg5NTgwMjk2MjY4MA%3D%3D.3-ccb7-5&oh=00_Afp3ZLHQfOJ4QVZx7rRvOG3LqcZuHhu8lq-OcNpoo0wy-w&oe=6978AF39&_nc_sid=22de04,None,8/19/2021 12:09,https://www.instagram.com/p/CSwxxoDLuL4,CSwxxoDLuL4
,,,,,
"#Repost @cristhinatoshie with @make_repost

",https://scontent-ord5-1.cdninstagram.com/v/t51.29350-15/239239482_894459644821021_4095141621354492140_n.jpg?stp=dst-jpg_e35_tt6&efg=eyJ2ZW5jb2RlX3RhZyI6IkZFRUQuaW1hZ2VfdXJsZ2VuLjE0NDB4MTQ0MC5zZHIuZjI5MzUwLmRlZmF1bHRfaW1hZ2UuYzIifQ&_nc_ht=scontent-ord5-1.cdninstagram.com&_nc_cat=101&_nc_oc=Q6cZ2QFRKyL6_PB-X-xc9fh64SGT7Ty2-xST1YboyZf_rsonKMJv-xE7ewoTkp5krjI-jIM&_nc_ohc=rZlWPROILagQ7kNvwFV4O1V&_nc_gid=iqYmGKFpzI2nOnq5Rvm-LA&edm=APoiHPcBAAAA&ccb=7-5&ig_cache_key=MjY0MzA3MDEwMzEzMjcwODc1NA%3D%3D.3-ccb7-5&oh=00_AfoKNDQ9U6dDpwILCL6t0SUAIVAIvR7vt39K9MW2S5Hegw&oe=6978A208&_nc_sid=22de04,None,8/18/2021 10:55,https://www.instagram.com/p/CSuEkFVrh-S,CSuEkFVrh-S
,,,,,
"#Repost @marcia_begins with @make_repost

Amigos especiais!
.
.
.
#sitio #escalada #montanha #amormaior #vrb #saogeraldo #viosa #Guiricema #Uba #mg #zonadamatamineira #natureza #entardecer #fimdetarde #meumundoazul #meucompanheiro #acampamento #camping #dialindo #nature #vida #estilodevida #picodobon #montanha #natureza #arapongamg #amigos #estilodevida #escalada #acampar #casalperfeito",https://scontent-ord5-3.cdninstagram.com/v/t51.29350-15/239434268_871847760145879_4989969072770958315_n.jpg?stp=dst-jpg_e35_tt6&efg=eyJ2ZW5jb2RlX3RhZyI6IkZFRUQuaW1hZ2VfdXJsZ2VuLjE0NDB4OTYyLnNkci5mMjkzNTAuZGVmYXVsdF9pbWFnZS5jMiJ9&_nc_ht=scontent-ord5-3.cdninstagram.com&_nc_cat=107&_nc_oc=Q6cZ2QFRKyL6_PB-X-xc9fh64SGT7Ty2-xST1YboyZf_rsonKMJv-xE7ewoTkp5krjI-jIM&_nc_ohc=1SDULK_dLkYQ7kNvwHvksbp&_nc_gid=iqYmGKFpzI2nOnq5Rvm-LA&edm=APoiHPcBAAAA&ccb=7-5&ig_cache_key=MjY0Mjk1ODI3MjE4MzY0NjgzOQ%3D%3D.3-ccb7-5&oh=00_AfqCuYBuS6n5dte90V6w-aCOGgatnIK8Dc5DA7CUqXn3Ig&oe=69789788&_nc_sid=22de04,None,8/18/2021 7:13,https://www.instagram.com/p/CStrIupr7p3,CStrIupr7p3
,,,,,
"#Repost @caca_joaquina with @make_repost

 calmaria",https://scontent-ord5-2.cdninstagram.com/v/t51.71878-15/503532902_1148462127093015_311972491187308535_n.jpg?stp=dst-jpg_e15_tt6&_nc_cat=102&ig_cache_key=MjY0MjQxMTQ0NDg2NDY0NTQ5Nw%3D%3D.3-ccb7-5&ccb=7-5&_nc_sid=58cdad&efg=eyJ2ZW5jb2RlX3RhZyI6InhwaWRzLjY0MHgxMTM4LnNkci5DMyJ9&_nc_ohc=SnHpsY2LRTwQ7kNvwE5niPb&_nc_oc=AdnouQrYTnf5FdBDJW3IoJD4wMbRnGx7CpTgA5BgrZLjN0osaEAiNXCC-Y2lGxFmYXY&_nc_ad=z-m&_nc_cid=0&_nc_zt=23&_nc_ht=scontent-ord5-2.cdninstagram.com&_nc_gid=iqYmGKFpzI2nOnq5Rvm-LA&oh=00_AfrhslewM8BALVfUY9X2mGpEGHqBeqdXl47E9Y9IVYxDVg&oe=69789274,https://scontent-ord5-1.cdninstagram.com/o1/v/t2/f2/m86/AQOXxbZObQV5pLXjyt1X0RiTq1t8idZq3c198YE1p5TjodMHIW9dGcdio_44zTW5AQ8RlybxgPWibGTCrPfCpKWoeW1Y8n9E9SMV0Z0.mp4?_nc_cat=101&_nc_sid=5e9851&_nc_ht=scontent-ord5-1.cdninstagram.com&_nc_ohc=T-B9fDd2sp4Q7kNvwGjOaiH&efg=eyJ2ZW5jb2RlX3RhZyI6Inhwdl9wcm9ncmVzc2l2ZS5JTlNUQUdSQU0uQ0xJUFMuQzMuNjQwLmRhc2hfYmFzZWxpbmVfMV92MSIsInhwdl9hc3NldF9pZCI6OTY5MTEzNzU1MDI3ODU0LCJhc3NldF9hZ2VfZGF5cyI6MTYxOSwidmlfdXNlY2FzZV9pZCI6MTAxMDEsImR1cmF0aW9uX3MiOjE0LCJ1cmxnZW5fc291cmNlIjoid3d3In0%3D&ccb=17-1&vs=207a1e178baeb5cc&_nc_vs=HBksFQIYUmlnX3hwdl9yZWVsc19wZXJtYW5lbnRfc3JfcHJvZC9DQTRBMzdGRDU2Q0UyRUZCMERGMUEzQzhBNTEzMDI5NV92aWRlb19kYXNoaW5pdC5tcDQVAALIARIAFQIYOnBhc3N0aHJvdWdoX2V2ZXJzdG9yZS9HQkU3ZUJ0b1FmY2Y2SE1FQUxyRnpRRDJIMVUxYnBrd0FBQUYVAgLIARIAKAAYABsCiAd1c2Vfb2lsATEScHJvZ3Jlc3NpdmVfcmVjaXBlATEVAAAmnKbskezZuAMVAigCQzMsF0AtzMzMzMzNGBJkYXNoX2Jhc2VsaW5lXzFfdjERAHX-B2XqnQEA&_nc_gid=iqYmGKFpzI2nOnq5Rvm-LA&_nc_zt=28&oh=00_AfrkhuWGiz5mYO2YlxuIEbJB3OlkiAESn5eD_rim654w8Q&oe=6974A13E,8/17/2021 13:07,https://www.instagram.com/p/CSruzWBlXl5,CSruzWBlXl5
,,,,,
"#Repost @cristhinatoshie with @make_repost

Abrindo o feed da semana com essa mulher especial @luannatormen 
Sorriso que alimenta a alma, que tenho o privilgio de ter por perto 
Uma amizade que eu recebo, entrego e agradeo ",https://scontent-ord5-3.cdninstagram.com/v/t51.29350-15/238769996_564427701378418_4171218815359293518_n.jpg?stp=dst-jpg_e35_tt6&efg=eyJ2ZW5jb2RlX3RhZyI6IkZFRUQuaW1hZ2VfdXJsZ2VuLjE0NDB4MTQ0MC5zZHIuZjI5MzUwLmRlZmF1bHRfaW1hZ2UuYzIifQ&_nc_ht=scontent-ord5-3.cdninstagram.com&_nc_cat=110&_nc_oc=Q6cZ2QGDxL6SDhIuLSBXmYZC1p96DJutKJeae0UIVUBYIlGd0PNC629jrw4gAA-15SQQGzQ&_nc_ohc=G-cZ3M35gg0Q7kNvwFFhMnC&_nc_gid=AtiuWGNRzI_Qz4a1vxgMdA&edm=APoiHPcBAAAA&ccb=7-5&ig_cache_key=MjY0MjIzMzM0MTg3NTU2MTk1Nw%3D%3D.3-ccb7-5&oh=00_Afot6S8WFB_pmyAt4ll4GMy6ph6FKXKrST36KpM_gYsqxw&oe=6978A5CC&_nc_sid=22de04,None,8/17/2021 7:13,https://www.instagram.com/p/CSrGTmsL6Xl,CSrGTmsL6Xl
,,,,,
"#Repost jvrs16 with @make_repost

3h de subida, com bastante parada, risada, gua, medo de escorregar, cansao, suor... Mas que valeu muito a pena, tanto pela vista (o cu abriu quando chegamos la em cima!!!!), quanto pela companhia! O melhor pior programa hahaha. Obrigado migossss #PicoDoBone #SerraDoBrigadeiro #Trilha",https://scontent-ord5-3.cdninstagram.com/v/t51.71878-15/491461375_1058807786140836_790379476848334346_n.jpg?stp=dst-jpg_e15_tt6&_nc_cat=109&ig_cache_key=MjY0MTUwMDU3MTg4MzA5MzYwNg%3D%3D.3-ccb7-5&ccb=7-5&_nc_sid=58cdad&efg=eyJ2ZW5jb2RlX3RhZyI6InhwaWRzLjcyMHgxMjgwLnNkci5DMyJ9&_nc_ohc=jyuWn3iJvS0Q7kNvwG9pCia&_nc_oc=AdkFASKO5rm4SPDlE2Q_ofRmBy6OmW5mjwyKw4CVSFjM1t-fN3CpCobMGpZ-CDX_9kg&_nc_ad=z-m&_nc_cid=0&_nc_zt=23&_nc_ht=scontent-ord5-3.cdninstagram.com&_nc_gid=AtiuWGNRzI_Qz4a1vxgMdA&oh=00_AfosDN2PXSIlPjQbrLWNy2eKrobTc35hBOn5xv9Is8s-aA&oe=6978A605,https://scontent-ord5-3.cdninstagram.com/o1/v/t2/f2/m86/AQPbnz3aMP2RNaUvQ8aDfzjQk9eW98gdpb1MjsHw-RHucFH6QyGBX-1Avhc_QQFRscRrPp-3tn8NRzxPD4HKUp6lHLj8rKtWL-XOrbY.mp4?_nc_cat=100&_nc_sid=5e9851&_nc_ht=scontent-ord5-3.cdninstagram.com&_nc_ohc=yz6aZKh4tmUQ7kNvwGQFtWE&efg=eyJ2ZW5jb2RlX3RhZyI6Inhwdl9wcm9ncmVzc2l2ZS5JTlNUQUdSQU0uQ0xJUFMuQzMuNzIwLmRhc2hfYmFzZWxpbmVfMV92MSIsInhwdl9hc3NldF9pZCI6OTAxNDI0MDI4NTQ1ODgwLCJhc3NldF9hZ2VfZGF5cyI6MTYyMCwidmlfdXNlY2FzZV9pZCI6MTAxMDEsImR1cmF0aW9uX3MiOjMwLCJ1cmxnZW5fc291cmNlIjoid3d3In0%3D&ccb=17-1&_nc_gid=AtiuWGNRzI_Qz4a1vxgMdA&_nc_zt=28&vs=5a143a7c8ca93cd4&_nc_vs=HBksFQIYUmlnX3hwdl9yZWVsc19wZXJtYW5lbnRfc3JfcHJvZC80MjRCNjMyNDg1MzRERUQ1NzkwNjc3NTI3MDg2RjY5MV92aWRlb19kYXNoaW5pdC5tcDQVAALIARIAFQIYOnBhc3N0aHJvdWdoX2V2ZXJzdG9yZS9HRlBTY2hzRVZKaFQ0XzROQUdyV1lsRzRhUTk5YnBrd0FBQUYVAgLIARIAKAAYABsCiAd1c2Vfb2lsATEScHJvZ3Jlc3NpdmVfcmVjaXBlATEVAAAmsM2bsOT1mQMVAigCQzMsF0A-AAAAAAAAGBJkYXNoX2Jhc2VsaW5lXzFfdjERAHX-B2XqnQEA&oh=00_AfqUe2rmj_sCLYsnEbPF9CqGFyfvJPT-3idwKM5XDaNyFA&oe=6974C929,8/16/2021 6:57,https://www.instagram.com/p/CSofsZdFT5m,CSofsZdFT5m
,,,,,
"#Repost @romulo_vitor13 with @make_repost

Pedra do Pato

A Pedra do Pato, conhecida como Pedra do Campestre,  um dos pontos mais altos do Parque, com aproximadamente 1.908 metros de altitude. Seu nome se deve a uma formao rochosa de colorao esbranquiada que lembra a figura de um pato. Essa formao pode ser avistada da Portaria da Pedra do Pato e da regio de Fervedouro. Sua vista panormica  deslumbrante. Pode-se avistar a portaria de acesso ao Parque, os picos do Bon e do Soares, o Distrito de Bom Jesus do Madeira e a regio do entorno.

#trilhandosemrumo #viagemsecretabrasil #destinosimperdiveis #viagemsecretabrasil #sobemontanha #viagemsecreta #cachoeira #destaques #destaquedephotos #repostviagens #gosteifotografei #brasildestaque #trilheirosdobrasil #trilhandonotopo #sobtrilhas #cachoeiramg #turistandominas #energizando_nas_trilhas #maenatureza #minasgeraisbrasil #natureshots #naturegeography #oslugaresmaisincriveisdobrasil #sobemontanhas  #goodvibes #pedradopato #serradobrigadeiro #minasgerais",https://scontent-ord5-3.cdninstagram.com/v/t51.29350-15/237272259_4529960280401412_4510325155083790967_n.jpg?stp=dst-jpg_e35_tt6&efg=eyJ2ZW5jb2RlX3RhZyI6IkZFRUQuaW1hZ2VfdXJsZ2VuLjE0NDB4MTQ0MC5zZHIuZjI5MzUwLmRlZmF1bHRfaW1hZ2UuYzIifQ&_nc_ht=scontent-ord5-3.cdninstagram.com&_nc_cat=100&_nc_oc=Q6cZ2QGDxL6SDhIuLSBXmYZC1p96DJutKJeae0UIVUBYIlGd0PNC629jrw4gAA-15SQQGzQ&_nc_ohc=B13A3ATCLQIQ7kNvwH6HPRi&_nc_gid=AtiuWGNRzI_Qz4a1vxgMdA&edm=APoiHPcBAAAA&ccb=7-5&ig_cache_key=MjY0MTQ3MDE1OTg1MDQ3MzE3Mw%3D%3D.3-ccb7-5&oh=00_AfpaZ0sqLCeBL4r_cZ_NoXBTFBy4GVmtLY0nLuCzua-haw&oe=6978A8E5&_nc_sid=22de04,None,8/16/2021 5:56,https://www.instagram.com/p/CSoYx2CrobV,CSoYx2CrobV
,,,,,
"#Repost @pousadaserradagua with @make_repost

Pousada Serra D GUA Araponga MG Serra do Brigadeiro
Informaes e reservas 
31 98459-9704 zap / 31 99939-7751
www.pousadaserradagua.com 

Localizada a 6 km de Araponga e 4 km do Parque Estadual da Serra do Brigadeiro

Opes de lazer 

Cachoeiras trilhas piscina natural piscina sauna rea de churrasco Visita ao Parque Estadual da Serra do Brigadeiro

Pacotes incluem penso completa:
caf da manh, almoo e caldo 

@serradobrigadeiro @picodobone.oficial @pebrigadeirooficial @pousadaserradagua circuitoserrasdeminas @ufvbroficial #viosa #ub #viscondedoriobrancomg #picodobon #arapongamg",https://scontent-ord5-3.cdninstagram.com/v/t51.29350-15/237071987_395470115250420_2114804550739649601_n.jpg?stp=dst-jpg_e35_tt6&efg=eyJ2ZW5jb2RlX3RhZyI6IkZFRUQuaW1hZ2VfdXJsZ2VuLjE0NDB4MTQ0MC5zZHIuZjI5MzUwLmRlZmF1bHRfaW1hZ2UuYzIifQ&_nc_ht=scontent-ord5-3.cdninstagram.com&_nc_cat=100&_nc_oc=Q6cZ2QGDxL6SDhIuLSBXmYZC1p96DJutKJeae0UIVUBYIlGd0PNC629jrw4gAA-15SQQGzQ&_nc_ohc=Y4onuPn-JrgQ7kNvwHUfeDd&_nc_gid=AtiuWGNRzI_Qz4a1vxgMdA&edm=APoiHPcBAAAA&ccb=7-5&ig_cache_key=MjY0MTEyNzAyMjAyMDA4NTg5OA%3D%3D.3-ccb7-5&oh=00_AfrWf4YNotUGIOEhfFjCsiCJ5n43W9qGc_rqwXR0IkKYwQ&oe=6978C515&_nc_sid=22de04,None,8/15/2021 18:34,https://www.instagram.com/p/CSnKwiCMUiK,CSnKwiCMUiK
,,,,,
"#Repost @fernandapatricia.teixeira with @make_repost

Arriscar  escolher e escolher  renunciar.
A coragem surge da aceitao de que nem sempre podemos ter tudo o tempo todo, nos permitindo renunciar a algo quando escolher tomar a direo do corao.
#tbt #riscos #erros #acertos #coragem #natureza #picodobone #trilhasmg",https://scontent-ord5-3.cdninstagram.com/v/t51.29350-15/237205264_153143373531537_6846222537456652831_n.jpg?stp=dst-jpg_e35_tt6&efg=eyJ2ZW5jb2RlX3RhZyI6IkZFRUQuaW1hZ2VfdXJsZ2VuLjE0NDB4MTA4Ni5zZHIuZjI5MzUwLmRlZmF1bHRfaW1hZ2UuYzIifQ&_nc_ht=scontent-ord5-3.cdninstagram.com&_nc_cat=109&_nc_oc=Q6cZ2QGDxL6SDhIuLSBXmYZC1p96DJutKJeae0UIVUBYIlGd0PNC629jrw4gAA-15SQQGzQ&_nc_ohc=TQ-9_kGpfaUQ7kNvwHFvlJS&_nc_gid=AtiuWGNRzI_Qz4a1vxgMdA&edm=APoiHPcBAAAA&ccb=7-5&ig_cache_key=MjY0MTAyNjcxNTI2NDgzMTIzNg%3D%3D.3-ccb7-5&oh=00_AfrUNyS_HVrZ0VShscbeeWjP1_vFxcGl6InXgfVtXXSPUQ&oe=6978B0A2&_nc_sid=22de04,None,8/15/2021 15:15,https://www.instagram.com/p/CSmz84FrU8E,CSmz84FrU8E
,,,,,
"#Repost @vale_das_luas with @make_repost

Venha curtir o fim de semana de sol no Vale das Luas.
#valedasluas #picodobone #minas4you #minasgerais #gopro #fotografia #instagood #cachoeiras #cachoeira #waterfall #lugares",https://scontent-ord5-3.cdninstagram.com/v/t51.29350-15/237038206_563129448401973_3544003707296240225_n.jpg?stp=dst-jpg_e35_tt6&efg=eyJ2ZW5jb2RlX3RhZyI6IkZFRUQuaW1hZ2VfdXJsZ2VuLjE0NDB4MTQ0MC5zZHIuZjI5MzUwLmRlZmF1bHRfaW1hZ2UuYzIifQ&_nc_ht=scontent-ord5-3.cdninstagram.com&_nc_cat=109&_nc_oc=Q6cZ2QGDxL6SDhIuLSBXmYZC1p96DJutKJeae0UIVUBYIlGd0PNC629jrw4gAA-15SQQGzQ&_nc_ohc=hoqD_yGBBHUQ7kNvwHe_4-q&_nc_gid=AtiuWGNRzI_Qz4a1vxgMdA&edm=APoiHPcBAAAA&ccb=7-5&ig_cache_key=MjY0MDc5NDI3ODcwNjQ1ODY5Mg%3D%3D.3-ccb7-5&oh=00_AfrVR9S6EuAHqzls0_-8ASeLgQR9yUB-vREv_gc1mFPGLw&oe=6978BDA7&_nc_sid=22de04,None,8/15/2021 7:33,https://www.instagram.com/p/CSl_GerLrBE,CSl_GerLrBE
,,,,,
"Quando a viagem  para as montanhas ento, ai que a felicidade transborda. ",https://scontent-ord5-1.cdninstagram.com/v/t51.29350-15/237218851_850312315689548_937339028108425544_n.jpg?stp=dst-jpg_e35_tt6&efg=eyJ2ZW5jb2RlX3RhZyI6IkZFRUQuaW1hZ2VfdXJsZ2VuLjExOTd4MTE5Ny5zZHIuZjI5MzUwLmRlZmF1bHRfaW1hZ2UuYzIifQ&_nc_ht=scontent-ord5-1.cdninstagram.com&_nc_cat=108&_nc_oc=Q6cZ2QGDxL6SDhIuLSBXmYZC1p96DJutKJeae0UIVUBYIlGd0PNC629jrw4gAA-15SQQGzQ&_nc_ohc=LNMoNdU2dAEQ7kNvwEBioL7&_nc_gid=AtiuWGNRzI_Qz4a1vxgMdA&edm=APoiHPcBAAAA&ccb=7-5&ig_cache_key=MjY0MDM3NjA3MzcxNDM0MjQyMw%3D%3D.3-ccb7-5&oh=00_AfoA67Qb3N-7_KYJe4Ie2NEqEZRXx4QztiO77kLzM13qAw&oe=6978C15B&_nc_sid=22de04,None,8/14/2021 17:42,https://www.instagram.com/p/CSkgAy7LxoX,CSkgAy7LxoX
,,,,,
"#Repost @araujogianee with @make_repost

",https://scontent-ord5-1.cdninstagram.com/v/t51.29350-15/238558370_1249883415432971_7402010849402955743_n.jpg?stp=dst-jpg_e35_tt6&efg=eyJ2ZW5jb2RlX3RhZyI6IkZFRUQuaW1hZ2VfdXJsZ2VuLjE0NDB4MTgwMC5zZHIuZjI5MzUwLmRlZmF1bHRfaW1hZ2UuYzIifQ&_nc_ht=scontent-ord5-1.cdninstagram.com&_nc_cat=111&_nc_oc=Q6cZ2QGDxL6SDhIuLSBXmYZC1p96DJutKJeae0UIVUBYIlGd0PNC629jrw4gAA-15SQQGzQ&_nc_ohc=CcdLsGbhcagQ7kNvwFkI-1f&_nc_gid=AtiuWGNRzI_Qz4a1vxgMdA&edm=APoiHPcBAAAA&ccb=7-5&ig_cache_key=MjY0MDA2NTY2MTYwNTEwMTAyNQ%3D%3D.3-ccb7-5&oh=00_AfrV2vpQI6SW2NJRhlxW2qPahOb9VDAU-9DablFAqc99HA&oe=6978ABF9&_nc_sid=22de04,None,8/14/2021 7:26,https://www.instagram.com/p/CSjZbtHrb3h,CSjZbtHrb3h
,,,,,
"#Repost @sabrinatreis with @make_repost

",https://scontent-ord5-2.cdninstagram.com/v/t51.29350-15/236283667_398818488249628_773651257390207971_n.jpg?stp=dst-jpg_e35_tt6&efg=eyJ2ZW5jb2RlX3RhZyI6IkZFRUQuaW1hZ2VfdXJsZ2VuLjE0NDB4MTQ0MC5zZHIuZjI5MzUwLmRlZmF1bHRfaW1hZ2UuYzIifQ&_nc_ht=scontent-ord5-2.cdninstagram.com&_nc_cat=104&_nc_oc=Q6cZ2QGDxL6SDhIuLSBXmYZC1p96DJutKJeae0UIVUBYIlGd0PNC629jrw4gAA-15SQQGzQ&_nc_ohc=XORLptSvnccQ7kNvwGOObM5&_nc_gid=AtiuWGNRzI_Qz4a1vxgMdA&edm=APoiHPcBAAAA&ccb=7-5&ig_cache_key=MjYzOTY4NDk5MDkyNzk3NTY4NA%3D%3D.3-ccb7-5&oh=00_AfqB3RHkVhZTfpGyYKuuhW5va-8sUeP6rnpA9RNSJOArLw&oe=6978ACFE&_nc_sid=22de04,None,8/13/2021 18:49,https://www.instagram.com/p/CSiC4N7MTUE,CSiC4N7MTUE
,,,,,
"#Repost @iguisso with @make_repost

S posta tbt no meio do mato",https://scontent-ord5-2.cdninstagram.com/v/t51.29350-15/233311799_1389273034806374_2540655102783682650_n.jpg?stp=dst-jpg_e35_tt6&efg=eyJ2ZW5jb2RlX3RhZyI6IkZFRUQuaW1hZ2VfdXJsZ2VuLjE0NDB4MTgwMC5zZHIuZjI5MzUwLmRlZmF1bHRfaW1hZ2UuYzIifQ&_nc_ht=scontent-ord5-2.cdninstagram.com&_nc_cat=102&_nc_oc=Q6cZ2QGDxL6SDhIuLSBXmYZC1p96DJutKJeae0UIVUBYIlGd0PNC629jrw4gAA-15SQQGzQ&_nc_ohc=1-Pjd6Hf4g4Q7kNvwEPWyfa&_nc_gid=AtiuWGNRzI_Qz4a1vxgMdA&edm=APoiHPcBAAAA&ccb=7-5&ig_cache_key=MjYzNTA0MTY4OTEyNTU2NjcwMQ%3D%3D.3-ccb7-5&oh=00_Afo7Usyqwv4O2JH6xTwfIiI2qqdo0nyNQZhFatLzpP9LNA&oe=6978C3B4&_nc_sid=22de04,None,8/7/2021 9:04,https://www.instagram.com/p/CSRjHSIrLjt,CSRjHSIrLjt
,,,,,
"#Repost @viviteixeiratrips with @make_repost

Hoje vamos desejar o bem 
- bom dia 
.
.
.
#minasgerais #conhecamg #turistandoemminas #montanhismo #trekking #tbt #mood #instadaily #instagram #instamoment",https://scontent-ord5-3.cdninstagram.com/v/t51.29350-15/230993422_220519396642212_1208802805889449297_n.jpg?stp=dst-jpg_e35_tt6&efg=eyJ2ZW5jb2RlX3RhZyI6IkZFRUQuaW1hZ2VfdXJsZ2VuLjE0NDB4MTA4MC5zZHIuZjI5MzUwLmRlZmF1bHRfaW1hZ2UuYzIifQ&_nc_ht=scontent-ord5-3.cdninstagram.com&_nc_cat=100&_nc_oc=Q6cZ2QFtztBU7bKspfaTFmg1aCHKKjo1J-pLEhhcQIKywMKLUBhX8u68shDHAyLF5OQaBKE&_nc_ohc=I4piOjyNNQcQ7kNvwEd0oe3&_nc_gid=b6d8_o5MQamTRNH3cquehw&edm=APoiHPcBAAAA&ccb=7-5&ig_cache_key=MjYzMTMzMjg5OTYxMjA5NjYyNw%3D%3D.3-ccb7-5&oh=00_Afr3pSdRZlcGKyPDnNDnqhmF6pNhBdXlB80yWQy_jgEG3A&oe=6978A705&_nc_sid=22de04,None,8/2/2021 6:15,https://www.instagram.com/p/CSEX1SvLXhz,CSEX1SvLXhz
,,,,,
"#Repost @dani.toledo with @make_repost

Tem lugares que parecem existir dentro da gente.  #trilha #picodobone #serradobrigadeiro.",https://scontent-ord5-2.cdninstagram.com/v/t51.29350-15/228738989_220433749969373_4681542494184768069_n.jpg?stp=dst-jpg_e35_tt6&efg=eyJ2ZW5jb2RlX3RhZyI6IkZFRUQuaW1hZ2VfdXJsZ2VuLjE0NDB4MTQ0MC5zZHIuZjI5MzUwLmRlZmF1bHRfaW1hZ2UuYzIifQ&_nc_ht=scontent-ord5-2.cdninstagram.com&_nc_cat=105&_nc_oc=Q6cZ2QFtztBU7bKspfaTFmg1aCHKKjo1J-pLEhhcQIKywMKLUBhX8u68shDHAyLF5OQaBKE&_nc_ohc=uAzz1unWFycQ7kNvwG12S-M&_nc_gid=b6d8_o5MQamTRNH3cquehw&edm=APoiHPcBAAAA&ccb=7-5&ig_cache_key=MjYzMDYyOTA2OTczMTg5MjY0Nw%3D%3D.3-ccb7-5&oh=00_Afq5v2HcVlwIp9w4Vkios4wzXQFeFdFstTXTawWC5gR0Ig&oe=6978ACCC&_nc_sid=22de04,None,8/1/2021 6:57,https://www.instagram.com/p/CSB3zOFL42n,CSB3zOFL42n
,,,,,
"#Repost @camila_belo with @make_repost

Mais uma vez nesse lugar incrvel! 

A Pedra do Pato  uma tima alternativa ao Pico do Bon, uma vez que este est interditado devido a um deslizamento de terra em seu cume. A trilha tem grau de dificuldade parecido e com uma vista tambm muito similar. No  indicada fazer sem guia, pois no h sinalizao, porm existem guias cadastrados que podem levar grupos de at 10 pessoas. Um deles  o @innatura_aventuras que tem feito uma programao bem interessante para l. 
Detalhe para o Pico do Bon ao fundo.

 Pedra do Pato
1.908 m Altitude
 Parque Estadual Serra do Brigadeiro/Araponga- MG
@pebrigadeirooficial
9 km ida e volta
@corre_jau

@geartipsoutdoor

 Siga o perfil @mulheresnatrilha e a tag #MulheresNaTrilha. Fortaleca essa rede! 


#MulheresNaTrilha #EliteDasSerras  #CamilaNaTrilha #MinasGerais #trilha #trilhandotrilhas #Trekking #melocalizaa #PedraDoPato #SerraDoBrigadeiro
#SomosTodasMulheresNaTrilha",https://scontent-ord5-3.cdninstagram.com/v/t51.29350-15/223928012_423916215483478_2396872085175650658_n.jpg?stp=dst-jpg_e35_tt6&efg=eyJ2ZW5jb2RlX3RhZyI6IkZFRUQuaW1hZ2VfdXJsZ2VuLjE0NDB4MTQ0MC5zZHIuZjI5MzUwLmRlZmF1bHRfaW1hZ2UuYzIifQ&_nc_ht=scontent-ord5-3.cdninstagram.com&_nc_cat=110&_nc_oc=Q6cZ2QFtztBU7bKspfaTFmg1aCHKKjo1J-pLEhhcQIKywMKLUBhX8u68shDHAyLF5OQaBKE&_nc_ohc=CWYzmFEwK_IQ7kNvwHKh8mX&_nc_gid=b6d8_o5MQamTRNH3cquehw&edm=APoiHPcBAAAA&ccb=7-5&ig_cache_key=MjYyNjQ0NTA4OTA3NzM5MjUzMQ%3D%3D.3-ccb7-5&oh=00_Afrsp3aaNl_bO7fjtzd6qZ7RL0_7GPoRKqapmwqe8yFC0g&oe=6978AAA3&_nc_sid=22de04,None,7/26/2021 12:24,https://www.instagram.com/p/CRzAeSchvST,CRzAeSchvST
,,,,,
"#Repost @paulomfreitas with @make_repost

Subida no Pico do Bon com uma turma super especial!
5 km de muita subida, que essa galera fez a jornada ser to divertida quanto a contemplao da chegada no topo.
#bicodobon #cientecaceleradora",https://scontent-ord5-1.cdninstagram.com/v/t51.29350-15/219146003_200145532118797_7858865881127937964_n.jpg?stp=dst-jpg_e35_tt6&efg=eyJ2ZW5jb2RlX3RhZyI6IkZFRUQuaW1hZ2VfdXJsZ2VuLjE0NDB4MTA4MC5zZHIuZjI5MzUwLmRlZmF1bHRfaW1hZ2UuYzIifQ&_nc_ht=scontent-ord5-1.cdninstagram.com&_nc_cat=101&_nc_oc=Q6cZ2QFtztBU7bKspfaTFmg1aCHKKjo1J-pLEhhcQIKywMKLUBhX8u68shDHAyLF5OQaBKE&_nc_ohc=rYVaN2lhDAMQ7kNvwGvtYpF&_nc_gid=b6d8_o5MQamTRNH3cquehw&edm=APoiHPcBAAAA&ccb=7-5&ig_cache_key=MjYyMDEwNTkyMTU0MzkzODc5NQ%3D%3D.3-ccb7-5&oh=00_AfqhiMastQ0YD41SvtY3XT3DleRSDfqHstZEfjw6MQdAtQ&oe=6978C716&_nc_sid=22de04,None,7/17/2021 18:29,https://www.instagram.com/p/CRcfHQnhiLr,CRcfHQnhiLr
,,,,,
,https://scontent-ord5-2.cdninstagram.com/v/t51.71878-15/499183449_1074723727845670_8146126861327208745_n.jpg?stp=dst-jpg_e15_tt6&_nc_cat=102&ig_cache_key=MjYxOTc3MjE5NTE2MTEwMTIwNg%3D%3D.3-ccb7-5&ccb=7-5&_nc_sid=58cdad&efg=eyJ2ZW5jb2RlX3RhZyI6InhwaWRzLjEyNDJ4MjIwOC5zZHIuQzMifQ%3D%3D&_nc_ohc=x6kr6lVj710Q7kNvwHJguot&_nc_oc=AdlJod9e_V5tQf12mWjf3EOY2YWQmxXPzShbOY_tlJ7V9qEDumDW625KiJTkKDmDzC0&_nc_ad=z-m&_nc_cid=0&_nc_zt=23&_nc_ht=scontent-ord5-2.cdninstagram.com&_nc_gid=b6d8_o5MQamTRNH3cquehw&oh=00_AfrA_CjI7yPNVVnR2YAdR5Ofb5JGoxGZljW3Na4mw8qcZg&oe=6978AF02,https://scontent-ord5-1.cdninstagram.com/o1/v/t2/f2/m86/AQPdcrfhsP0otSZjNf-dH43ZL0aDep0enl4Ck5uglzlOsTnJY6sgaNd7iuDts4g8NpsxDLP-ljxsfR4pJi1MOXHc5QwqPfq8pKrT8tE.mp4?_nc_cat=108&_nc_sid=5e9851&_nc_ht=scontent-ord5-1.cdninstagram.com&_nc_ohc=yBuRYbD2XqUQ7kNvwG236Xv&efg=eyJ2ZW5jb2RlX3RhZyI6Inhwdl9wcm9ncmVzc2l2ZS5JTlNUQUdSQU0uQ0xJUFMuQzMuNjQwLmRhc2hfYmFzZWxpbmVfMV92MSIsInhwdl9hc3NldF9pZCI6OTA2OTMxMjU3OTU4MjUyLCJhc3NldF9hZ2VfZGF5cyI6MTY1MCwidmlfdXNlY2FzZV9pZCI6MTAxMDEsImR1cmF0aW9uX3MiOjI2LCJ1cmxnZW5fc291cmNlIjoid3d3In0%3D&ccb=17-1&vs=6ca29dcf1f468c1f&_nc_vs=HBksFQIYUmlnX3hwdl9yZWVsc19wZXJtYW5lbnRfc3JfcHJvZC8wNTRBNjc1MUUyM0U1RTlERUE0M0JBMDAzMDg2OTE5MF92aWRlb19kYXNoaW5pdC5tcDQVAALIARIAFQIYOnBhc3N0aHJvdWdoX2V2ZXJzdG9yZS9HQUNmY3h2eHBnQjd1SlFCQUFFbml1V2dNemtGYnBrd0FBQUYVAgLIARIAKAAYABsCiAd1c2Vfb2lsATEScHJvZ3Jlc3NpdmVfcmVjaXBlATEVAAAm2P26t6y2nAMVAigCQzMsF0A67tkWhysCGBJkYXNoX2Jhc2VsaW5lXzFfdjERAHX-B2XqnQEA&_nc_gid=b6d8_o5MQamTRNH3cquehw&_nc_zt=28&oh=00_AfpnhGjKlQTNABBiAaraVr4h0FvlaolgHXp_O0UnSDSjkQ&oe=6974D25D,7/17/2021 7:27,https://www.instagram.com/p/CRbTO5tBdOW,CRbTO5tBdOW
,,,,,
"#Repost @viviteixeiratrips with @make_repost

 sempre a mesma histria ,
Eu era feliz e no sabia ,
Ou, 
Vou ser feliz daqui pra frente ,
S queria saber ,
O que a felicidade tem contra o agora. 
.
@livrosdepoemas ",https://scontent-ord5-2.cdninstagram.com/v/t51.29350-15/218150482_503454177387603_4325825396634673369_n.jpg?stp=dst-jpg_e35_tt6&efg=eyJ2ZW5jb2RlX3RhZyI6IkZFRUQuaW1hZ2VfdXJsZ2VuLjE0NDB4MTgwMC5zZHIuZjI5MzUwLmRlZmF1bHRfaW1hZ2UuYzIifQ&_nc_ht=scontent-ord5-2.cdninstagram.com&_nc_cat=103&_nc_oc=Q6cZ2QFtztBU7bKspfaTFmg1aCHKKjo1J-pLEhhcQIKywMKLUBhX8u68shDHAyLF5OQaBKE&_nc_ohc=oQXULYOHDYcQ7kNvwETyPXg&_nc_gid=b6d8_o5MQamTRNH3cquehw&edm=APoiHPcBAAAA&ccb=7-5&ig_cache_key=MjYxOTMyOTAyNTAwMDQxODkyNg%3D%3D.3-ccb7-5&oh=00_Afqt6H3ZoVAmzVJRLhx8GZj4WLlVrIWsYbnh9m4qG5Uy1g&oe=6978A197&_nc_sid=22de04,None,7/16/2021 16:46,https://www.instagram.com/p/CRZud7VBS5u,CRZud7VBS5u
,,,,,
"#Repost robertapaoli_ with @make_repost

sensao indescritvel e uma vista maravilhosa ",https://scontent-ord5-3.cdninstagram.com/v/t51.29350-15/217109826_2986609871559552_5627263460734077994_n.jpg?stp=dst-jpg_e35_tt6&efg=eyJ2ZW5jb2RlX3RhZyI6IkZFRUQuaW1hZ2VfdXJsZ2VuLjE0NDB4MTUzMi5zZHIuZjI5MzUwLmRlZmF1bHRfaW1hZ2UuYzIifQ&_nc_ht=scontent-ord5-3.cdninstagram.com&_nc_cat=100&_nc_oc=Q6cZ2QFtztBU7bKspfaTFmg1aCHKKjo1J-pLEhhcQIKywMKLUBhX8u68shDHAyLF5OQaBKE&_nc_ohc=hiHR_-ykb2cQ7kNvwHtZoF5&_nc_gid=b6d8_o5MQamTRNH3cquehw&edm=APoiHPcBAAAA&ccb=7-5&ig_cache_key=MjYxNjkyMTA0ODQ5ODg5MTYzMA%3D%3D.3-ccb7-5&oh=00_AfpBb1qkJzzTqKY-CMYjvBlRAuxnSPnD7m9gClG35wk5IQ&oe=69789E66&_nc_sid=22de04,None,7/13/2021 9:02,https://www.instagram.com/p/CRRK9QdBOtu,CRRK9QdBOtu
,,,,,
"#Repost @leidy_ilma with @make_repost

",https://scontent-ord5-2.cdninstagram.com/v/t51.29350-15/210534625_459259771910163_6113358510493805729_n.jpg?stp=dst-jpg_e35_tt6&efg=eyJ2ZW5jb2RlX3RhZyI6IkZFRUQuaW1hZ2VfdXJsZ2VuLjE0NDB4MTgwMC5zZHIuZjI5MzUwLmRlZmF1bHRfaW1hZ2UuYzIifQ&_nc_ht=scontent-ord5-2.cdninstagram.com&_nc_cat=103&_nc_oc=Q6cZ2QFtztBU7bKspfaTFmg1aCHKKjo1J-pLEhhcQIKywMKLUBhX8u68shDHAyLF5OQaBKE&_nc_ohc=op6bd7Fx1l4Q7kNvwEnW9ay&_nc_gid=b6d8_o5MQamTRNH3cquehw&edm=APoiHPcBAAAA&ccb=7-5&ig_cache_key=MjYxMzYwMTcxMTg0NzQ3NTcyMg%3D%3D.3-ccb7-5&oh=00_AfoV_XlgnhJger35482ILBLJ8vIUfxpspGKuLjZj68RHXA&oe=6978B55A&_nc_sid=22de04,None,7/8/2021 19:07,https://www.instagram.com/p/CRFYOjTBYoK,CRFYOjTBYoK
,,,,,
"#Repost @viviteixeiratrips with @make_repost

Que sua semana seja incrvel como voc .
-Bom dia 
.
.
.
#trilheiros #minasgerais #conhecamg #montanhismo #trekking #tbt #mood #montanhas #trip",https://scontent-ord5-1.cdninstagram.com/v/t51.29350-15/211830318_885989818622483_4596273233793167322_n.jpg?stp=dst-jpg_e35_tt6&efg=eyJ2ZW5jb2RlX3RhZyI6IkZFRUQuaW1hZ2VfdXJsZ2VuLjE0NDB4MTgwMC5zZHIuZjI5MzUwLmRlZmF1bHRfaW1hZ2UuYzIifQ&_nc_ht=scontent-ord5-1.cdninstagram.com&_nc_cat=111&_nc_oc=Q6cZ2QFtztBU7bKspfaTFmg1aCHKKjo1J-pLEhhcQIKywMKLUBhX8u68shDHAyLF5OQaBKE&_nc_ohc=Ji1jK9oWf_4Q7kNvwGjMsXQ&_nc_gid=b6d8_o5MQamTRNH3cquehw&edm=APoiHPcBAAAA&ccb=7-5&ig_cache_key=MjYxMTc5MDY3MTcyNzk3MzUyNg%3D%3D.3-ccb7-5&oh=00_AfqPyUigqha7YY89PwnCnpvqf8v1aGaYVFjZ-WoZgtvrNw&oe=6978C349&_nc_sid=22de04,None,7/6/2021 7:08,https://www.instagram.com/p/CQ-8ccwBlSW,CQ-8ccwBlSW
,,,,,
"#Repost @cristianoferreirademelo with @make_repost

Serra do Brigadeiro 
Araponga MG 
Buscando a calmaria ",https://scontent-ord5-3.cdninstagram.com/v/t51.29350-15/210123066_173784931435267_1787286912566937803_n.jpg?stp=dst-jpg_e35_tt6&efg=eyJ2ZW5jb2RlX3RhZyI6IkZFRUQuaW1hZ2VfdXJsZ2VuLjE0NDB4MTQ0MC5zZHIuZjI5MzUwLmRlZmF1bHRfaW1hZ2UuYzIifQ&_nc_ht=scontent-ord5-3.cdninstagram.com&_nc_cat=107&_nc_oc=Q6cZ2QFtztBU7bKspfaTFmg1aCHKKjo1J-pLEhhcQIKywMKLUBhX8u68shDHAyLF5OQaBKE&_nc_ohc=c_Fpc0upH0IQ7kNvwGSkoU5&_nc_gid=b6d8_o5MQamTRNH3cquehw&edm=APoiHPcBAAAA&ccb=7-5&ig_cache_key=MjYxMTQ1MzcxMjgzNzAyMjM2Nw%3D%3D.3-ccb7-5&oh=00_AfpxyIC04G-b5mTMGe0QrIqjRjHi3uedN-51kRWgKTkOCg&oe=6978AB13&_nc_sid=22de04,None,7/5/2021 19:59,https://www.instagram.com/p/CQ9v1DVBpKf,CQ9v1DVBpKf
,,,,,
Concorda?,https://scontent-ord5-3.cdninstagram.com/v/t51.29350-15/210904401_318745826467170_2784395287051234613_n.jpg?stp=dst-jpg_e35_tt6&efg=eyJ2ZW5jb2RlX3RhZyI6IkZFRUQuaW1hZ2VfdXJsZ2VuLjEwODB4MTA4MC5zZHIuZjI5MzUwLmRlZmF1bHRfaW1hZ2UuYzIifQ&_nc_ht=scontent-ord5-3.cdninstagram.com&_nc_cat=106&_nc_oc=Q6cZ2QFTG4JTnTCVtWPn8W60SuPed3AbzzXiYC30r_q4bva2YsMS2NkS2jWJrp02cIBrE00&_nc_ohc=rM4R5PQ-wycQ7kNvwFPuT8Z&_nc_gid=IqltgD0-U-fg5L2qF8w7ZA&edm=APoiHPcBAAAA&ccb=7-5&ig_cache_key=MjYxMTM5NTI5NzM0NzYyMDM4Mw%3D%3D.3-ccb7-5&oh=00_AfqclhZsuEu4EqlowYM4NKhE3hSlJW2cAtVdpA4zTqfYlg&oe=6978C733&_nc_sid=22de04,None,7/5/2021 18:03,https://www.instagram.com/p/CQ9ii_qh84f,CQ9ii_qh84f
,,,,,
"#Repost @viviteixeiratrips with @make_repost

Olha eu aqui de novo 
Pico do bon - Araponga MG
.
.
.
#conhecamg #minasgerais #turistandoemminas #montanhismo #trekking #teilheiros #ecotour",https://scontent-ord5-3.cdninstagram.com/v/t51.29350-15/209570134_510367286946540_1647657533264626873_n.jpg?stp=dst-jpg_e35_tt6&efg=eyJ2ZW5jb2RlX3RhZyI6IkZFRUQuaW1hZ2VfdXJsZ2VuLjE0NDB4MTgwMC5zZHIuZjI5MzUwLmRlZmF1bHRfaW1hZ2UuYzIifQ&_nc_ht=scontent-ord5-3.cdninstagram.com&_nc_cat=100&_nc_oc=Q6cZ2QFTG4JTnTCVtWPn8W60SuPed3AbzzXiYC30r_q4bva2YsMS2NkS2jWJrp02cIBrE00&_nc_ohc=S76iEkXhAS4Q7kNvwHU2Bdl&_nc_gid=IqltgD0-U-fg5L2qF8w7ZA&edm=APoiHPcBAAAA&ccb=7-5&ig_cache_key=MjYxMDY3MTA1OTY1MzM0ODY0NA%3D%3D.3-ccb7-5&oh=00_AfqGonRsYyBilgZG8tKV0raS3gHVawsWjeloK_zbjI0dtA&oe=6978A9FF&_nc_sid=22de04,None,7/4/2021 18:04,https://www.instagram.com/p/CQ6938wB80k,CQ6938wB80k
,,,,,
"#Repost @thiago_cotchi81 with @make_repost

O vontade de subir, subir e subir!!!! L vamos ns Turquia ",https://scontent-ord5-1.cdninstagram.com/v/t51.29350-15/209864857_532347901447681_9146911912991943709_n.jpg?stp=dst-jpg_e35_tt6&efg=eyJ2ZW5jb2RlX3RhZyI6IkZFRUQuaW1hZ2VfdXJsZ2VuLjE0NDB4MTQ0MC5zZHIuZjI5MzUwLmRlZmF1bHRfaW1hZ2UuYzIifQ&_nc_ht=scontent-ord5-1.cdninstagram.com&_nc_cat=101&_nc_oc=Q6cZ2QFTG4JTnTCVtWPn8W60SuPed3AbzzXiYC30r_q4bva2YsMS2NkS2jWJrp02cIBrE00&_nc_ohc=FKTJjw3GTEMQ7kNvwGePUN0&_nc_gid=IqltgD0-U-fg5L2qF8w7ZA&edm=APoiHPcBAAAA&ccb=7-5&ig_cache_key=MjYxMDMzNjAxNzUyNTUxNDA3OQ%3D%3D.3-ccb7-5&oh=00_Afqfpmxc3-a_fFMeoH2MTEST6QtPCgEUgyZNSruI5zyZJA&oe=6978C25A&_nc_sid=22de04,None,7/4/2021 6:58,https://www.instagram.com/p/CQ5xscdBB9f,CQ5xscdBB9f
,,,,,
"#Repost @viviteixeiratrips with @make_repost

Pico do Bon

O Pico do Bon, que leva esse nome por causa de sua aparncia quando contemplado  distncia, encontra-se a 1.870 metros de altitude, e seu cume  formado por um pequeno plat que mede 10 por 15 metros, onde predomina uma vegetao constituda por gramneas, pequenos arbustos e grande nmero de bromlias de flores vermelhas. 
A trilha  bem ngrime e possvel somente a p. Grau de dificuldade : mdio .  um dos Picos mais altos do Parque Serra do Brigadeiro. Do alto do Pico do Bon, tem-se uma magnfica vista panormica em 360.  possvel, dali, avistar os mares de morros e, a leste, o distrito de Bom Jesus do Madeira; ao sul, a Serra do Grama e Pedra do Pato; ao norte, o Pico Soares e a Pedra Branca; e a oeste o municpio de Araponga.
. 
.
.
#minasgerais #conhecamg #minastour #minasecoturismo #trilheirosdobrasil #picodobone #circuitoserras #serrasdeminas #trilheirosdamontanha",https://scontent-ord5-3.cdninstagram.com/v/t51.29350-15/209823732_126784929600282_3461138095703075980_n.jpg?stp=dst-jpg_e35_tt6&efg=eyJ2ZW5jb2RlX3RhZyI6IkZFRUQuaW1hZ2VfdXJsZ2VuLjE0NDB4MTgwMC5zZHIuZjI5MzUwLmRlZmF1bHRfaW1hZ2UuYzIifQ&_nc_ht=scontent-ord5-3.cdninstagram.com&_nc_cat=106&_nc_oc=Q6cZ2QFTG4JTnTCVtWPn8W60SuPed3AbzzXiYC30r_q4bva2YsMS2NkS2jWJrp02cIBrE00&_nc_ohc=-Me6au5xUWkQ7kNvwG7UTCv&_nc_gid=IqltgD0-U-fg5L2qF8w7ZA&edm=APoiHPcBAAAA&ccb=7-5&ig_cache_key=MjYwNzgwMjA2OTQ5MDgyMTc2Mg%3D%3D.3-ccb7-5&oh=00_AfpRBD-uw_oRemGV8M8nYLk4U5Elk76fdCSinvVn4eDweA&oe=6978B637&_nc_sid=22de04,None,6/30/2021 19:04,https://www.instagram.com/p/CQwxipch2qC,CQwxipch2qC
,,,,,
"#Repost @fabianogresende with @make_repost

Desafie-se sempre
Pico do Bon 
1.870 metros de altitude 
7 horas de trilha 
Eu consegui 
.
.
.
.
.
#picodobone #serradobrigadeiro #trilha #natureza #superao #tripnaturaladventure",https://scontent-ord5-1.cdninstagram.com/v/t51.29350-15/209194784_355478202873707_2017793819737492516_n.jpg?stp=dst-jpg_e35_tt6&efg=eyJ2ZW5jb2RlX3RhZyI6IkZFRUQuaW1hZ2VfdXJsZ2VuLjE0NDB4MTQ0MC5zZHIuZjI5MzUwLmRlZmF1bHRfaW1hZ2UuYzIifQ&_nc_ht=scontent-ord5-1.cdninstagram.com&_nc_cat=111&_nc_oc=Q6cZ2QFTG4JTnTCVtWPn8W60SuPed3AbzzXiYC30r_q4bva2YsMS2NkS2jWJrp02cIBrE00&_nc_ohc=eQE-7dh1ExoQ7kNvwE4sI5U&_nc_gid=IqltgD0-U-fg5L2qF8w7ZA&edm=APoiHPcBAAAA&ccb=7-5&ig_cache_key=MjYwNzUzODc5NzQ5MTUxNDA3NA%3D%3D.3-ccb7-5&oh=00_Afo5DLMTvfZLktq2GMghISuu_v2jB-WYHLUPMqHsfMyTsA&oe=6978B753&_nc_sid=22de04,None,6/30/2021 10:21,https://www.instagram.com/p/CQv1riSh-ra,CQv1riSh-ra
,,,,,
#Repost @raphael_caneschi with @make_repost,https://scontent-ord5-1.cdninstagram.com/v/t51.29350-15/208995629_1182422048875991_7859992514043112026_n.jpg?stp=dst-jpg_e35_tt6&efg=eyJ2ZW5jb2RlX3RhZyI6IkZFRUQuaW1hZ2VfdXJsZ2VuLjE0NDB4MTQ0MC5zZHIuZjI5MzUwLmRlZmF1bHRfaW1hZ2UuYzIifQ&_nc_ht=scontent-ord5-1.cdninstagram.com&_nc_cat=111&_nc_oc=Q6cZ2QFTG4JTnTCVtWPn8W60SuPed3AbzzXiYC30r_q4bva2YsMS2NkS2jWJrp02cIBrE00&_nc_ohc=t1EwAOQCAWgQ7kNvwH9b8rx&_nc_gid=IqltgD0-U-fg5L2qF8w7ZA&edm=APoiHPcBAAAA&ccb=7-5&ig_cache_key=MjYwNzEyMzY3OTg3NjA4MDkzMQ%3D%3D.3-ccb7-5&oh=00_Afpk9KV9E9FzF3z1D29wm5qS_45Iz2RwhmQdzpnGZE1W7w&oe=69789254&_nc_sid=22de04,None,6/29/2021 20:36,https://www.instagram.com/p/CQuXSx4heUj,CQuXSx4heUj
,,,,,
"#Repost @natalia_cgoncalves with @make_repost

J adiantei o aerbico da semana com essa subida  #cansada mas no arrependida! Energias renovadas para comear a semana ",https://scontent-ord5-1.cdninstagram.com/v/t51.29350-15/208759660_404347234145123_1009353434937804916_n.jpg?stp=dst-jpg_e35_tt6&efg=eyJ2ZW5jb2RlX3RhZyI6IkZFRUQuaW1hZ2VfdXJsZ2VuLjE0NDB4MTgwMC5zZHIuZjI5MzUwLmRlZmF1bHRfaW1hZ2UuYzIifQ&_nc_ht=scontent-ord5-1.cdninstagram.com&_nc_cat=111&_nc_oc=Q6cZ2QFTG4JTnTCVtWPn8W60SuPed3AbzzXiYC30r_q4bva2YsMS2NkS2jWJrp02cIBrE00&_nc_ohc=aR_Zsx361iAQ7kNvwG-MOLo&_nc_gid=IqltgD0-U-fg5L2qF8w7ZA&edm=APoiHPcBAAAA&ccb=7-5&ig_cache_key=MjYwNTIzOTQzNDE2MTE2NzQ0MQ%3D%3D.3-ccb7-5&oh=00_AfrSbAuRp18xTiGUVnwBn3SuTD8clq9mduCsR1Z8hHMfNQ&oe=6978B91B&_nc_sid=22de04,None,6/27/2021 6:12,https://www.instagram.com/p/CQnq3ZUBBxR,CQnq3ZUBBxR
,,,,,
"#Repost @limiteadventure with @make_repost

#tbt 
.
.
Superao  o principal ingrediente na receita sobre vencer os prprios limites. 
.
.
 Pico do Bon.
 8km.
6h.
 Araponga - MG.
.
.
 Cachoeira do Bon.
 4km.
2h.
 Araponga - MG.
.
.
@limiteadventure
.
.
@emfrentetw
@a.gentenaopara
#limiteadventure #emfrentetw #arapongamg #todosnatrilha #travessia #picodobone #trekking #trail #trip #pousadaremanso #araponga #pico #cafe",https://scontent-ord5-1.cdninstagram.com/v/t51.29350-15/207562627_595802034731281_4187144875862242778_n.jpg?stp=dst-jpg_e35_tt6&efg=eyJ2ZW5jb2RlX3RhZyI6IkZFRUQuaW1hZ2VfdXJsZ2VuLjE0NDB4OTIyLnNkci5mMjkzNTAuZGVmYXVsdF9pbWFnZS5jMiJ9&_nc_ht=scontent-ord5-1.cdninstagram.com&_nc_cat=101&_nc_oc=Q6cZ2QFTG4JTnTCVtWPn8W60SuPed3AbzzXiYC30r_q4bva2YsMS2NkS2jWJrp02cIBrE00&_nc_ohc=NxheWBiEqDwQ7kNvwHwOSra&_nc_gid=IqltgD0-U-fg5L2qF8w7ZA&edm=APoiHPcBAAAA&ccb=7-5&ig_cache_key=MjYwNDY2ODk0NzA5MzgzMjgzNA%3D%3D.3-ccb7-5&oh=00_AfqxoAFOfkizKy11M8QVgMnA30mMvftIXsy7FDc-NbrNUA&oe=697899BD&_nc_sid=22de04,None,6/26/2021 11:19,https://www.instagram.com/p/CQlpJt1BMSC,CQlpJt1BMSC
,,,,,
"Colecione momentos

Voc j colecionou momentos no Pico do Bon?",https://scontent-ord5-1.cdninstagram.com/v/t51.29350-15/207656122_1392156537835117_6556443578791498278_n.jpg?stp=dst-jpg_e35_tt6&efg=eyJ2ZW5jb2RlX3RhZyI6IkZFRUQuaW1hZ2VfdXJsZ2VuLjEwODB4MTA4MC5zZHIuZjI5MzUwLmRlZmF1bHRfaW1hZ2UuYzIifQ&_nc_ht=scontent-ord5-1.cdninstagram.com&_nc_cat=101&_nc_oc=Q6cZ2QFTG4JTnTCVtWPn8W60SuPed3AbzzXiYC30r_q4bva2YsMS2NkS2jWJrp02cIBrE00&_nc_ohc=PJXH38SP5moQ7kNvwGwY6wj&_nc_gid=IqltgD0-U-fg5L2qF8w7ZA&edm=APoiHPcBAAAA&ccb=7-5&ig_cache_key=MjYwNDU2MDQ1OTQ5OTkyOTUxOA%3D%3D.3-ccb7-5&oh=00_AfqawXx4XVoEjGVVX-gTbDKEh98J4ebEbuPW3uiqggOeWA&oe=6978A1E0&_nc_sid=22de04,None,6/26/2021 7:43,https://www.instagram.com/p/CQlQfA4hX-u,CQlQfA4hX-u
,,,,,
#Repost @_bordercollieluna_ with @make_repost,https://scontent-ord5-3.cdninstagram.com/v/t51.29350-15/206395795_272682971319166_3825007621501018466_n.jpg?stp=dst-jpg_e35_tt6&efg=eyJ2ZW5jb2RlX3RhZyI6IkZFRUQuaW1hZ2VfdXJsZ2VuLjE0NDB4MTgwMC5zZHIuZjI5MzUwLmRlZmF1bHRfaW1hZ2UuYzIifQ&_nc_ht=scontent-ord5-3.cdninstagram.com&_nc_cat=110&_nc_oc=Q6cZ2QFTG4JTnTCVtWPn8W60SuPed3AbzzXiYC30r_q4bva2YsMS2NkS2jWJrp02cIBrE00&_nc_ohc=orL9yWDQTXAQ7kNvwG0Xa6w&_nc_gid=IqltgD0-U-fg5L2qF8w7ZA&edm=APoiHPcBAAAA&ccb=7-5&ig_cache_key=MjYwNDIzMzA0OTU5NjM3MzUxMQ%3D%3D.3-ccb7-5&oh=00_AfpGVJa1pFGcyyNJj5wr9u2WvKXHBxoNgJdQnUI_qbgMKw&oe=6978B02B&_nc_sid=22de04,None,6/25/2021 20:53,https://www.instagram.com/p/CQkGCkphioH,CQkGCkphioH
,,,,,
"#Repost @maaurohsouza with @make_repost

#limiteadventure 
#nuncafoifcil 
#nuncafoitranquilo 
#mas
#sempreprazeroso
#picodobon 
#serradobrigadeiro
#arapongas",https://scontent-ord5-3.cdninstagram.com/v/t51.29350-15/206816976_492136598543013_2437778130973167093_n.jpg?stp=dst-jpg_e35_tt6&efg=eyJ2ZW5jb2RlX3RhZyI6IkZFRUQuaW1hZ2VfdXJsZ2VuLjE0NDB4MTQ0MC5zZHIuZjI5MzUwLmRlZmF1bHRfaW1hZ2UuYzIifQ&_nc_ht=scontent-ord5-3.cdninstagram.com&_nc_cat=109&_nc_oc=Q6cZ2QG-poU3s8BaZymZ95k97VzFNNlQWbhP6KCiRUnxGRg8oTtLM1whjZx5RSFsci5Rsro&_nc_ohc=r-Znd0_zw9wQ7kNvwHoRM1O&_nc_gid=uZCWVvow_6D1xYR5ezBieA&edm=APoiHPcBAAAA&ccb=7-5&ig_cache_key=MjYwMzk1NjE4MDg2Mjk5MDk1OQ%3D%3D.3-ccb7-5&oh=00_Afq2Y-HleoZB9XfWf89YHw0X0IJrA10LYRI73cRFP0xAPQ&oe=6978BE24&_nc_sid=22de04,None,6/25/2021 11:43,https://www.instagram.com/p/CQjHFmjBXpv,CQjHFmjBXpv
,,,,,
"#Repost @limiteadventure with @make_repost

#tbt 
.
.
Superao  o principal ingrediente na receita sobre vencer os prprios limites. 
.
.
 Pico do Bon.
 8km.
6h.
 Araponga - MG.
.
.
 Cachoeira do Bon.
 4km.
2h.
 Araponga - MG.
.
.
@limiteadventure
.
.
@emfrentetw
@a.gentenaopara
#limiteadventure #emfrentetw #arapongamg #todosnatrilha #travessia #picodobone #trekking #trail #trip #pousadaremanso #araponga #pico #cafe",https://scontent-ord5-2.cdninstagram.com/v/t51.29350-15/206396588_1304718369942926_1428471202848102501_n.jpg?stp=dst-jpg_e35_tt6&efg=eyJ2ZW5jb2RlX3RhZyI6IkZFRUQuaW1hZ2VfdXJsZ2VuLjE0NDB4OTIzLnNkci5mMjkzNTAuZGVmYXVsdF9pbWFnZS5jMiJ9&_nc_ht=scontent-ord5-2.cdninstagram.com&_nc_cat=102&_nc_oc=Q6cZ2QG-poU3s8BaZymZ95k97VzFNNlQWbhP6KCiRUnxGRg8oTtLM1whjZx5RSFsci5Rsro&_nc_ohc=ZP-tUdNNViEQ7kNvwFqulzD&_nc_gid=uZCWVvow_6D1xYR5ezBieA&edm=APoiHPcBAAAA&ccb=7-5&ig_cache_key=MjYwMzc3MjM1MTg4Mzk0MjAwOA%3D%3D.3-ccb7-5&oh=00_Afo2G3CB8sT9noKRoMTQge0EnsCaKBrVEABU_Vb5yMYSqQ&oe=6978C88F&_nc_sid=22de04,None,6/25/2021 5:37,https://www.instagram.com/p/CQidSieBph4,CQidSieBph4
,,,,,
"Mais roteiros,
Mais trilhas,
Mais montanhas!",https://scontent-ord5-1.cdninstagram.com/v/t51.29350-15/208580627_146724234094019_4480296743413906345_n.jpg?stp=dst-jpg_e35_tt6&efg=eyJ2ZW5jb2RlX3RhZyI6IkZFRUQuaW1hZ2VfdXJsZ2VuLjEwODB4MTA4MC5zZHIuZjI5MzUwLmRlZmF1bHRfaW1hZ2UuYzIifQ&_nc_ht=scontent-ord5-1.cdninstagram.com&_nc_cat=111&_nc_oc=Q6cZ2QG-poU3s8BaZymZ95k97VzFNNlQWbhP6KCiRUnxGRg8oTtLM1whjZx5RSFsci5Rsro&_nc_ohc=5e7ViPCF5qAQ7kNvwFxmPMv&_nc_gid=uZCWVvow_6D1xYR5ezBieA&edm=APoiHPcBAAAA&ccb=7-5&ig_cache_key=MjYwMzMxODU2MDc2Mzk3OTY5OA%3D%3D.3-ccb7-5&oh=00_Afq-jVmb613hzH0utQynUGh3Zyo37TqdZz1qSfFXxH0ddQ&oe=6978A3B0&_nc_sid=22de04,None,6/24/2021 14:36,https://www.instagram.com/p/CQg2HAjhKey,CQg2HAjhKey
,,,,,
"#Repost @juhchagassis with @make_repost

""Viver  uma questo de rasgar-se e remendar-se.""

 Pico do Bon - Serra do Brigadeiro, Araponga-MG

#mulheresnatrilha #trilhandomontanhas #lifestyle #healthylifestyle #trilhandoporai #outdoorliving #outdoorphotography #nature #trilheirasdobrasil #nofilter #picodobone #arapongamg #trilheirosdamontanha #tbt",https://scontent-ord5-1.cdninstagram.com/v/t51.29350-15/205860054_806026953611233_2847511708333871935_n.jpg?stp=dst-jpg_e35_tt6&efg=eyJ2ZW5jb2RlX3RhZyI6IkZFRUQuaW1hZ2VfdXJsZ2VuLjE0NDB4MTY0MC5zZHIuZjI5MzUwLmRlZmF1bHRfaW1hZ2UuYzIifQ&_nc_ht=scontent-ord5-1.cdninstagram.com&_nc_cat=101&_nc_oc=Q6cZ2QG-poU3s8BaZymZ95k97VzFNNlQWbhP6KCiRUnxGRg8oTtLM1whjZx5RSFsci5Rsro&_nc_ohc=Qz6BqBZMjOIQ7kNvwHXXm3m&_nc_gid=uZCWVvow_6D1xYR5ezBieA&edm=APoiHPcBAAAA&ccb=7-5&ig_cache_key=MjYwMzIxMjM4ODgyMDI4MDczMQ%3D%3D.3-ccb7-5&oh=00_Afocwd3fsMSQTgQUuWmDCIrF1DWO6ahnw8KE67BAyztMfg&oe=69789DBA&_nc_sid=22de04,None,6/24/2021 11:05,https://www.instagram.com/p/CQgd-AOh2Wb,CQgd-AOh2Wb
,,,,,
"#Repost @fernandapatricia.teixeira with @make_repost

A alegria  um estado do esprito dentro de si mesmo
#picodobone #cume #serradobrigadeiro #araponga #remanso #trilhas #mulherestrilheiras #montanhasdeminas #minasgerais #emege #mg #limiteadventure",https://scontent-ord5-3.cdninstagram.com/v/t51.29350-15/205677335_3937987139663361_4196584768955023161_n.jpg?stp=dst-jpg_e35_tt6&efg=eyJ2ZW5jb2RlX3RhZyI6IkZFRUQuaW1hZ2VfdXJsZ2VuLjE0NDB4MTgwMC5zZHIuZjI5MzUwLmRlZmF1bHRfaW1hZ2UuYzIifQ&_nc_ht=scontent-ord5-3.cdninstagram.com&_nc_cat=109&_nc_oc=Q6cZ2QG-poU3s8BaZymZ95k97VzFNNlQWbhP6KCiRUnxGRg8oTtLM1whjZx5RSFsci5Rsro&_nc_ohc=G75_uhkht-gQ7kNvwFsEl4z&_nc_gid=uZCWVvow_6D1xYR5ezBieA&edm=APoiHPcBAAAA&ccb=7-5&ig_cache_key=MjYwMjAxMjc3MzUyNTY3NTkxMQ%3D%3D.3-ccb7-5&oh=00_Afqzteyk0zMtN95p--xFww1HSqy-_y_xTJgl8KogBaH4oA&oe=6978A997&_nc_sid=22de04,None,6/22/2021 19:21,https://www.instagram.com/p/CQcNNTbBt-H,CQcNNTbBt-H
,,,,,
"#Repost @lanaverall with @make_repost

Lavando a alma  para corao ficar leve. 

 Cachoeira do bon-Araponga MG 
.
.
.
@limiteadventure 
#trilheiras #mulheresnatrilha #picobone #supersndolimites #almalavada #lugaresincriveis #minasgerais #cachoeirademinas
@picodobone.oficial",https://scontent-ord5-1.cdninstagram.com/v/t51.71878-15/504437784_1900059904085189_8184007380893214549_n.jpg?stp=dst-jpg_e15_tt6&_nc_cat=101&ig_cache_key=MjYwMTYwMDI4MjM4MzQ2NTcwNw%3D%3D.3-ccb7-5&ccb=7-5&_nc_sid=58cdad&efg=eyJ2ZW5jb2RlX3RhZyI6InhwaWRzLjEyNDJ4MjIwOC5zZHIuQzMifQ%3D%3D&_nc_ohc=0SZUWd1lmywQ7kNvwEY8Y-S&_nc_oc=Adl_9GABO4eGiIIzLM-KHvcSvG7V512_ekhhglsJdR29hLzLWOHLvRouaXXkNWUuPQc&_nc_ad=z-m&_nc_cid=0&_nc_zt=23&_nc_ht=scontent-ord5-1.cdninstagram.com&_nc_gid=uZCWVvow_6D1xYR5ezBieA&oh=00_AfohwXlvM_TBJ1fywKMDRBipI4vpSapQ3WJYr5_fOiJemQ&oe=697894B1,https://scontent-ord5-2.cdninstagram.com/o1/v/t2/f2/m86/AQNu6RtJzQSrIR3c5ijK9gPJzCyD87I6TlQqzGEtJCSkhX2gsD2FVf6VO53UpDqL0lbqoE17xFC3pCM2QGyfauEGkLe1YXJCp_9lNoE.mp4?_nc_cat=102&_nc_sid=5e9851&_nc_ht=scontent-ord5-2.cdninstagram.com&_nc_ohc=n_0xvkN16T4Q7kNvwEdXRs6&efg=eyJ2ZW5jb2RlX3RhZyI6Inhwdl9wcm9ncmVzc2l2ZS5JTlNUQUdSQU0uQ0xJUFMuQzMuNjQwLmRhc2hfYmFzZWxpbmVfMV92MSIsInhwdl9hc3NldF9pZCI6OTcxMjA5NzMzNjM2ODgyLCJhc3NldF9hZ2VfZGF5cyI6MTY3NSwidmlfdXNlY2FzZV9pZCI6MTAwOTksImR1cmF0aW9uX3MiOjI3LCJ1cmxnZW5fc291cmNlIjoid3d3In0%3D&ccb=17-1&_nc_gid=uZCWVvow_6D1xYR5ezBieA&_nc_zt=28&vs=3102a50ccdbd8d85&_nc_vs=HBksFQIYUmlnX3hwdl9yZWVsc19wZXJtYW5lbnRfc3JfcHJvZC83QzQzMjEwNDJFQTZCNTVGNDA0MDY0MDE1QTVCNERBQl92aWRlb19kYXNoaW5pdC5tcDQVAALIARIAFQIYOnBhc3N0aHJvdWdoX2V2ZXJzdG9yZS9HQlJWSEF5b3FpVjg0M1lBQU91T0JIN2hTM1FRYnFfRUFBQUYVAgLIARIAKAAYABsCiAd1c2Vfb2lsATEScHJvZ3Jlc3NpdmVfcmVjaXBlATEVAAAmpIzosuzTuQMVAigCQzMsF0A7O6XjU_fPGBJkYXNoX2Jhc2VsaW5lXzFfdjERAHX-B2XmnQEA&oh=00_Afro5iZ1vgP-AxE_NomeZpjmIvmYDAaDzRNgWqOtl4fZNA&oe=6974CA73,6/22/2021 5:42,https://www.instagram.com/p/CQavaxHBbzr,CQavaxHBbzr
,,,,,
"#Repost @lanaverall with @make_repost

J que a felicidade  to incerta , que ela seja incerta num lugar bom.
.
.
 Pico do Bon- Serra do Brigadeiro - Araponga-MG 
@limiteadventure",https://scontent-ord5-3.cdninstagram.com/v/t51.29350-15/205183284_4096837047058771_5374460388241582228_n.jpg?stp=dst-jpg_e35_tt6&efg=eyJ2ZW5jb2RlX3RhZyI6IkZFRUQuaW1hZ2VfdXJsZ2VuLjE0NDB4MTgwMC5zZHIuZjI5MzUwLmRlZmF1bHRfaW1hZ2UuYzIifQ&_nc_ht=scontent-ord5-3.cdninstagram.com&_nc_cat=107&_nc_oc=Q6cZ2QG-poU3s8BaZymZ95k97VzFNNlQWbhP6KCiRUnxGRg8oTtLM1whjZx5RSFsci5Rsro&_nc_ohc=eddjzBzhQ88Q7kNvwFr4Xes&_nc_gid=uZCWVvow_6D1xYR5ezBieA&edm=APoiHPcBAAAA&ccb=7-5&ig_cache_key=MjYwMTI0NTUzMDY1MDg5NjE0Nw%3D%3D.3-ccb7-5&oh=00_AfqwYwCV8Ypy6J0cUZHCgS19Tdaa4m0b2_3cJo6eX-ZKgQ&oe=6978AB21&_nc_sid=22de04,None,6/21/2021 17:57,https://www.instagram.com/p/CQZewc0BOcT,CQZewc0BOcT
,,,,,
"#Repost @andersonvrbmg with @make_repost

@emfrentetw equipando o Fim de semana off  da galera do montanhismo da @limiteadventure ",https://scontent-ord5-3.cdninstagram.com/v/t51.29350-15/203044895_326733515561220_6892242225677736782_n.jpg?stp=dst-jpg_e35_tt6&efg=eyJ2ZW5jb2RlX3RhZyI6IkZFRUQuaW1hZ2VfdXJsZ2VuLjE0NDB4MTgwMC5zZHIuZjI5MzUwLmRlZmF1bHRfaW1hZ2UuYzIifQ&_nc_ht=scontent-ord5-3.cdninstagram.com&_nc_cat=100&_nc_oc=Q6cZ2QG-poU3s8BaZymZ95k97VzFNNlQWbhP6KCiRUnxGRg8oTtLM1whjZx5RSFsci5Rsro&_nc_ohc=Pjc5MgnqlXUQ7kNvwE_yP1U&_nc_gid=uZCWVvow_6D1xYR5ezBieA&edm=APoiHPcBAAAA&ccb=7-5&ig_cache_key=MjYwMDU1NTkyOTgzNzc3ODU4Ng%3D%3D.3-ccb7-5&oh=00_AfrXQ0_85hdvXY0ibpMaWfs3eFpKQ5ii7KVfn9TotFUolQ&oe=6978C66B&_nc_sid=22de04,None,6/20/2021 19:07,https://www.instagram.com/p/CQXB9cAhDaa,CQXB9cAhDaa
,,,,,
"#Repost @fernandapatricia.teixeira with @make_repost

Pico do bon
Sobe sobe sobe pra conquistar uma vista que s teve acesso quem subiu, quem viveu, quem se atreveu e no desanimou #desafios #sosubida #picodobone #serradobrigadeiro #serrasdeminas #arapongas #minasgerais #mardemontanhas",https://scontent-ord5-3.cdninstagram.com/v/t51.29350-15/202857393_412160409842445_164714250091813735_n.jpg?stp=dst-jpg_e35_tt6&efg=eyJ2ZW5jb2RlX3RhZyI6IkZFRUQuaW1hZ2VfdXJsZ2VuLjE0NDB4MTA4MC5zZHIuZjI5MzUwLmRlZmF1bHRfaW1hZ2UuYzIifQ&_nc_ht=scontent-ord5-3.cdninstagram.com&_nc_cat=109&_nc_oc=Q6cZ2QG-poU3s8BaZymZ95k97VzFNNlQWbhP6KCiRUnxGRg8oTtLM1whjZx5RSFsci5Rsro&_nc_ohc=BXZQOeGKJdEQ7kNvwEYXKzm&_nc_gid=uZCWVvow_6D1xYR5ezBieA&edm=APoiHPcBAAAA&ccb=7-5&ig_cache_key=MjYwMDE5ODMwMzg2NjIxMjgyMg%3D%3D.3-ccb7-5&oh=00_AfqiidiDdatxj_zuh7remFRmZvi1QPg0El9rXbfGWPEtRQ&oe=69789E8A&_nc_sid=22de04,None,6/20/2021 7:16,https://www.instagram.com/p/CQVwpS3hNHW,CQVwpS3hNHW
,,,,,
"#Repost @elitedasserras with @make_repost

#Repost @camila_belo
    
Hoje a live ser com as produtoras do @cafepicodobone , nome desse lugar maravilhoso que amo tanto. O caf  produzido nessa regio inserida na Serra do Brigadeiro, no municpio de Araponga - MG.

Segunda vez no Pico do Bon e finalmente uma foto descente l. Em setembro de 2017 foi minha primeira trilha, nota-se pelos trajes nada adequados (segunda e terceira foto), sem falar do frio que passei, da frustrao de ter chovido e no ter visto nada e ainda ter ficado 2 dias sentindo dor no corpo...rsrs. No ano passado voltei e vi o quanto melhorei meu condicionamento, alm da sorte desse cu de Brigadeiro.


Siga o perfil @mulheresnatrilha e a tag #MulheresNaTrilha . Fortalea essa rede 



#PicoDoBone #Montanhas #Araponga #Trilhas #MulheresNaTrilha #EliteDasSerras #LimiteAdventure #FiqueEmCasa #CamilaNaTrilha #MG #Cafe #SerraDoBrigadeiro",https://scontent-ord5-3.cdninstagram.com/v/t51.29350-15/203063791_589330495373304_3065837899969159200_n.jpg?stp=dst-jpg_e35_tt6&efg=eyJ2ZW5jb2RlX3RhZyI6IkZFRUQuaW1hZ2VfdXJsZ2VuLjE0NDB4ODA4LnNkci5mMjkzNTAuZGVmYXVsdF9pbWFnZS5jMiJ9&_nc_ht=scontent-ord5-3.cdninstagram.com&_nc_cat=100&_nc_oc=Q6cZ2QG-poU3s8BaZymZ95k97VzFNNlQWbhP6KCiRUnxGRg8oTtLM1whjZx5RSFsci5Rsro&_nc_ohc=b3F58YgdqyYQ7kNvwHKFoDc&_nc_gid=uZCWVvow_6D1xYR5ezBieA&edm=APoiHPcBAAAA&ccb=7-5&ig_cache_key=MjU5OTQxNjU5ODA5MTkwMTgwNw%3D%3D.3-ccb7-5&oh=00_AfpktiAbIVSriqrpc6B0aXscoPVGYS1XgR9hCjG7CbZzHw&oe=6978AE28&_nc_sid=22de04,None,6/19/2021 5:23,https://www.instagram.com/p/CQS-5-ohatv,CQS-5-ohatv
,,,,,
"#Repost @edumaggalhaes with @make_repost

           .",https://scontent-ord5-3.cdninstagram.com/v/t51.29350-15/200724848_493643371889841_7406691462349829921_n.jpg?stp=dst-jpg_e35_tt6&efg=eyJ2ZW5jb2RlX3RhZyI6IkZFRUQuaW1hZ2VfdXJsZ2VuLjE0NDB4MTExNy5zZHIuZjI5MzUwLmRlZmF1bHRfaW1hZ2UuYzIifQ&_nc_ht=scontent-ord5-3.cdninstagram.com&_nc_cat=109&_nc_oc=Q6cZ2QHjx1y6sJ-Kw4jS7On1XPcmYZw8WREafN676PfTTkO30_Q2ypoSlzeZAcXMHCj4dEs&_nc_ohc=7ZdMl7_SPaAQ7kNvwFZ4vAi&_nc_gid=CjFGgWY5cWHOKq9a-_Wu_Q&edm=APoiHPcBAAAA&ccb=7-5&ig_cache_key=MjU5NjUzNzY4NDAzODM3NTY5OQ%3D%3D.3-ccb7-5&oh=00_AfrSRUpmlnX3H5tDlWSK8T-UW8k92Jx4KK6bfq0viVNclA&oe=69789C93&_nc_sid=22de04,None,6/15/2021 6:03,https://www.instagram.com/p/CQIwUQ_BdkT,CQIwUQ_BdkT
,,,,,
"#Repost @larissaluna.nutri with @make_repost

Dora aventureira ",https://scontent-ord5-3.cdninstagram.com/v/t51.29350-15/201104181_3588332394602358_5625360738633854085_n.jpg?stp=dst-jpg_e35_tt6&efg=eyJ2ZW5jb2RlX3RhZyI6IkZFRUQuaW1hZ2VfdXJsZ2VuLjE0NDB4MTczNi5zZHIuZjI5MzUwLmRlZmF1bHRfaW1hZ2UuYzIifQ&_nc_ht=scontent-ord5-3.cdninstagram.com&_nc_cat=106&_nc_oc=Q6cZ2QHjx1y6sJ-Kw4jS7On1XPcmYZw8WREafN676PfTTkO30_Q2ypoSlzeZAcXMHCj4dEs&_nc_ohc=ipt2800i-AAQ7kNvwFmO0In&_nc_gid=CjFGgWY5cWHOKq9a-_Wu_Q&edm=APoiHPcBAAAA&ccb=7-5&ig_cache_key=MjU5NjUzNzM2MTcyMjc4NDg3Ng%3D%3D.3-ccb7-5&oh=00_AfqmfDvdr3IeMVGwO2NsY3FQLTV2LSM6VP8pYz3NajwJ2Q&oe=69789300&_nc_sid=22de04,None,6/15/2021 6:03,https://www.instagram.com/p/CQIwPkzhDxs,CQIwPkzhDxs
,,,,,
"#Repost @serradobrigadeiro with @make_repost

Que tal uma pausa na rotina? O Vale das Luas Hospedagem de Montanha  o lugar perfeito para respirar e dedicar um momento para voc. Abraado pela natureza, o espao oferece uma linda vista para as matas da Serra do Brigadeiro.
.
A hospedaria conta com cinco chalezinhos de um ou dois quartos com cozinha individual - com mesa com 4 cadeiras, geladeira, fogo com forno e pia com torneira com filtro d'gua; banheiro, TV por assinatura, varanda com rede e churrasqueira.
.
Alm de quatro sutes com cozinha coletiva. A cozinha coletiva fica atrs da recepo,  separada das sutes com geladeira, fogo, freezer, torneira com filtro d'gua, utenslios de cozinha mesas com cadeiras.
.
A Hospedagem de Montanha oferece planos mensais e semanais.
.
O Restaurante est, provisoriamente, fechado.  permitido que se leve bebidas e alimentos para consumo no chal. MAS NO  PERMITIDO DEIXAR O LIXO.
.
Localizao: localidade rural de Estouros, municpio de Araponga-MG
.
Ficou interessado? Clique no link na BIO e ABA Onde Ficar e veja informaes na ntegra e telefone para reservas.
.
#serradobrigadeiro #valedasluas #picodobone #ecoturismo #cachoeiradalaje #relaxamento #natureza #goodvibes",https://scontent-ord5-3.cdninstagram.com/v/t51.29350-15/200550055_596728521230670_4809871993792992124_n.jpg?stp=dst-jpg_e35_tt6&efg=eyJ2ZW5jb2RlX3RhZyI6IkZFRUQuaW1hZ2VfdXJsZ2VuLjE0NDB4MTQ0MC5zZHIuZjI5MzUwLmRlZmF1bHRfaW1hZ2UuYzIifQ&_nc_ht=scontent-ord5-3.cdninstagram.com&_nc_cat=106&_nc_oc=Q6cZ2QHjx1y6sJ-Kw4jS7On1XPcmYZw8WREafN676PfTTkO30_Q2ypoSlzeZAcXMHCj4dEs&_nc_ohc=4XQSIqprtlYQ7kNvwFtVqWT&_nc_gid=CjFGgWY5cWHOKq9a-_Wu_Q&edm=APoiHPcBAAAA&ccb=7-5&ig_cache_key=MjU5NTM3OTU1MTk5NTkyMDQ1OA%3D%3D.3-ccb7-5&oh=00_AfoBcTImIXS7ycSpf_IGr2mn-NLHKWiQBgu_Ih5ZxO8Lbg&oe=6978B8CC&_nc_sid=22de04,None,6/13/2021 15:42,https://www.instagram.com/p/CQEo_OeB4BK,CQEo_OeB4BK
,,,,,
"#Repost @mary_duuarte with @make_repost

",https://scontent-ord5-2.cdninstagram.com/v/t51.29350-15/200022657_152314140225675_7516502321689871961_n.jpg?stp=dst-jpg_e35_tt6&efg=eyJ2ZW5jb2RlX3RhZyI6IkZFRUQuaW1hZ2VfdXJsZ2VuLjE0NDB4MTQ0MC5zZHIuZjI5MzUwLmRlZmF1bHRfaW1hZ2UuYzIifQ&_nc_ht=scontent-ord5-2.cdninstagram.com&_nc_cat=103&_nc_oc=Q6cZ2QHjx1y6sJ-Kw4jS7On1XPcmYZw8WREafN676PfTTkO30_Q2ypoSlzeZAcXMHCj4dEs&_nc_ohc=Taz_i2VFAAYQ7kNvwHzrVNJ&_nc_gid=CjFGgWY5cWHOKq9a-_Wu_Q&edm=APoiHPcBAAAA&ccb=7-5&ig_cache_key=MjU5MzYyNjA4MzEwMjgwNDc3Mg%3D%3D.3-ccb7-5&oh=00_Afr8GlDiUPIh-7rn4C_mc8RLF6kHUGASIl70zANeQhEqjA&oe=697899A3&_nc_sid=22de04,None,6/11/2021 5:39,https://www.instagram.com/p/CP-aS5Th8sk,CP-aS5Th8sk
,,,,,
"#Repost @thamiwolf with @make_repost

""Eles passaro, eu passarinho!"" (Mario Quintana)
 
Pico do Bon - 1870m 
 
 Serra do Brigadeiro - Araponga/MG",https://scontent-ord5-1.cdninstagram.com/v/t51.29350-15/197708413_330163242030409_3244474521655999341_n.jpg?stp=dst-jpg_e35_tt6&efg=eyJ2ZW5jb2RlX3RhZyI6IkZFRUQuaW1hZ2VfdXJsZ2VuLjE0NDB4MTQ0MC5zZHIuZjI5MzUwLmRlZmF1bHRfaW1hZ2UuYzIifQ&_nc_ht=scontent-ord5-1.cdninstagram.com&_nc_cat=101&_nc_oc=Q6cZ2QHjx1y6sJ-Kw4jS7On1XPcmYZw8WREafN676PfTTkO30_Q2ypoSlzeZAcXMHCj4dEs&_nc_ohc=5TyqN6S4i00Q7kNvwGb-Zgx&_nc_gid=CjFGgWY5cWHOKq9a-_Wu_Q&edm=APoiHPcBAAAA&ccb=7-5&ig_cache_key=MjU5MTUzNzE0MDQ5NjUxNjg4OA%3D%3D.3-ccb7-5&oh=00_AfqI2TFJmMQ7B60EUpX3GDFqFzsEkvAZiDgV82TDooBYnA&oe=697896F8&_nc_sid=22de04,None,6/8/2021 8:28,https://www.instagram.com/p/CP2_Ux5hscY,CP2_Ux5hscY
,,,,,
"#Repost @botanatrilha_ with @make_repost

Cntia  a me do rol (mas no se enganem,  s nas trilhas)! 
Sempre muito cautelosa, preocupada e prevenida - na sua bolsa encontramos de tudo hahahah 
A que conhece Deus e o povo, e se no conhece, vira amiga em segundos de qualquer pessoa que cruzar nossos caminhos. 
A trilha pra Cntia  o verdadeiro after do sextou ",https://scontent-ord5-3.cdninstagram.com/v/t51.29350-15/198873725_183912980318071_6606766907257875259_n.jpg?stp=dst-jpg_e35_tt6&efg=eyJ2ZW5jb2RlX3RhZyI6IkZFRUQuaW1hZ2VfdXJsZ2VuLjE0NDB4MTQ0MC5zZHIuZjI5MzUwLmRlZmF1bHRfaW1hZ2UuYzIifQ&_nc_ht=scontent-ord5-3.cdninstagram.com&_nc_cat=107&_nc_oc=Q6cZ2QHjx1y6sJ-Kw4jS7On1XPcmYZw8WREafN676PfTTkO30_Q2ypoSlzeZAcXMHCj4dEs&_nc_ohc=4y0vULLTRLoQ7kNvwEyGbOh&_nc_gid=CjFGgWY5cWHOKq9a-_Wu_Q&edm=APoiHPcBAAAA&ccb=7-5&ig_cache_key=MjU5MTQ1NjUwNTkxNjM1Mjc5MA%3D%3D.3-ccb7-5&oh=00_AfqqVB7SHxn2Az2s8kvdfgf_t09RaY2YXt7eFflk5fdpBg&oe=6978BA00&_nc_sid=22de04,None,6/8/2021 5:48,https://www.instagram.com/p/CP2s_ZGBOkW,CP2s_ZGBOkW
,,,,,
"##Repost @jonascamaracastro with @make_repost

Explorando uns picos brisas por a",https://scontent-ord5-2.cdninstagram.com/v/t51.71878-15/529064585_752279784026089_4775104868482435108_n.jpg?stp=dst-jpg_e15_tt6&_nc_cat=102&ig_cache_key=MjU5MTE1NDEwNzE5MjcxODQ3NQ%3D%3D.3-ccb7-5&ccb=7-5&_nc_sid=58cdad&efg=eyJ2ZW5jb2RlX3RhZyI6InhwaWRzLjY0MHg2NDAuc2RyLkMzIn0%3D&_nc_ohc=mQ_ujsJjOiEQ7kNvwEHS62-&_nc_oc=Adknez1TpzqzDfxdTibDNL4KcBvgnQIbozZXJvow9joRYdGwQTLwT0CDaebfM6VSmp8&_nc_ad=z-m&_nc_cid=0&_nc_zt=23&_nc_ht=scontent-ord5-2.cdninstagram.com&_nc_gid=CjFGgWY5cWHOKq9a-_Wu_Q&oh=00_Afr2WgeANuASOpea3sMP8vQIdT-DajegbjXb9sTeDb4nrA&oe=6978A73F,https://scontent-ord5-2.cdninstagram.com/o1/v/t16/f2/m84/AQOm4g0JdiF7if-4NmSr6M5qYr4nwxbpdV9SuWs3M4wQTqPpdcD-bXlfQTxmBkjcWWupWL7kIaMEnfgbBO7DU6RgR8wC03fkGWijeKw.mp4?_nc_cat=104&_nc_sid=5e9851&_nc_ht=scontent-ord5-2.cdninstagram.com&_nc_ohc=s8ZC2HQHgdAQ7kNvwHWzxY8&efg=eyJ2ZW5jb2RlX3RhZyI6Inhwdl9wcm9ncmVzc2l2ZS5JTlNUQUdSQU0uRkVFRC5DMy42NDAuZGFzaF9iYXNlbGluZV8xX3YxIiwieHB2X2Fzc2V0X2lkIjozMjY3MDcxNTMyNTAwMjMsImFzc2V0X2FnZV9kYXlzIjoxNjkwLCJ2aV91c2VjYXNlX2lkIjoxMDE0NiwiZHVyYXRpb25fcyI6MTIsIndhdGNoX3RpbWVfcyI6MjEsInVybGdlbl9zb3VyY2UiOiJ3d3cifQ%3D%3D&ccb=17-1&vs=713c4ab6927b5fe6&_nc_vs=HBksFQIYTGlnX2JhY2tmaWxsX3RpbWVsaW5lX3ZvZC9EQjQyMzdCNTZDQTJCRkJGREMwOTg2MkUzREFENUFCNV92aWRlb19kYXNoaW5pdC5tcDQVAALIARIAFQIYOnBhc3N0aHJvdWdoX2V2ZXJzdG9yZS9HQnhyTWhmdmVucWN4c2dBQUxvb3dLdnIyNFFoYnBrd0FBQUYVAgLIARIAKAAYABsCiAd1c2Vfb2lsATEScHJvZ3Jlc3NpdmVfcmVjaXBlATEVAAAmzpuF_e3IlAEVAigCQzMsF0AoIcrAgxJvGBJkYXNoX2Jhc2VsaW5lXzFfdjERAHXqB2XEngEA&_nc_gid=CjFGgWY5cWHOKq9a-_Wu_Q&_nc_zt=28&oh=00_AfploCfKbC7egw2INhn4faCRHSIwckghXAQWaLxwP4DjFw&oe=6974D13C,6/7/2021 19:47,https://www.instagram.com/p/CP1oO6VhDSL,CP1oO6VhDSL
,,,,,
"#Repost @leticiag_silva with @make_repost

Vamos de #TBT do final de semana s para completar a fileira 
#Perfeio #Natureza",https://scontent-ord5-1.cdninstagram.com/v/t51.29350-15/198217951_268857138327800_6765438477840105252_n.jpg?stp=dst-jpg_e35_tt6&efg=eyJ2ZW5jb2RlX3RhZyI6IkZFRUQuaW1hZ2VfdXJsZ2VuLjE0NDB4MTQ0MC5zZHIuZjI5MzUwLmRlZmF1bHRfaW1hZ2UuYzIifQ&_nc_ht=scontent-ord5-1.cdninstagram.com&_nc_cat=108&_nc_oc=Q6cZ2QHjx1y6sJ-Kw4jS7On1XPcmYZw8WREafN676PfTTkO30_Q2ypoSlzeZAcXMHCj4dEs&_nc_ohc=Kxjoxp0LNd8Q7kNvwG6eD6o&_nc_gid=CjFGgWY5cWHOKq9a-_Wu_Q&edm=APoiHPcBAAAA&ccb=7-5&ig_cache_key=MjU5MDA2ODUyNDAyNjYwNzUyMA%3D%3D.3-ccb7-5&oh=00_AfrtdtDaDyKUWHwiwfWuyipfbA0O8x9mEHYr7DdyTfiL8w&oe=6978A593&_nc_sid=22de04,None,6/6/2021 7:50,https://www.instagram.com/p/CPxxZmOhreg,CPxxZmOhreg
,,,,,
"#Repost @caiosamoriim with @make_repost

Se voc quisesse conhecer um lugar como esse, voc estaria preparado ?

Pra chegar at a h um preo. E esse preo  uma trilha com percurso de 2 horas de caminhada e uma subida com direito a escalas por uma pedra.

Depois disso ainda tem a volta!

Eu sei que ao ver a minha foto, da muita vontade de conhecer.

Voc t preparado pra isso ?

Se no comece a se preocupar!

Comenta a quem anima subir aqui de novo comigo! ",https://scontent-ord5-2.cdninstagram.com/v/t51.29350-15/196738311_1550210888703725_6663456271877538470_n.jpg?stp=dst-jpg_e35_tt6&efg=eyJ2ZW5jb2RlX3RhZyI6IkZFRUQuaW1hZ2VfdXJsZ2VuLjE0NDB4MTQzOC5zZHIuZjI5MzUwLmRlZmF1bHRfaW1hZ2UuYzIifQ&_nc_ht=scontent-ord5-2.cdninstagram.com&_nc_cat=105&_nc_oc=Q6cZ2QHjx1y6sJ-Kw4jS7On1XPcmYZw8WREafN676PfTTkO30_Q2ypoSlzeZAcXMHCj4dEs&_nc_ohc=4HcWQHFdW7UQ7kNvwHmsD3u&_nc_gid=CjFGgWY5cWHOKq9a-_Wu_Q&edm=APoiHPcBAAAA&ccb=7-5&ig_cache_key=MjU5MDA0MzUxNTMwNDM1OTYxMQ%3D%3D.3-ccb7-5&oh=00_AfoBtpV0GOdpQKIAu6dbG6WJbr17w75fNThh-QpgVxKVyw&oe=6978C1B1&_nc_sid=22de04,None,6/6/2021 7:01,https://www.instagram.com/p/CPxrtrChTa7,CPxrtrChTa7
,,,,,
"#Repost @pinheirosdorocio with @make_repost

Tudo azul por aqui. #picodobone #pinheirosdorocio",https://scontent-ord5-2.cdninstagram.com/v/t51.29350-15/196106361_324222565765108_4283790132916510129_n.jpg?stp=dst-jpg_e35_tt6&efg=eyJ2ZW5jb2RlX3RhZyI6IkZFRUQuaW1hZ2VfdXJsZ2VuLjE0NDB4MTI5MC5zZHIuZjI5MzUwLmRlZmF1bHRfaW1hZ2UuYzIifQ&_nc_ht=scontent-ord5-2.cdninstagram.com&_nc_cat=104&_nc_oc=Q6cZ2QHjx1y6sJ-Kw4jS7On1XPcmYZw8WREafN676PfTTkO30_Q2ypoSlzeZAcXMHCj4dEs&_nc_ohc=9XUOV094rNcQ7kNvwEbopFN&_nc_gid=CjFGgWY5cWHOKq9a-_Wu_Q&edm=APoiHPcBAAAA&ccb=7-5&ig_cache_key=MjU4OTI4ODM2OTM2NDQzODU0NA%3D%3D.3-ccb7-5&oh=00_Afqj9m_3stSVR7ogjmN5HZcQdVNskGBpuYABAtdLQHK-yQ&oe=6978BB33&_nc_sid=22de04,None,6/5/2021 6:00,https://www.instagram.com/p/CPvAA2lBI4Q,CPvAA2lBI4Q
,,,,,
"#Repost @feliipe.moreiira with @make_repost

",https://scontent-ord5-1.cdninstagram.com/v/t51.29350-15/195332623_1199716707124316_5295556329849239515_n.jpg?stp=dst-jpg_e35_tt6&efg=eyJ2ZW5jb2RlX3RhZyI6IkZFRUQuaW1hZ2VfdXJsZ2VuLjE0NDB4MTA4MC5zZHIuZjI5MzUwLmRlZmF1bHRfaW1hZ2UuYzIifQ&_nc_ht=scontent-ord5-1.cdninstagram.com&_nc_cat=108&_nc_oc=Q6cZ2QFmmrgffW49DSMh4AKF5SHYtWhS8VZVZx4GkO4CoTtH-BVRljk1XmbZSoD_qFrKx7w&_nc_ohc=Q1ShyxCCfzUQ7kNvwEbL7Ho&_nc_gid=RMpcn_gtgivVRGpmlm59xQ&edm=APoiHPcBAAAA&ccb=7-5&ig_cache_key=MjU4ODU5NDQ2MTY1NTY2ODIyMQ%3D%3D.3-ccb7-5&oh=00_AfrkZ2HH1Z5-td6d8If8qjI4CTXCLWESnLjaCZpL8gkkCA&oe=6978C74E&_nc_sid=22de04,None,6/4/2021 7:02,https://www.instagram.com/p/CPsiPKqh5X9,CPsiPKqh5X9
,,,,,
"#Repost @arthurmiranda_ofc with @make_repost

Eu tenho uma terapeuta. Ela se chama Natureza.

#vadebike",https://scontent-ord5-1.cdninstagram.com/v/t51.29350-15/196049043_117386757202592_3035873857664097684_n.jpg?stp=dst-jpg_e35_tt6&efg=eyJ2ZW5jb2RlX3RhZyI6IkZFRUQuaW1hZ2VfdXJsZ2VuLjE0NDB4MTQ3NS5zZHIuZjI5MzUwLmRlZmF1bHRfaW1hZ2UuYzIifQ&_nc_ht=scontent-ord5-1.cdninstagram.com&_nc_cat=108&_nc_oc=Q6cZ2QFmmrgffW49DSMh4AKF5SHYtWhS8VZVZx4GkO4CoTtH-BVRljk1XmbZSoD_qFrKx7w&_nc_ohc=1zwr-B4oHPoQ7kNvwGauBsT&_nc_gid=RMpcn_gtgivVRGpmlm59xQ&edm=APoiHPcBAAAA&ccb=7-5&ig_cache_key=MjU4ODU2ODYwMTMxMzQ3MzcwMg%3D%3D.3-ccb7-5&oh=00_AfqYAGBT4zMaJUdWT4zkRew8BpsHxiBcuAr4Hz4WQHk8YA&oe=6978C732&_nc_sid=22de04,None,6/4/2021 6:10,https://www.instagram.com/p/CPscW2WBPSm,CPscW2WBPSm
,,,,,
#Repost @lobo_dasmontanhas with @make_repost,https://scontent-ord5-2.cdninstagram.com/v/t51.71878-15/529655605_1102140724596947_480920764208433181_n.jpg?stp=dst-jpg_e15_tt6&_nc_cat=103&ig_cache_key=MjU4ODMwNzQ0NjA3ODY4NjkzOA%3D%3D.3-ccb7-5&ccb=7-5&_nc_sid=58cdad&efg=eyJ2ZW5jb2RlX3RhZyI6InhwaWRzLjY0MHg4MDAuc2RyLkMzIn0%3D&_nc_ohc=LvA8c8qcnOsQ7kNvwHz0hwi&_nc_oc=Adm1YxYT5EDv6UNmpXxwr8yJDWjS0dcApxgbM6ZDvXMFfgshf25Eiokx3ANpJdiLN6g&_nc_ad=z-m&_nc_cid=0&_nc_zt=23&_nc_ht=scontent-ord5-2.cdninstagram.com&_nc_gid=RMpcn_gtgivVRGpmlm59xQ&oh=00_Afrjyk_47nI-ouCaCHqRr04d6qlIVsuQ6-zRgNSZnQ7DPQ&oe=69789D53,https://scontent-ord5-2.cdninstagram.com/o1/v/t16/f2/m84/AQP-9v3iogCgYwd3yjg9NWgfe72bLERpIfl-sjykYTp3ClpgXQwmS3W6XQrvxLjSzWnLJMqb5_lfUAQlyhlGUxZBKaghSKPOcsCR6HA.mp4?_nc_cat=104&_nc_sid=5e9851&_nc_ht=scontent-ord5-2.cdninstagram.com&_nc_ohc=Cn9niYQI9ZoQ7kNvwECGpec&efg=eyJ2ZW5jb2RlX3RhZyI6Inhwdl9wcm9ncmVzc2l2ZS5JTlNUQUdSQU0uRkVFRC5DMy42NDAuZGFzaF9iYXNlbGluZV8xX3YxIiwieHB2X2Fzc2V0X2lkIjo3MTAzNzYyMjA0NDAwNjgsImFzc2V0X2FnZV9kYXlzIjoxNjk0LCJ2aV91c2VjYXNlX2lkIjoxMDE0NiwiZHVyYXRpb25fcyI6MTEsInVybGdlbl9zb3VyY2UiOiJ3d3cifQ%3D%3D&ccb=17-1&vs=bd19f97ed87dbea3&_nc_vs=HBkcFQIYTGlnX2JhY2tmaWxsX3RpbWVsaW5lX3ZvZC9COTQyRTNEODQwMjQyNDFGRDFDM0U4RDhFNEFDQkVBMV92aWRlb19kYXNoaW5pdC5tcDQVAALIARIAKAAYABsCiAd1c2Vfb2lsATEScHJvZ3Jlc3NpdmVfcmVjaXBlATEVAAAmiNi1pKuFwwIVAigCQzMsF0AmEOVgQYk3GBJkYXNoX2Jhc2VsaW5lXzFfdjERAHXqB2XEngEA&_nc_gid=RMpcn_gtgivVRGpmlm59xQ&_nc_zt=28&oh=00_AfoqYBdAhi8Mdjo88SmQAtyh_K7tO-VkFwk46ISdgR3ZIw&oe=6974A654,6/3/2021 21:32,https://www.instagram.com/p/CPrg-ilBMba,CPrg-ilBMba
,,,,,
"#Repost @gustavorocha1823 with @make_repost

@lidianef.teixeira ",https://scontent-ord5-3.cdninstagram.com/v/t51.29350-15/195026823_496051358317258_4474935037854152154_n.jpg?stp=dst-jpg_e35_tt6&efg=eyJ2ZW5jb2RlX3RhZyI6IkZFRUQuaW1hZ2VfdXJsZ2VuLjE0NDB4MTQ0MC5zZHIuZjI5MzUwLmRlZmF1bHRfaW1hZ2UuYzIifQ&_nc_ht=scontent-ord5-3.cdninstagram.com&_nc_cat=110&_nc_oc=Q6cZ2QFmmrgffW49DSMh4AKF5SHYtWhS8VZVZx4GkO4CoTtH-BVRljk1XmbZSoD_qFrKx7w&_nc_ohc=g_h67rGK0LIQ7kNvwHbtMk7&_nc_gid=RMpcn_gtgivVRGpmlm59xQ&edm=APoiHPcBAAAA&ccb=7-5&ig_cache_key=MjU4Nzg5OTUwODcxNzczMDY5NA%3D%3D.3-ccb7-5&oh=00_AfrevHbssucmeG52CO22NIgqVNFYnGkCkjov1YrMWBSEdw&oe=6978B2C5&_nc_sid=22de04,None,6/3/2021 8:01,https://www.instagram.com/p/CPqEORThzuG,CPqEORThzuG
,,,,,
"#Repost @jaumt with @make_repost

 um imenso prazer poder falar que no sou amigo de nenhum de vocs ",https://scontent-ord5-2.cdninstagram.com/v/t51.29350-15/194330173_117889327151690_5311904655289696445_n.jpg?stp=dst-jpg_e35_tt6&efg=eyJ2ZW5jb2RlX3RhZyI6IkZFRUQuaW1hZ2VfdXJsZ2VuLjE0NDB4MTc5MC5zZHIuZjI5MzUwLmRlZmF1bHRfaW1hZ2UuYzIifQ&_nc_ht=scontent-ord5-2.cdninstagram.com&_nc_cat=102&_nc_oc=Q6cZ2QFmmrgffW49DSMh4AKF5SHYtWhS8VZVZx4GkO4CoTtH-BVRljk1XmbZSoD_qFrKx7w&_nc_ohc=40BOQ9kqGIUQ7kNvwHXJCYq&_nc_gid=RMpcn_gtgivVRGpmlm59xQ&edm=APoiHPcBAAAA&ccb=7-5&ig_cache_key=MjU4Njc0MTYwMTk2NzgwNjEyNQ%3D%3D.3-ccb7-5&oh=00_Afp6-VW9M0Vi7iYbd6fmF7kKwNXuWdgXqrj3fLIQRtwTmg&oe=6978B595&_nc_sid=22de04,None,6/1/2021 17:40,https://www.instagram.com/p/CPl88gnBBat,CPl88gnBBat
,,,,,
"#Repost @alyssonmeireles with @make_repost

A vida  uma s, ento agradea a Deus por tudo e viva intensamente. ",https://scontent-ord5-3.cdninstagram.com/v/t51.29350-15/194962283_3962214770531925_6353362071545341549_n.jpg?stp=dst-jpg_e35_tt6&efg=eyJ2ZW5jb2RlX3RhZyI6IkZFRUQuaW1hZ2VfdXJsZ2VuLjE0NDB4MTQ0MC5zZHIuZjI5MzUwLmRlZmF1bHRfaW1hZ2UuYzIifQ&_nc_ht=scontent-ord5-3.cdninstagram.com&_nc_cat=109&_nc_oc=Q6cZ2QFmmrgffW49DSMh4AKF5SHYtWhS8VZVZx4GkO4CoTtH-BVRljk1XmbZSoD_qFrKx7w&_nc_ohc=rol4l19M60oQ7kNvwEta6ZS&_nc_gid=RMpcn_gtgivVRGpmlm59xQ&edm=APoiHPcBAAAA&ccb=7-5&ig_cache_key=MjU4NjQ1Mzg2Nzg4MTU5MzIwOQ%3D%3D.3-ccb7-5&oh=00_AfqVIxGVU464XXIZpWekSbg3r31H6jo8eBIpj_NMEgE39A&oe=6978A367&_nc_sid=22de04,None,6/1/2021 8:09,https://www.instagram.com/p/CPk7hbXBHl5,CPk7hbXBHl5
,,,,,
"#Repost @vale_das_luas with @make_repost

Cachoeira do paredo. 
#Repost @nandes.karina
     
Alimente sua alma das necessidades do seu corao! Encha seu esprito com o que te faz vibrar! Sinta a conexo homem/natureza! Seja luz e emane amor! Viva o verde! Seja voc! Voc no faz parte do todo, voc  o todo! Ahow 
.
.
Cachoeira do Paredo - Parque Estadual da Serra do Brigadeiro - Araponga/ MG  - 5,2 km ida e volta .

Acesso apenas  possvel pela @pousada_vale_das_luas
.
.
#carnamato #2019 #mostreseuclick #mostreseumundo #essemundoenosso #vidaoutdoor #vivaoverde",https://scontent-ord5-3.cdninstagram.com/v/t51.29350-15/192051184_192234989320065_5174060367402745748_n.jpg?stp=dst-jpg_e35_tt6&efg=eyJ2ZW5jb2RlX3RhZyI6IkZFRUQuaW1hZ2VfdXJsZ2VuLjE0NDB4MTA4MC5zZHIuZjI5MzUwLmRlZmF1bHRfaW1hZ2UuYzIifQ&_nc_ht=scontent-ord5-3.cdninstagram.com&_nc_cat=109&_nc_oc=Q6cZ2QFmmrgffW49DSMh4AKF5SHYtWhS8VZVZx4GkO4CoTtH-BVRljk1XmbZSoD_qFrKx7w&_nc_ohc=jk0iYdvSafAQ7kNvwHQ9xj-&_nc_gid=RMpcn_gtgivVRGpmlm59xQ&edm=APoiHPcBAAAA&ccb=7-5&ig_cache_key=MjU4MzkyODc1NDU1MjQ0MjgyNQ%3D%3D.3-ccb7-5&oh=00_AfpfOlaC-HxZsbvhDhzAF69wZOt2XS14VGo9SAaJEAyGiw&oe=6978BC0D&_nc_sid=22de04,None,5/28/2021 20:32,https://www.instagram.com/p/CPb9YMUBA_J,CPb9YMUBA_J
,,,,,
"#Repost @thomasoliveira91 with @make_repost

Oh Minas Gerais, tuas terras que so altaneiras, o seu cu  do puro anil  Pico do Bon! Que lugar maravilhoso. Obrigado, meu Deus #gopro #serradobrigadeiro #picodobone",https://scontent-ord5-3.cdninstagram.com/v/t51.29350-15/192874685_480691486375342_7722816770687218108_n.jpg?stp=dst-jpg_e35_tt6&efg=eyJ2ZW5jb2RlX3RhZyI6IkZFRUQuaW1hZ2VfdXJsZ2VuLjE0NDB4MTA4MC5zZHIuZjI5MzUwLmRlZmF1bHRfaW1hZ2UuYzIifQ&_nc_ht=scontent-ord5-3.cdninstagram.com&_nc_cat=110&_nc_oc=Q6cZ2QFmmrgffW49DSMh4AKF5SHYtWhS8VZVZx4GkO4CoTtH-BVRljk1XmbZSoD_qFrKx7w&_nc_ohc=V3WFzYQnWc0Q7kNvwGNTnBz&_nc_gid=RMpcn_gtgivVRGpmlm59xQ&edm=APoiHPcBAAAA&ccb=7-5&ig_cache_key=MjU4Mzg2MDk2MTA5NDM2OTA1Nw%3D%3D.3-ccb7-5&oh=00_Afr227eQqK67eoH0qsYty8XPS0bVcaDL1Ax8dM6-5HgKJQ&oe=6978AFB7&_nc_sid=22de04,None,5/28/2021 18:17,https://www.instagram.com/p/CPbt9qvB38h,CPbt9qvB38h
,,,,,
"#Repost @samuelsingulano with @make_repost

Pico do Bon, Araponga MG",https://scontent-ord5-2.cdninstagram.com/v/t51.29350-15/192705227_516798502852516_634251433742566071_n.jpg?stp=dst-jpg_e35_tt6&efg=eyJ2ZW5jb2RlX3RhZyI6IkZFRUQuaW1hZ2VfdXJsZ2VuLjE0NDB4MTA4MC5zZHIuZjI5MzUwLmRlZmF1bHRfaW1hZ2UuYzIifQ&_nc_ht=scontent-ord5-2.cdninstagram.com&_nc_cat=104&_nc_oc=Q6cZ2QFmmrgffW49DSMh4AKF5SHYtWhS8VZVZx4GkO4CoTtH-BVRljk1XmbZSoD_qFrKx7w&_nc_ohc=JAAYREyMWx8Q7kNvwG92NoO&_nc_gid=RMpcn_gtgivVRGpmlm59xQ&edm=APoiHPcBAAAA&ccb=7-5&ig_cache_key=MjU4MzE5MDcwMjkxODE4MzY2OQ%3D%3D.3-ccb7-5&oh=00_AfpQPaV1605giOeOLGeYYk8E_0sJjD0bI_lmC0x4cR42vg&oe=6978BE7C&_nc_sid=22de04,None,5/27/2021 20:05,https://www.instagram.com/p/CPZVkIKh6r1,CPZVkIKh6r1
,,,,,
"#Repost @ingrid.aamaral with @make_repost

J que hoje  dia de #tbt ! Lembrana desse lugar incrvel ! Mais um pra conta 

#picodobone #superao #aventura #araponga @picodobone.oficial",https://scontent-ord5-3.cdninstagram.com/v/t51.29350-15/191740448_747236239275444_3480216811487263459_n.jpg?stp=dst-jpg_e35_tt6&efg=eyJ2ZW5jb2RlX3RhZyI6IkZFRUQuaW1hZ2VfdXJsZ2VuLjE0NDB4MTgwMC5zZHIuZjI5MzUwLmRlZmF1bHRfaW1hZ2UuYzIifQ&_nc_ht=scontent-ord5-3.cdninstagram.com&_nc_cat=100&_nc_oc=Q6cZ2QFmmrgffW49DSMh4AKF5SHYtWhS8VZVZx4GkO4CoTtH-BVRljk1XmbZSoD_qFrKx7w&_nc_ohc=dk02lb582TIQ7kNvwGP4kGl&_nc_gid=RMpcn_gtgivVRGpmlm59xQ&edm=APoiHPcBAAAA&ccb=7-5&ig_cache_key=MjU4MzA4NDg1ODY5MTk0OTg2Ng%3D%3D.3-ccb7-5&oh=00_AfopPv29BIv_riPxomYVOYLe-ghDitlADzCKF0gFW5dEfw&oe=6978C674&_nc_sid=22de04,None,5/27/2021 16:35,https://www.instagram.com/p/CPY9f5DBhUq,CPY9f5DBhUq
,,,,,
"#Repost @limiteadventure with @make_repost

Nova Bandeira da Limite Adventure.
.
BANDEIRO LA
.
#bandeiraola
.
.
Aproveite cada minuto fazendo o que gosta e o que  saudvel, porque o tempo no voltao que volta  a vontade de voltar no tempo
.
.
 Pico do Bon.
 1800m.
 Araponga - MG.
.
.
@limiteadventure
.
.
.
#limiteadventure #bandeiraola #picodobone #trekking #pousadaremanso #emfrentetw #bandeira #melocalizaa #trail",https://scontent-ord5-3.cdninstagram.com/v/t51.29350-15/191772854_217684236606606_5354942795334132753_n.jpg?stp=dst-jpg_e35_tt6&efg=eyJ2ZW5jb2RlX3RhZyI6IkZFRUQuaW1hZ2VfdXJsZ2VuLjE0NDB4MTgwMC5zZHIuZjI5MzUwLmRlZmF1bHRfaW1hZ2UuYzIifQ&_nc_ht=scontent-ord5-3.cdninstagram.com&_nc_cat=106&_nc_oc=Q6cZ2QGIWBE_lQ5P3Vwyxy4CaJ7vUY4nIigJickHGsuvCI19XldJ31QL7S5XYzcyLZdsgmA&_nc_ohc=Nu0nskjPfr8Q7kNvwEaTonI&_nc_gid=nlioBycm6XoqAFgcRTPZAA&edm=APoiHPcBAAAA&ccb=7-5&ig_cache_key=MjU4Mjk3NzA3NzEyNTIxMjMyMQ%3D%3D.3-ccb7-5&oh=00_AfrAC1m_9QDD_4FZp-Z5K48IgxyYSohwfFkKXmNwJs1R3Q&oe=6978A058&_nc_sid=22de04,None,5/27/2021 13:01,https://www.instagram.com/p/CPYk_dpBmih,CPYk_dpBmih
,,,,,
"#Repost @danifontes.personal with @make_repost

Domingando  

Pico do bon - Araponga 
@picodobone.oficial",https://scontent-ord5-2.cdninstagram.com/v/t51.29350-15/191161359_2953683841578832_5234420836012767611_n.jpg?stp=dst-jpg_e35_tt6&efg=eyJ2ZW5jb2RlX3RhZyI6IkZFRUQuaW1hZ2VfdXJsZ2VuLjE0NDB4MTgwMC5zZHIuZjI5MzUwLmRlZmF1bHRfaW1hZ2UuYzIifQ&_nc_ht=scontent-ord5-2.cdninstagram.com&_nc_cat=104&_nc_oc=Q6cZ2QGIWBE_lQ5P3Vwyxy4CaJ7vUY4nIigJickHGsuvCI19XldJ31QL7S5XYzcyLZdsgmA&_nc_ohc=CvT-ywQOtIIQ7kNvwH1Njqt&_nc_gid=nlioBycm6XoqAFgcRTPZAA&edm=APoiHPcBAAAA&ccb=7-5&ig_cache_key=MjU4MjQ5MDc3OTIyNjU5MTU0MA%3D%3D.3-ccb7-5&oh=00_AfoN284VXuIcLpxkEmPhHfMfIEhSeugsBIdauXZbVjzPOg&oe=6978C1E0&_nc_sid=22de04,None,5/26/2021 20:55,https://www.instagram.com/p/CPW2a5bhdE0,CPW2a5bhdE0
,,,,,
"#Repost @leidy_ilma with @make_repost

Registros de um fim de semana lindo

#cachoeirapousadaremanso
#remanso #fazendaremanso #picodobone #Araponga",https://scontent-ord5-1.cdninstagram.com/v/t51.29350-15/191630057_820610318894113_5198176303950585220_n.jpg?stp=dst-jpg_e35_tt6&efg=eyJ2ZW5jb2RlX3RhZyI6IkZFRUQuaW1hZ2VfdXJsZ2VuLjE0NDB4MTQ0MC5zZHIuZjI5MzUwLmRlZmF1bHRfaW1hZ2UuYzIifQ&_nc_ht=scontent-ord5-1.cdninstagram.com&_nc_cat=101&_nc_oc=Q6cZ2QGIWBE_lQ5P3Vwyxy4CaJ7vUY4nIigJickHGsuvCI19XldJ31QL7S5XYzcyLZdsgmA&_nc_ohc=hFxwhMm95sgQ7kNvwFa8KeG&_nc_gid=nlioBycm6XoqAFgcRTPZAA&edm=APoiHPcBAAAA&ccb=7-5&ig_cache_key=MjU4MjQxNDA3NTg5MjI1OTEyOQ%3D%3D.3-ccb7-5&oh=00_Afpe4y1fBJwA-LamexEp_ZN1cOPrCSuOsAZaxxc_n3JECw&oe=6978C0C9&_nc_sid=22de04,None,5/26/2021 18:22,https://www.instagram.com/p/CPWk-t4htk5,CPWk-t4htk5
,,,,,
"#Repost @le_maldonado with @make_repost

Melhor companhia desse mundao ",https://scontent-ord5-1.cdninstagram.com/v/t51.29350-15/191079177_907546193138315_6626966329022385715_n.jpg?stp=dst-jpg_e35_tt6&efg=eyJ2ZW5jb2RlX3RhZyI6IkZFRUQuaW1hZ2VfdXJsZ2VuLjE0NDB4MTA4MC5zZHIuZjI5MzUwLmRlZmF1bHRfaW1hZ2UuYzIifQ&_nc_ht=scontent-ord5-1.cdninstagram.com&_nc_cat=111&_nc_oc=Q6cZ2QGIWBE_lQ5P3Vwyxy4CaJ7vUY4nIigJickHGsuvCI19XldJ31QL7S5XYzcyLZdsgmA&_nc_ohc=t3xcDruY134Q7kNvwE1GrA7&_nc_gid=nlioBycm6XoqAFgcRTPZAA&edm=APoiHPcBAAAA&ccb=7-5&ig_cache_key=MjU4MjAzNjYzNTE2NDUzMzE2Mg%3D%3D.3-ccb7-5&oh=00_Afp9xSm9QIMNvoE4XuNBSu1IcdyRzjXVKOan_JD9hYZNrQ&oe=6978B823&_nc_sid=22de04,None,5/26/2021 5:52,https://www.instagram.com/p/CPVPKO0BuGq,CPVPKO0BuGq
,,,,,
Chals nas montanhas @vale_das_luas ,https://scontent-ord5-1.cdninstagram.com/v/t51.29350-15/191948217_2950261151890477_7762099741719853774_n.jpg?stp=dst-jpg_e35_tt6&efg=eyJ2ZW5jb2RlX3RhZyI6IkZFRUQuaW1hZ2VfdXJsZ2VuLjE0NDB4MTQ0MC5zZHIuZjI5MzUwLmRlZmF1bHRfaW1hZ2UuYzIifQ&_nc_ht=scontent-ord5-1.cdninstagram.com&_nc_cat=101&_nc_oc=Q6cZ2QGIWBE_lQ5P3Vwyxy4CaJ7vUY4nIigJickHGsuvCI19XldJ31QL7S5XYzcyLZdsgmA&_nc_ohc=W9d5gREXVjEQ7kNvwHsi_0d&_nc_gid=nlioBycm6XoqAFgcRTPZAA&edm=APoiHPcBAAAA&ccb=7-5&ig_cache_key=MjU4MTYzMTU5MTc1NTc2MDM5Ng%3D%3D.3-ccb7-5&oh=00_AfoxLEDoxC5E-QRNypwBXIegGDgkspU_OhrpowphzzchVA&oe=69789F58&_nc_sid=22de04,None,5/25/2021 16:28,https://www.instagram.com/p/CPTzEEvh0MM,CPTzEEvh0MM
,,,,,
"#Repost @irenemirandar with @make_repost

Acampamento de superao de limites e histrias para contar ",https://scontent-ord5-1.cdninstagram.com/v/t51.29350-15/190383725_808887516428375_8682933546758798898_n.jpg?stp=dst-jpg_e35_tt6&efg=eyJ2ZW5jb2RlX3RhZyI6IkZFRUQuaW1hZ2VfdXJsZ2VuLjE0NDB4MTgwMC5zZHIuZjI5MzUwLmRlZmF1bHRfaW1hZ2UuYzIifQ&_nc_ht=scontent-ord5-1.cdninstagram.com&_nc_cat=111&_nc_oc=Q6cZ2QGIWBE_lQ5P3Vwyxy4CaJ7vUY4nIigJickHGsuvCI19XldJ31QL7S5XYzcyLZdsgmA&_nc_ohc=aMCJFDI2m7AQ7kNvwHCEDZS&_nc_gid=nlioBycm6XoqAFgcRTPZAA&edm=APoiHPcBAAAA&ccb=7-5&ig_cache_key=MjU4MTMwNzc5NzgyMDQwNDkwMA%3D%3D.3-ccb7-5&oh=00_Afpg_KmnAbwcgWc3WPOPwQKOLDncDIRWoglENY3w3MvLfw&oe=6978B339&_nc_sid=22de04,None,5/25/2021 5:44,https://www.instagram.com/p/CPSpcQJB_Sk,CPSpcQJB_Sk
,,,,,
"#Repost @thalesclaussen with @make_repost

Minha melhor companhia.",https://scontent-ord5-2.cdninstagram.com/v/t51.29350-15/190930852_1483860691958391_3185863351514265213_n.jpg?stp=dst-jpg_e35_tt6&efg=eyJ2ZW5jb2RlX3RhZyI6IkZFRUQuaW1hZ2VfdXJsZ2VuLjE0NDB4MTA4MC5zZHIuZjI5MzUwLmRlZmF1bHRfaW1hZ2UuYzIifQ&_nc_ht=scontent-ord5-2.cdninstagram.com&_nc_cat=103&_nc_oc=Q6cZ2QGIWBE_lQ5P3Vwyxy4CaJ7vUY4nIigJickHGsuvCI19XldJ31QL7S5XYzcyLZdsgmA&_nc_ohc=QVbaQpXiHEIQ7kNvwGusvt_&_nc_gid=nlioBycm6XoqAFgcRTPZAA&edm=APoiHPcBAAAA&ccb=7-5&ig_cache_key=MjU4MTAyMTI1MzMzOTM5Nzk0OA%3D%3D.3-ccb7-5&oh=00_AfrZx_8lhLaHHHwVgNpCWndTcy3x83DOKbqWq-CqqnoeUw&oe=6978AC0A&_nc_sid=22de04,None,5/24/2021 20:15,https://www.instagram.com/p/CPRoSezBz88,CPRoSezBz88
,,,,,
"#Repost @leticiag_silva with @make_repost

Deuso  perfeito demais, nunca erra  
.
.
.
.
.
#DiaBom 
#PicodoBone
#Natureza
 #DeusePerfeito
 #Amizade
  #Nuncamaiseuvolto",https://scontent-ord5-1.cdninstagram.com/v/t51.29350-15/190314702_397992627940177_1998650839570019927_n.jpg?stp=dst-jpg_e35_tt6&efg=eyJ2ZW5jb2RlX3RhZyI6IkZFRUQuaW1hZ2VfdXJsZ2VuLjE0NDB4MTgwMC5zZHIuZjI5MzUwLmRlZmF1bHRfaW1hZ2UuYzIifQ&_nc_ht=scontent-ord5-1.cdninstagram.com&_nc_cat=101&_nc_oc=Q6cZ2QGIWBE_lQ5P3Vwyxy4CaJ7vUY4nIigJickHGsuvCI19XldJ31QL7S5XYzcyLZdsgmA&_nc_ohc=kDyrNEj5SZgQ7kNvwEX7_4w&_nc_gid=nlioBycm6XoqAFgcRTPZAA&edm=APoiHPcBAAAA&ccb=7-5&ig_cache_key=MjU4MDgyMDUyNzY4MjA2NTc1Ng%3D%3D.3-ccb7-5&oh=00_AfrEarTrvYo-I3Za7J2sdg2ibR52gGPaAdAaeyrigTa9AQ&oe=6978A8AC&_nc_sid=22de04,None,5/24/2021 13:36,https://www.instagram.com/p/CPQ6pidhpVc,CPQ6pidhpVc
,,,,,
"#Repost @luizasampaioss with @make_repost

Surra de foto desse dia inexplicvel 

@gabrielamodass vestido guerreiro kkk",https://scontent-ord5-2.cdninstagram.com/v/t51.29350-15/189762099_200138845166693_6878012749072523474_n.jpg?stp=dst-jpg_e35_tt6&efg=eyJ2ZW5jb2RlX3RhZyI6IkZFRUQuaW1hZ2VfdXJsZ2VuLjE0NDB4MTgwMC5zZHIuZjI5MzUwLmRlZmF1bHRfaW1hZ2UuYzIifQ&_nc_ht=scontent-ord5-2.cdninstagram.com&_nc_cat=105&_nc_oc=Q6cZ2QGIWBE_lQ5P3Vwyxy4CaJ7vUY4nIigJickHGsuvCI19XldJ31QL7S5XYzcyLZdsgmA&_nc_ohc=IR2iDLO7VUYQ7kNvwFvQlWH&_nc_gid=nlioBycm6XoqAFgcRTPZAA&edm=APoiHPcBAAAA&ccb=7-5&ig_cache_key=MjU4MDI2MTI4ODcxNDUzNzU3NQ%3D%3D.3-ccb7-5&oh=00_AfrVPXvuV1yEXRX0ah99An8LJETH6iZt76nQ_23QonQhGA&oe=6978C0F5&_nc_sid=22de04,None,5/23/2021 19:05,https://www.instagram.com/p/CPO7filhYpn,CPO7filhYpn
,,,,,
"#Repost @wandersonstampini with @make_repost

Faa cada aventura de sua vida valer a pena.
.
.
.
.
.
#picodobone #aventura #montanhas #pordosol #nascerdosol #neblina #natureza #adrenalina",https://scontent-ord5-3.cdninstagram.com/v/t51.29350-15/190187984_755278005107878_8513166619334226967_n.jpg?stp=dst-jpg_e35_tt6&efg=eyJ2ZW5jb2RlX3RhZyI6IkZFRUQuaW1hZ2VfdXJsZ2VuLjE0NDB4MTQ0MC5zZHIuZjI5MzUwLmRlZmF1bHRfaW1hZ2UuYzIifQ&_nc_ht=scontent-ord5-3.cdninstagram.com&_nc_cat=110&_nc_oc=Q6cZ2QGIWBE_lQ5P3Vwyxy4CaJ7vUY4nIigJickHGsuvCI19XldJ31QL7S5XYzcyLZdsgmA&_nc_ohc=rjvwsGVJQ3wQ7kNvwEW6-6-&_nc_gid=nlioBycm6XoqAFgcRTPZAA&edm=APoiHPcBAAAA&ccb=7-5&ig_cache_key=MjU4MDI1NjU0OTgzMDQ0NzU1OQ%3D%3D.3-ccb7-5&oh=00_AfrXeoaGjVebomvV2BHodEZs96XxiBMPxA208jhhmu20Sg&oe=6978A06D&_nc_sid=22de04,None,5/23/2021 18:56,https://www.instagram.com/p/CPO6alKBNHH,CPO6alKBNHH
,,,,,
"#Repost @wallacejs_costa with @make_repost

Viver para algum que me ama e dividir
Sempre.
.
.
#picodobone #aventura #minasgerais #trilhasdeminas #natureza #trilha #trailrunning #trailrun #trilheirosdobrasil #tripsnobrasil #trekinglovers #trekkingbrasil #trekkinlovers",https://scontent-ord5-3.cdninstagram.com/v/t51.29350-15/190013961_194551415869428_6473400387324829754_n.jpg?stp=dst-jpg_e35_tt6&efg=eyJ2ZW5jb2RlX3RhZyI6IkZFRUQuaW1hZ2VfdXJsZ2VuLjE0NDB4MTgwMC5zZHIuZjI5MzUwLmRlZmF1bHRfaW1hZ2UuYzIifQ&_nc_ht=scontent-ord5-3.cdninstagram.com&_nc_cat=100&_nc_oc=Q6cZ2QE2Qu3bnDK1M9KoxF9Il6PWLcBTVeBc09uKj_gQRNluz8Dfk-9V9uG545ysBdICMEc&_nc_ohc=BtG9wUDXNx8Q7kNvwEPFIFc&_nc_gid=1ZUy1UgfM6XxBAkmyLRj_Q&edm=APoiHPcBAAAA&ccb=7-5&ig_cache_key=MjU4MDI0MzEwOTAyMzkwMDI1Mw%3D%3D.3-ccb7-5&oh=00_Afq59YwVQk-rUSparWLhQoYOwSQGWfCcVMwUd6fVJNYPFA&oe=6978B133&_nc_sid=22de04,None,5/23/2021 18:29,https://www.instagram.com/p/CPO3W_bhOJd,CPO3W_bhOJd
,,,,,
,https://scontent-ord5-1.cdninstagram.com/v/t51.71878-15/494295023_1430436548367512_2614519448660266167_n.jpg?stp=dst-jpg_e15_tt6&_nc_cat=101&ig_cache_key=MjU4MDI0MTg0MjE0MjczOTExMA%3D%3D.3-ccb7-5&ccb=7-5&_nc_sid=58cdad&efg=eyJ2ZW5jb2RlX3RhZyI6InhwaWRzLjQ4MHg4NTQuc2RyLkMzIn0%3D&_nc_ohc=5FTpxw_sx2sQ7kNvwGzqa4q&_nc_oc=AdmnFGAq8WDM5UAQvQc1EwqQ1vGMdDi_k3QsMpu42Air3WTi2ac8pNDmAZpWNDCDfrc&_nc_ad=z-m&_nc_cid=0&_nc_zt=23&_nc_ht=scontent-ord5-1.cdninstagram.com&_nc_gid=1ZUy1UgfM6XxBAkmyLRj_Q&oh=00_AfrPv-Y5Ceu8B7T8wSYwvbRm__C-js8b_7If8eId6wiaVg&oe=6978B137,https://scontent-ord5-2.cdninstagram.com/o1/v/t2/f2/m86/AQOlR0AZHRE1ms_Ri8h1OWWf92WCwooiYFJON3HghYq13TwX4QMIFxJlklrwbHZ-juSGZ-W7qfiuRYLYKF9bYBbEK7GKczCH-KiwiUE.mp4?_nc_cat=102&_nc_sid=5e9851&_nc_ht=scontent-ord5-2.cdninstagram.com&_nc_ohc=1gSyj0vHXzoQ7kNvwGWy6T0&efg=eyJ2ZW5jb2RlX3RhZyI6Inhwdl9wcm9ncmVzc2l2ZS5JTlNUQUdSQU0uQ0xJUFMuQzMuNDgwLmRhc2hfYmFzZWxpbmVfMV92MSIsInhwdl9hc3NldF9pZCI6NTE2Mjg0NDc5NzgyNzI4LCJhc3NldF9hZ2VfZGF5cyI6MTcwNSwidmlfdXNlY2FzZV9pZCI6MTAwOTksImR1cmF0aW9uX3MiOjMwLCJ1cmxnZW5fc291cmNlIjoid3d3In0%3D&ccb=17-1&_nc_gid=1ZUy1UgfM6XxBAkmyLRj_Q&_nc_zt=28&vs=99f3ce548af402e7&_nc_vs=HBksFQIYUmlnX3hwdl9yZWVsc19wZXJtYW5lbnRfc3JfcHJvZC82MjQ4MjJGNDlBNjkyNDU5OEY4OEU4ODY0NjA2RDY4OF92aWRlb19kYXNoaW5pdC5tcDQVAALIARIAFQIYOnBhc3N0aHJvdWdoX2V2ZXJzdG9yZS9HRWw5WVF0Tko5bkt3OU1BQVAzY0p5QVZ6ZXdsYnFfRUFBQUYVAgLIARIAKAAYABsCiAd1c2Vfb2lsATEScHJvZ3Jlc3NpdmVfcmVjaXBlATEVAAAmkP2pkNvj6gEVAigCQzMsF0A-AAAAAAAAGBJkYXNoX2Jhc2VsaW5lXzFfdjERAHX-B2XmnQEA&oh=00_Afr8dQxsN1hMmsm7sxvAyugSKRmpNMKqX-U1SiEoQYCRFg&oe=6974D067,5/23/2021 18:27,https://www.instagram.com/p/CPO3EjjhHqm,CPO3EjjhHqm
,,,,,
"#Repost @leidy_ilma with @make_repost

",https://scontent-ord5-3.cdninstagram.com/v/t51.29350-15/190435790_489882595591027_1546208932717204913_n.jpg?stp=dst-jpg_e35_tt6&efg=eyJ2ZW5jb2RlX3RhZyI6IkZFRUQuaW1hZ2VfdXJsZ2VuLjE0NDB4MTgwMC5zZHIuZjI5MzUwLmRlZmF1bHRfaW1hZ2UuYzIifQ&_nc_ht=scontent-ord5-3.cdninstagram.com&_nc_cat=107&_nc_oc=Q6cZ2QE2Qu3bnDK1M9KoxF9Il6PWLcBTVeBc09uKj_gQRNluz8Dfk-9V9uG545ysBdICMEc&_nc_ohc=z9PJvLHus8gQ7kNvwH4Ivad&_nc_gid=1ZUy1UgfM6XxBAkmyLRj_Q&edm=APoiHPcBAAAA&ccb=7-5&ig_cache_key=MjU3OTEyNDc5MDQ4MTA4MzQ5OQ%3D%3D.3-ccb7-5&oh=00_Afq0JVUJRWkrkAWKSYhoybJ73BxLx-ChkGkaPzubzegxjQ&oe=6978A86F&_nc_sid=22de04,None,5/22/2021 5:27,https://www.instagram.com/p/CPK5FUIB1xr,CPK5FUIB1xr
,,,,,
"Chal do Vale das Luas.

Vdeo do tiktok.",https://scontent-ord5-3.cdninstagram.com/v/t51.71878-15/496045802_1217603919209175_7938229499410467871_n.jpg?stp=dst-jpg_e15_tt6&_nc_cat=100&ig_cache_key=MjU3ODQyMDIzMzMyNTE2ODYwNg%3D%3D.3-ccb7-5&ccb=7-5&_nc_sid=58cdad&efg=eyJ2ZW5jb2RlX3RhZyI6InhwaWRzLjEyNDJ4MjIwOC5zZHIuQzMifQ%3D%3D&_nc_ohc=yMXU-CFm7xkQ7kNvwHEoQo5&_nc_oc=AdlS22UyQh60Q3LgU-I4xqsksORA0iQ4way2iFsKPfH2lQxst2xHudMdiVeKaI3appI&_nc_ad=z-m&_nc_cid=0&_nc_zt=23&_nc_ht=scontent-ord5-3.cdninstagram.com&_nc_gid=1ZUy1UgfM6XxBAkmyLRj_Q&oh=00_AfoaW-hXz6tv3ty_ZvIl3l4TcNlTf8iQMFxxn7F9AbDgLg&oe=6978BF88,https://scontent-ord5-3.cdninstagram.com/o1/v/t2/f2/m86/AQPr3tCIQaAXvVNgsIP2XWZWPzPJlMWCcO-8bzDDPik3VfnGdMdM8q5bMfqY9TEdajrqL5GFrmJ7Dk4KpAxC6YiCl2iih3ltBDlWItU.mp4?_nc_cat=100&_nc_sid=5e9851&_nc_ht=scontent-ord5-3.cdninstagram.com&_nc_ohc=kaYIxntk17oQ7kNvwGSEUl2&efg=eyJ2ZW5jb2RlX3RhZyI6Inhwdl9wcm9ncmVzc2l2ZS5JTlNUQUdSQU0uQ0xJUFMuQzMuNTc2LmRhc2hfYmFzZWxpbmVfMV92MSIsInhwdl9hc3NldF9pZCI6NDA0NjQyMzMwNTA1MzQyLCJhc3NldF9hZ2VfZGF5cyI6MTcwNywidmlfdXNlY2FzZV9pZCI6MTAwOTksImR1cmF0aW9uX3MiOjMwLCJ1cmxnZW5fc291cmNlIjoid3d3In0%3D&ccb=17-1&_nc_gid=1ZUy1UgfM6XxBAkmyLRj_Q&_nc_zt=28&vs=98686808c6c425cc&_nc_vs=HBksFQIYUmlnX3hwdl9yZWVsc19wZXJtYW5lbnRfc3JfcHJvZC9GRDQ0RTZENDA4RTUwMjBEQzY0Q0YyMzI3NUNDNkNBOV92aWRlb19kYXNoaW5pdC5tcDQVAALIARIAFQIYOnBhc3N0aHJvdWdoX2V2ZXJzdG9yZS9HRmZUVGd1c3J6S3RwWFVBQUxMWHduNE9TSjU5YnFfRUFBQUYVAgLIARIAKAAYABsCiAd1c2Vfb2lsATEScHJvZ3Jlc3NpdmVfcmVjaXBlATEVAAAm_MH3paSBuAEVAigCQzMsF0A-AAAAAAAAGBJkYXNoX2Jhc2VsaW5lXzFfdjERAHX-B2XmnQEA&oh=00_AfoBh_cdXFF-GF2_YDlhIAUTrqtjiEMlSm3LphTR3YK_CQ&oe=6974AA35,5/21/2021 6:08,https://www.instagram.com/p/CPIY4qJBsfe,CPIY4qJBsfe
,,,,,
#Repost @mega_trilha_vicosa with @make_repost,https://scontent-ord5-2.cdninstagram.com/v/t51.29350-15/158110356_228901508943701_7662735150049210697_n.jpg?stp=dst-jpg_e35_tt6&efg=eyJ2ZW5jb2RlX3RhZyI6IkZFRUQuaW1hZ2VfdXJsZ2VuLjE0NDB4MTQ0MC5zZHIuZjI5MzUwLmRlZmF1bHRfaW1hZ2UuYzIifQ&_nc_ht=scontent-ord5-2.cdninstagram.com&_nc_cat=105&_nc_oc=Q6cZ2QE2Qu3bnDK1M9KoxF9Il6PWLcBTVeBc09uKj_gQRNluz8Dfk-9V9uG545ysBdICMEc&_nc_ohc=zLcycV8QVZAQ7kNvwEOqtv4&_nc_gid=1ZUy1UgfM6XxBAkmyLRj_Q&edm=APoiHPcBAAAA&ccb=7-5&ig_cache_key=MjUyNTE3MTg4MjY4MTI1MDU3Mw%3D%3D.3-ccb7-5&oh=00_AfqABaAZvWzHY95QmtJCNlfaphYi91bArj-YJXJIxSSpHA&oe=6978AB47&_nc_sid=22de04,None,3/8/2021 17:52,https://www.instagram.com/p/CMLNnLIBTMN,CMLNnLIBTMN
,,,,,
"#Repost @edivaldo_botelho_ with @make_repost

Contemple a beleza q existe no mundo! ",https://scontent-ord5-1.cdninstagram.com/v/t51.29350-15/157618061_335960804526145_8205095697592096662_n.jpg?stp=dst-jpg_e35_tt6&efg=eyJ2ZW5jb2RlX3RhZyI6IkZFRUQuaW1hZ2VfdXJsZ2VuLjE0NDB4MTA2OC5zZHIuZjI5MzUwLmRlZmF1bHRfaW1hZ2UuYzIifQ&_nc_ht=scontent-ord5-1.cdninstagram.com&_nc_cat=101&_nc_oc=Q6cZ2QE2Qu3bnDK1M9KoxF9Il6PWLcBTVeBc09uKj_gQRNluz8Dfk-9V9uG545ysBdICMEc&_nc_ohc=JUKcqQfQ6woQ7kNvwEYgqW7&_nc_gid=1ZUy1UgfM6XxBAkmyLRj_Q&edm=APoiHPcBAAAA&ccb=7-5&ig_cache_key=MjUyNDg2OTE5MDMzOTU1NDgzNw%3D%3D.3-ccb7-5&oh=00_AfpqY4nwrFtAZKiqZ28fLl-8Qd_SnrGciifeYNtSw66ZEw&oe=69789552&_nc_sid=22de04,None,3/8/2021 7:51,https://www.instagram.com/p/CMKIya6hG4V,CMKIya6hG4V
,,,,,
"#Repost @wendelmaia with @make_repost

Vale cada dificuldade pra chegar!!
#picodobone",https://scontent-ord5-1.cdninstagram.com/v/t51.29350-15/157858335_775097836442665_8747978115037892853_n.jpg?stp=dst-jpg_e35_tt6&efg=eyJ2ZW5jb2RlX3RhZyI6IkZFRUQuaW1hZ2VfdXJsZ2VuLjE0NDB4MTQ0MC5zZHIuZjI5MzUwLmRlZmF1bHRfaW1hZ2UuYzIifQ&_nc_ht=scontent-ord5-1.cdninstagram.com&_nc_cat=101&_nc_oc=Q6cZ2QE2Qu3bnDK1M9KoxF9Il6PWLcBTVeBc09uKj_gQRNluz8Dfk-9V9uG545ysBdICMEc&_nc_ohc=i0FvSoxxALQQ7kNvwGCoXaG&_nc_gid=1ZUy1UgfM6XxBAkmyLRj_Q&edm=APoiHPcBAAAA&ccb=7-5&ig_cache_key=MjUyNDQ2MTY5ODY5MDQ1MjkzMA%3D%3D.3-ccb7-5&oh=00_AfrHNmryN9-fgRBvZv2truhRPakDn_3moTrjkY6qeOeTLQ&oe=69789ACE&_nc_sid=22de04,None,3/7/2021 18:21,https://www.instagram.com/p/CMIsIovhg3C,CMIsIovhg3C
,,,,,
"#Repost @khathellyn_arianne with @make_repost

A natureza tem respostas que o ser humano ainda nem aprendeu a perguntar

#minasgerais #picodobone #natureza #trilha #paz #goodvibes #adventure #photography#paraiso",https://scontent-ord5-3.cdninstagram.com/v/t51.29350-15/156494910_2793753564224013_4673260355905558399_n.jpg?stp=dst-jpg_e35_tt6&efg=eyJ2ZW5jb2RlX3RhZyI6IkZFRUQuaW1hZ2VfdXJsZ2VuLjE0NDB4MTQ0MC5zZHIuZjI5MzUwLmRlZmF1bHRfaW1hZ2UuYzIifQ&_nc_ht=scontent-ord5-3.cdninstagram.com&_nc_cat=109&_nc_oc=Q6cZ2QE2Qu3bnDK1M9KoxF9Il6PWLcBTVeBc09uKj_gQRNluz8Dfk-9V9uG545ysBdICMEc&_nc_ohc=GW7R4hvXjowQ7kNvwEjtVHO&_nc_gid=1ZUy1UgfM6XxBAkmyLRj_Q&edm=APoiHPcBAAAA&ccb=7-5&ig_cache_key=MjUyMjc4MTY1Mjc1ODEzMjU5Mw%3D%3D.3-ccb7-5&oh=00_AfoBhlgw8EqfR2giAOt3ac0O_fWyYD2vPVOG_abwutCuaw&oe=6978C76C&_nc_sid=22de04,None,3/5/2021 10:43,https://www.instagram.com/p/CMCuIwChXdx,CMCuIwChXdx
,,,,,
"#Repost @felipe_neres03 with @make_repost

Perto de toda positividade .
.
.
.
.
#picodobone #montanha #camping #acampar #blessed #jahbless #natureza #sol #nascerdosol #explorartistas #tbt",https://scontent-ord5-1.cdninstagram.com/v/t51.29350-15/156282894_985734011831521_627646834936132388_n.jpg?stp=dst-jpg_e35_tt6&efg=eyJ2ZW5jb2RlX3RhZyI6IkZFRUQuaW1hZ2VfdXJsZ2VuLjE0NDB4MTQ0MC5zZHIuZjI5MzUwLmRlZmF1bHRfaW1hZ2UuYzIifQ&_nc_ht=scontent-ord5-1.cdninstagram.com&_nc_cat=101&_nc_oc=Q6cZ2QE2Qu3bnDK1M9KoxF9Il6PWLcBTVeBc09uKj_gQRNluz8Dfk-9V9uG545ysBdICMEc&_nc_ohc=sUNXtUPNFKoQ7kNvwHGOl35&_nc_gid=1ZUy1UgfM6XxBAkmyLRj_Q&edm=APoiHPcBAAAA&ccb=7-5&ig_cache_key=MjUyMjMwODU4NTA5NTM5ODE2Mg%3D%3D.3-ccb7-5&oh=00_Afp_tV9k9xDR5W5a_pCfn4Obb2ht8BPLrMEI8bd60TB4hw&oe=697892FA&_nc_sid=22de04,None,3/4/2021 19:03,https://www.instagram.com/p/CMBCktch4MS,CMBCktch4MS
,,,,,
"#Repost @eu_dianafatima with @make_repost

Que todos os dias sejam ensolarados dentro de ns!",https://scontent-ord5-2.cdninstagram.com/v/t51.29350-15/155799498_287321576148818_7983373019671976206_n.jpg?stp=dst-jpg_e35_tt6&efg=eyJ2ZW5jb2RlX3RhZyI6IkZFRUQuaW1hZ2VfdXJsZ2VuLjE0NDB4MTgwMC5zZHIuZjI5MzUwLmRlZmF1bHRfaW1hZ2UuYzIifQ&_nc_ht=scontent-ord5-2.cdninstagram.com&_nc_cat=102&_nc_oc=Q6cZ2QE2Qu3bnDK1M9KoxF9Il6PWLcBTVeBc09uKj_gQRNluz8Dfk-9V9uG545ysBdICMEc&_nc_ohc=d28cEijtQjwQ7kNvwFUDqbC&_nc_gid=1ZUy1UgfM6XxBAkmyLRj_Q&edm=APoiHPcBAAAA&ccb=7-5&ig_cache_key=MjUyMTE3MDMyMTA3NjU1NjI2OQ%3D%3D.3-ccb7-5&oh=00_AfouIlXlV6GUKmqqiHoCwb8VKznuYUeQid-dCr9qMFjgpA&oe=6978ABA6&_nc_sid=22de04,None,3/3/2021 5:22,https://www.instagram.com/p/CL8_wyeBpHt,CL8_wyeBpHt
,,,,,
"#Repost @leilianetbm with @make_repost

Olhe para cima, que  de l que vem tua fora!",https://scontent-ord5-1.cdninstagram.com/v/t51.29350-15/150731689_422602515659240_5587549852988668559_n.jpg?stp=dst-jpg_e35_tt6&efg=eyJ2ZW5jb2RlX3RhZyI6IkZFRUQuaW1hZ2VfdXJsZ2VuLjE0NDB4MTgwMC5zZHIuZjI5MzUwLmRlZmF1bHRfaW1hZ2UuYzIifQ&_nc_ht=scontent-ord5-1.cdninstagram.com&_nc_cat=108&_nc_oc=Q6cZ2QETA0LvnZxKHposG6uTxW7s2RCkpne0RF5mdXM67OXCEC1gE4US5-BeS1R3FZgrSQA&_nc_ohc=dXcQhCcy76UQ7kNvwFqfoaM&_nc_gid=NFkHsdiaPSboFRWtQUfiXA&edm=APoiHPcBAAAA&ccb=7-5&ig_cache_key=MjUxMTc2NTk5MzAzOTU4NDc5NQ%3D%3D.3-ccb7-5&oh=00_Afp4xNQ8gq4gjEMKYpDt5J92D5V1jMFgz3FIlP7im4znow&oe=6978C68A&_nc_sid=22de04,None,2/18/2021 5:57,https://www.instagram.com/p/CLbldzeB94b,CLbldzeB94b
,,,,,
"#Repost @rcasanoova with @make_repost

#momentooff #cachoeirasdeminas #picodobone #mg #serradobrigadeiro",https://scontent-ord5-3.cdninstagram.com/v/t51.29350-15/150065099_220422399791076_4133086938251225372_n.jpg?stp=dst-jpg_e35_tt6&efg=eyJ2ZW5jb2RlX3RhZyI6IkZFRUQuaW1hZ2VfdXJsZ2VuLjE0NDB4MTQ0MC5zZHIuZjI5MzUwLmRlZmF1bHRfaW1hZ2UuYzIifQ&_nc_ht=scontent-ord5-3.cdninstagram.com&_nc_cat=100&_nc_oc=Q6cZ2QETA0LvnZxKHposG6uTxW7s2RCkpne0RF5mdXM67OXCEC1gE4US5-BeS1R3FZgrSQA&_nc_ohc=ic-l-vtAgVoQ7kNvwGsZnhu&_nc_gid=NFkHsdiaPSboFRWtQUfiXA&edm=APoiHPcBAAAA&ccb=7-5&ig_cache_key=MjUwOTk3MjE4NzAwNDc2Mjc5MA%3D%3D.3-ccb7-5&oh=00_Afpj-emCFiflKqc6r3SV219h3_wnD9CIAjXJKf7EkL1ZFA&oe=6978B360&_nc_sid=22de04,None,2/15/2021 18:33,https://www.instagram.com/p/CLVNmfah3qm,CLVNmfah3qm
,,,,,
"#Repost @camila_belo with @make_repost

P.A.Z 

Refgio dos Galdinos
Bom Jesus do Madeira/MG

@geartipsoutdoor

 Siga o perfil @mulheresnatrilha e a tag #MulheresNaTrilha. Fortaleca essa rede! 

#carnaval2021 #cachoeira #camping #SerraDoBrigadeiro #RefugioDosGaldinos #MulheresNaTrilha #CaNaTrilha #EliteDasSerras",https://scontent-ord5-2.cdninstagram.com/v/t51.29350-15/149682941_867581527368485_6950376420613308943_n.jpg?stp=dst-jpg_e35_tt6&efg=eyJ2ZW5jb2RlX3RhZyI6IkZFRUQuaW1hZ2VfdXJsZ2VuLjE0NDB4MTQ0MC5zZHIuZjI5MzUwLmRlZmF1bHRfaW1hZ2UuYzIifQ&_nc_ht=scontent-ord5-2.cdninstagram.com&_nc_cat=105&_nc_oc=Q6cZ2QETA0LvnZxKHposG6uTxW7s2RCkpne0RF5mdXM67OXCEC1gE4US5-BeS1R3FZgrSQA&_nc_ohc=wMUDJHdkQ50Q7kNvwHlLK92&_nc_gid=NFkHsdiaPSboFRWtQUfiXA&edm=APoiHPcBAAAA&ccb=7-5&ig_cache_key=MjUwOTcwODkxMDczNTQ2NDEwOA%3D%3D.3-ccb7-5&oh=00_AfoqtiprFCiWuHKCIbNOc2H8-vCSIAZnUFJX_9ajlHRaTw&oe=6978C5F9&_nc_sid=22de04,None,2/15/2021 9:50,https://www.instagram.com/p/CLURvUSBRas,CLURvUSBRas
,,,,,
"#Repost @camila_belo with @make_repost

Domingo de carnaval curtindo bloquinho da cachu

Poo das Borboletas - Refgio dos Galdinos
Bom Jesus do Madeira/MG

@geartipsoutdoor
@vitt.oficial

 Siga o perfil @mulheresnatrilha e a tag #MulheresNaTrilha. Fortaleca essa rede! 

#carnaval2021 #cachoeira #poodasborboletas #SerraDoBrigadeiro #RefugioDosGaldinos #MulheresNaTrilha #CaNaTrilha #EliteDasSerras",https://scontent-ord5-2.cdninstagram.com/v/t51.29350-15/149836107_761459044485077_3739392810242496359_n.jpg?stp=dst-jpg_e35_tt6&efg=eyJ2ZW5jb2RlX3RhZyI6IkZFRUQuaW1hZ2VfdXJsZ2VuLjE0NDB4MTQ0MC5zZHIuZjI5MzUwLmRlZmF1bHRfaW1hZ2UuYzIifQ&_nc_ht=scontent-ord5-2.cdninstagram.com&_nc_cat=105&_nc_oc=Q6cZ2QETA0LvnZxKHposG6uTxW7s2RCkpne0RF5mdXM67OXCEC1gE4US5-BeS1R3FZgrSQA&_nc_ohc=n46xc-taR5sQ7kNvwEKheCy&_nc_gid=NFkHsdiaPSboFRWtQUfiXA&edm=APoiHPcBAAAA&ccb=7-5&ig_cache_key=MjUwOTEyMzQxODgxMzk2NTQ5MA%3D%3D.3-ccb7-5&oh=00_AfqAP5tiMw03Ffs6D6r7KYS88DGz2z1XzHAXJx3MQbCeHQ&oe=6978BF08&_nc_sid=22de04,None,2/14/2021 14:27,https://www.instagram.com/p/CLSMnScBSSy,CLSMnScBSSy
,,,,,
"#Repost @giselecaires19 with @make_repost

Ser que estou virando f do ecoturismo?! rsrsrs  

#tbt #natureza #paznaalma #cachoeira #vidaleve #vidaaoarlivre #viajareviver #ecotur #ecoturismo #amoviajar

@picodobone.oficial",https://scontent-ord5-1.cdninstagram.com/v/t51.29350-15/148553440_1404912553234340_1251880850295619120_n.jpg?stp=dst-jpg_e35_tt6&efg=eyJ2ZW5jb2RlX3RhZyI6IkZFRUQuaW1hZ2VfdXJsZ2VuLjE0NDB4MTUwNC5zZHIuZjI5MzUwLmRlZmF1bHRfaW1hZ2UuYzIifQ&_nc_ht=scontent-ord5-1.cdninstagram.com&_nc_cat=108&_nc_oc=Q6cZ2QETA0LvnZxKHposG6uTxW7s2RCkpne0RF5mdXM67OXCEC1gE4US5-BeS1R3FZgrSQA&_nc_ohc=4x9_QvQwCp4Q7kNvwFkgTH3&_nc_gid=NFkHsdiaPSboFRWtQUfiXA&edm=APoiHPcBAAAA&ccb=7-5&ig_cache_key=MjUwNzA1MjI4Mjk0OTI5ODQzOA%3D%3D.3-ccb7-5&oh=00_AfqiqA2OPp0IQlYB3g4A9K2QPXzTDcoF1R6be_JRzzqZrw&oe=6978C767&_nc_sid=22de04,None,2/11/2021 17:52,https://www.instagram.com/p/CLK1sS2hmkG,CLK1sS2hmkG
,,,,,
"#Repost @alflaviapriscila with @make_repost

A natureza encarregada de curar at a alma.
#tbt",https://scontent-ord5-3.cdninstagram.com/v/t51.29350-15/148267689_262127455427058_2358079406835882985_n.jpg?stp=dst-jpg_e35_tt6&efg=eyJ2ZW5jb2RlX3RhZyI6IkZFRUQuaW1hZ2VfdXJsZ2VuLjE0NDB4MTgwMC5zZHIuZjI5MzUwLmRlZmF1bHRfaW1hZ2UuYzIifQ&_nc_ht=scontent-ord5-3.cdninstagram.com&_nc_cat=106&_nc_oc=Q6cZ2QETA0LvnZxKHposG6uTxW7s2RCkpne0RF5mdXM67OXCEC1gE4US5-BeS1R3FZgrSQA&_nc_ohc=hHhY5egq-XoQ7kNvwEneA5F&_nc_gid=NFkHsdiaPSboFRWtQUfiXA&edm=APoiHPcBAAAA&ccb=7-5&ig_cache_key=MjUwNjc3MTMxMTQ5ODczNTc0NA%3D%3D.3-ccb7-5&oh=00_AfqWaX6pDXAzIhkzyHS7kppdCGJtkb52BEJyMEdwVLN_dA&oe=6978956B&_nc_sid=22de04,None,2/11/2021 8:34,https://www.instagram.com/p/CLJ1znzBbCA,CLJ1znzBbCA
,,,,,
#Repost @daysefreitasj with @make_repost,https://scontent-ord5-2.cdninstagram.com/v/t51.29350-15/146748349_2843216779283534_3444581981094151135_n.jpg?stp=dst-jpg_e35_tt6&efg=eyJ2ZW5jb2RlX3RhZyI6IkZFRUQuaW1hZ2VfdXJsZ2VuLjE0NDB4MTQ0MC5zZHIuZjI5MzUwLmRlZmF1bHRfaW1hZ2UuYzIifQ&_nc_ht=scontent-ord5-2.cdninstagram.com&_nc_cat=102&_nc_oc=Q6cZ2QETA0LvnZxKHposG6uTxW7s2RCkpne0RF5mdXM67OXCEC1gE4US5-BeS1R3FZgrSQA&_nc_ohc=VlcqlRwzjEYQ7kNvwFtwuhE&_nc_gid=NFkHsdiaPSboFRWtQUfiXA&edm=APoiHPcBAAAA&ccb=7-5&ig_cache_key=MjUwNDg4NTc1Mzg1NjEwMjM4NQ%3D%3D.3-ccb7-5&oh=00_Afr3bSxvBETJVsOpU9XlLYlb6i3rJ4J3KAj9usCg7g6KlQ&oe=6978C08E&_nc_sid=22de04,None,2/8/2021 18:07,https://www.instagram.com/p/CLDJFJZh4_x,CLDJFJZh4_x
,,,,,
"#Repost @bheringsamuel with @make_repost

",https://scontent-ord5-1.cdninstagram.com/v/t51.29350-15/147288270_457379088620075_5963624622184527149_n.jpg?stp=dst-jpg_e35_tt6&efg=eyJ2ZW5jb2RlX3RhZyI6IkZFRUQuaW1hZ2VfdXJsZ2VuLjE0NDB4MTgwMC5zZHIuZjI5MzUwLmRlZmF1bHRfaW1hZ2UuYzIifQ&_nc_ht=scontent-ord5-1.cdninstagram.com&_nc_cat=111&_nc_oc=Q6cZ2QETA0LvnZxKHposG6uTxW7s2RCkpne0RF5mdXM67OXCEC1gE4US5-BeS1R3FZgrSQA&_nc_ohc=zctqC2p2rpoQ7kNvwHUtdlm&_nc_gid=NFkHsdiaPSboFRWtQUfiXA&edm=APoiHPcBAAAA&ccb=7-5&ig_cache_key=MjUwMzA4Mjg5Mjc1NDk4NzcxNA%3D%3D.3-ccb7-5&oh=00_Afr4j7IuOGaqA4ERp9mui60KGeqq8EojxDAk6E0Btm6vkA&oe=6978998C&_nc_sid=22de04,None,2/6/2021 6:25,https://www.instagram.com/p/CK8vKEKBKrC,CK8vKEKBKrC
,,,,,
"#Repost @daysefreitasj with @make_repost

A escalada pode  exigir que voc ultrapasse seu limite. Muitas vezes, pra alcanamos algo precisamos passar por muitos aprendizados e superaes. 
Nunca desista sem antes alcanar seus objetivos.Caia , levante , no deixe que ningum te fale que voc no  capaz! F,  Fora,  Foco , sucesso!!!#picodobon #familia #aventuras #superaes",https://scontent-ord5-3.cdninstagram.com/v/t51.29350-15/145755539_2899984083624706_4113423121068559995_n.jpg?stp=dst-jpg_e35_tt6&efg=eyJ2ZW5jb2RlX3RhZyI6IkZFRUQuaW1hZ2VfdXJsZ2VuLjE0NDB4MTQ0MC5zZHIuZjI5MzUwLmRlZmF1bHRfaW1hZ2UuYzIifQ&_nc_ht=scontent-ord5-3.cdninstagram.com&_nc_cat=110&_nc_oc=Q6cZ2QETA0LvnZxKHposG6uTxW7s2RCkpne0RF5mdXM67OXCEC1gE4US5-BeS1R3FZgrSQA&_nc_ohc=_UfTKYcEnncQ7kNvwFkJ4vx&_nc_gid=NFkHsdiaPSboFRWtQUfiXA&edm=APoiHPcBAAAA&ccb=7-5&ig_cache_key=MjUwMjQ3MTY5NzExNTMxMzk1NQ%3D%3D.3-ccb7-5&oh=00_Afr47skT0zsvy1m1AAkggIs89f0pyJDKFYnWkgXgwWi0LA&oe=6978A337&_nc_sid=22de04,None,2/5/2021 10:11,https://www.instagram.com/p/CK6kL_3Bvcj,CK6kL_3Bvcj
,,,,,
#Repost @dannicarneiro9 with @make_repost,https://scontent-ord5-1.cdninstagram.com/v/t51.29350-15/146730796_464704167994895_4061525445956590825_n.jpg?stp=dst-jpg_e35_tt6&efg=eyJ2ZW5jb2RlX3RhZyI6IkZFRUQuaW1hZ2VfdXJsZ2VuLjE0NDB4MTc5NS5zZHIuZjI5MzUwLmRlZmF1bHRfaW1hZ2UuYzIifQ&_nc_ht=scontent-ord5-1.cdninstagram.com&_nc_cat=111&_nc_oc=Q6cZ2QETA0LvnZxKHposG6uTxW7s2RCkpne0RF5mdXM67OXCEC1gE4US5-BeS1R3FZgrSQA&_nc_ohc=ZVKQXGRslvMQ7kNvwFCzBRm&_nc_gid=NFkHsdiaPSboFRWtQUfiXA&edm=APoiHPcBAAAA&ccb=7-5&ig_cache_key=MjUwMTc0NTc3MzczODYxNzc1Nw%3D%3D.3-ccb7-5&oh=00_AfocktI-48W_lTOkHnWZYxPhxbqasWxbXiadrr29Q622dw&oe=6978BC9B&_nc_sid=22de04,None,2/4/2021 10:09,https://www.instagram.com/p/CK3_IbCBmud,CK3_IbCBmud
